,time,498,543,565,901,924,946,610,588,902,969,521,947,566,880,925,544,611
0,0,69.11653361733944,69.92854732819708,91.9505928566719,78.95176459885415,72.28595205486373,87.27615773062948,0.0,0.0,0.0,0.0,0.0,0.0,0.0,0.0,0.0,0.0,0.0
1,1,69.10319289732256,70.36729328208249,91.70276507804479,78.97363707431751,72.74181507856818,87.03326925838556,0.0,0.0,0.0,0.0,0.0,0.0,0.0,0.0,0.0,0.0,0.0
2,2,69.084509353179,70.80867937387426,91.44461817767295,78.98762990884558,73.20009086793098,86.78180903386799,0.0,0.0,0.0,0.0,0.0,0.0,0.0,0.0,0.0,0.0,0.0
3,3,69.06049165419654,71.252643331372,91.1764224402582,78.99373471964944,73.66069989885884,86.52201365828643,0.0,0.0,0.0,0.0,0.0,0.0,0.0,0.0,0.0,0.0,0.0
4,4,69.03116176464358,71.69913089246678,90.89847982621865,78.99194784807982,74.12354592555924,86.25414706018422,0.0,0.0,0.0,0.0,0.0,0.0,0.0,0.0,0.0,0.0,0.0
5,5,68.9965332378254,72.14805502371416,90.61107594783562,78.9822632762453,74.58854036922514,85.97844891556262,0.0,0.0,0.0,0.0,0.0,0.0,0.0,0.0,0.0,0.0,0.0
6,6,68.95663826358408,72.5993538657506,90.3145172273402,78.96470098400786,75.05558377721319,85.69518514785584,0.0,0.0,0.0,0.0,0.0,0.0,0.0,0.0,0.0,0.0,0.0
7,7,68.91150056202027,73.0529439589283,90.00910217045698,78.93927148022796,75.5245653089238,85.40460528805906,0.0,0.0,0.0,0.0,0.0,0.0,0.0,0.0,0.0,0.0,0.0
8,8,68.8611515822532,73.50873129192347,89.69514861364935,78.90598996889669,75.99537533597729,85.1069755998301,0.0,0.0,0.0,0.0,0.0,0.0,0.0,0.0,0.0,0.0,0.0
9,9,68.80562504749933,73.96664188503988,89.37294721511866,78.86490459766263,76.46788579069401,84.80255363616968,0.0,0.0,0.0,0.0,0.0,0.0,0.0,0.0,0.0,0.0,0.0
10,10,68.74496228323268,74.42656026826039,89.04283405532232,78.81603272155076,76.9419828595995,84.49160441491675,0.0,0.0,0.0,0.0,0.0,0.0,0.0,0.0,0.0,0.0,0.0
11,11,68.67920140136789,74.88839714065888,88.70510803324547,78.75943155380277,77.41752042942795,84.17438368807576,0.0,0.0,0.0,0.0,0.0,0.0,0.0,0.0,0.0,0.0,0.0
12,12,68.60838265015627,75.35203313913915,88.36008501846726,78.69514154975595,77.89436656433884,83.85116989056947,0.0,0.0,0.0,0.0,0.0,0.0,0.0,0.0,0.0,0.0,0.0
13,13,68.53256437719358,75.81736286534492,88.0080791416652,78.62322161866987,78.3723697497971,83.52220741601272,0.0,0.0,0.0,0.0,0.0,0.0,0.0,0.0,0.0,0.0,0.0
14,14,68.45179084275277,76.28425629048213,87.64940239043824,78.54374891277155,78.851372063156,83.18776262636624,0.0,0.0,0.0,0.0,0.0,0.0,0.0,0.0,0.0,0.0,0.0
15,15,68.36611358998698,76.75259090145133,87.28437288360193,78.45676960670335,79.33121621155038,82.84809143416636,0.0,0.0,0.0,0.0,0.0,0.0,0.0,0.0,0.0,0.0,0.0
16,16,68.27559661815452,77.22222529356073,86.91328838994517,78.36238292170226,79.81172414274725,82.50344709714904,67.12530028083548,0.0,0.0,0.0,0.0,0.0,0.0,0.0,0.0,0.0,0.0
17,17,68.18028976003328,77.69301881433566,86.53646076102524,78.26064994046854,80.29272537871478,82.15409531630168,67.28140462776793,0.0,0.0,0.0,0.0,0.0,0.0,0.0,0.0,0.0,0.0
18,18,68.08026570489882,78.16482492278337,86.15419800036106,78.15167730817204,80.77402072514509,81.80027533229038,67.43370978968116,0.0,0.0,0.0,0.0,0.0,0.0,0.0,0.0,0.0,0.0
19,19,67.975577610884,78.63748405803732,85.76679559950065,78.03554040010772,81.2554258772308,81.44223838809522,67.58213321928336,0.0,0.0,0.0,0.0,0.0,0.0,0.0,0.0,0.0,0.0
20,20,67.8663012272001,79.11083022770883,85.37456148520691,77.91234577782373,81.73672711654933,81.08023193000344,67.7265929775681,0.0,0.0,0.0,0.0,0.0,0.0,0.0,0.0,0.0,0.0
21,21,67.75250318552251,79.58469090798265,84.97777396665337,77.78220311372766,82.21771062916169,80.71449942426715,67.86699210945959,0.0,0.0,0.0,0.0,0.0,0.0,0.0,0.0,0.0,0.0
22,22,67.63425668952756,80.05888695039233,84.57673142264886,77.64521132423644,82.69817066007988,80.34527285391614,68.00326044723272,0.0,0.0,0.0,0.0,0.0,0.0,0.0,0.0,0.0,0.0
23,23,67.51163616751785,80.53323249596465,84.17171067237032,77.50148595888847,83.17785533272608,79.97278017372996,68.13530773969866,0.0,0.0,0.0,0.0,0.0,0.0,0.0,0.0,0.0,0.0
24,24,67.38471203219886,81.00751998331245,83.76299147340339,77.35114519249447,83.65654387628871,79.59725957489457,68.2630498006874,0.0,0.0,0.0,0.0,0.0,0.0,0.0,0.0,0.0,0.0
25,25,0.0,81.48155692736752,83.35084806172812,77.194309656552,84.13397647384562,79.21893728695845,68.38641932749417,0.0,0.0,0.0,0.0,0.0,0.0,0.0,0.0,0.0,0.0
26,26,0.0,81.9551290080831,82.9355489942227,77.03110901337504,84.60990937797968,78.83801368341233,68.50532893612159,0.0,0.0,0.0,0.0,0.0,0.0,0.0,0.0,0.0,0.0
27,27,0.0,82.42800686363026,82.51734927268457,76.86166149932122,85.08405869910536,78.45472716477097,68.61971367956606,0.0,0.0,0.0,0.0,0.0,0.0,0.0,0.0,0.0,0.0
28,28,0.0,82.89996903497747,82.09651359429638,76.68611414902378,85.5561651432322,78.06926891057263,68.7294939111526,0.0,0.0,0.0,0.0,0.0,0.0,0.0,0.0,0.0,0.0
29,29,0.0,83.37077123079322,81.67327756162202,76.50459544848081,86.02594542514022,77.68185343958916,68.83459664373457,0.0,0.0,0.0,0.0,0.0,0.0,0.0,0.0,0.0,0.0
30,30,0.0,83.8401693876295,81.24788628545836,76.31724210300833,86.49309141346716,77.2926696598253,68.93496651758174,0.0,0.0,0.0,0.0,0.0,0.0,0.0,0.0,0.0,0.0
31,31,0.0,84.30790396180085,80.82058610537993,76.124192121198,86.95732944555017,76.90192217228355,69.03052278697557,0.0,0.0,0.0,0.0,0.0,0.0,0.0,0.0,0.0,0.0
32,32,0.0,84.77371583233918,80.3915874223342,75.92559774583803,87.41832719269254,76.50979029709795,69.12121331607607,0.0,0.0,0.0,0.0,0.0,0.0,0.0,0.0,0.0,0.0
33,33,0.0,85.23733026995535,79.96113162083849,75.72159887188585,87.87578757426378,76.11646199267189,69.20697691263115,0.0,0.0,0.0,0.0,0.0,0.0,0.0,0.0,0.0,0.0
34,34,0.0,85.69847323300704,79.5294172084307,75.5123426640274,88.32937139298731,75.72211361070573,69.28775416893788,0.0,0.0,0.0,0.0,0.0,0.0,0.0,0.0,0.0,0.0
35,35,0.0,86.15684658109072,79.09665863356207,75.29797676903398,88.77875839072762,75.3269166784151,69.36348753309544,0.0,0.0,0.0,0.0,0.0,0.0,0.0,0.0,0.0,0.0
36,36,0.0,86.6121528464346,78.66305698584262,75.07865555627696,89.22359453067477,74.93103152016415,69.43413233609087,0.0,0.0,0.0,0.0,0.0,0.0,0.0,0.0,0.0,0.0
37,37,0.0,87.06409579583313,78.22881430364087,74.85452703167095,89.66355483186199,74.5346328559503,69.49964049731416,0.0,0.0,0.0,0.0,0.0,0.0,0.0,0.0,0.0,0.0
38,38,0.0,87.51235490476418,77.79410569973544,74.62573919762744,90.09827161823561,74.13785884303321,69.55996602628024,0.0,0.0,0.0,0.0,0.0,0.0,0.0,0.0,0.0,0.0
39,39,0.0,87.95661100379182,77.35911454757489,74.3924524799189,90.52738890720582,73.74087456677236,69.61506507980181,0.0,0.0,0.0,0.0,0.0,0.0,0.0,0.0,0.0,0.0
40,40,0.0,88.39654690943573,76.92402502513362,74.15480793651943,90.9505542144368,73.3438214998078,69.66490153222409,0.0,0.0,0.0,0.0,0.0,0.0,0.0,0.0,0.0,0.0
41,41,0.0,88.83182117346836,76.48898854090648,73.91297117209342,91.36738138800757,72.94683063014207,69.70944154182075,0.0,0.0,0.0,0.0,0.0,0.0,0.0,0.0,0.0,0.0
42,42,0.0,89.2620946080826,76.05418445801628,73.6670882154173,91.77751669855414,72.55004077229849,69.7486591216583,0.0,0.0,0.0,0.0,0.0,0.0,0.0,0.0,0.0,0.0
43,43,0.0,89.68701270905737,75.61975328883626,73.41730437521248,92.1805637071922,72.15358612342231,69.7825140720801,0.0,0.0,0.0,0.0,0.0,0.0,0.0,0.0,0.0,0.0
44,44,0.0,90.10624242736388,75.18585002302567,73.16378844757082,92.57615019554608,71.75758461360823,69.81099624734163,0.0,0.0,0.0,0.0,0.0,0.0,0.0,0.0,0.0,0.0
45,45,0.0,90.51940859555846,74.75261132957372,72.9066713415308,92.96390042721137,71.36215596750621,69.83407582298268,0.0,0.0,0.0,0.0,0.0,0.0,0.0,0.0,0.0,0.0
46,46,0.0,90.92616774514056,74.32017519967846,72.64611920716337,93.34342573766764,70.96741571429872,69.8517420587896,0.0,0.0,0.0,0.0,0.0,0.0,0.0,0.0,0.0,0.0
47,47,0.0,91.32614382103397,73.88867445313355,72.3822724957317,93.7143446204452,70.5734752480377,69.86398117991372,0.0,0.0,0.0,0.0,0.0,0.0,0.0,0.0,0.0,0.0
48,48,0.0,91.71896558516805,73.4582368220097,72.11527626911618,94.07626356448763,70.1804306973032,69.87078747632829,0.0,0.0,0.0,0.0,0.0,0.0,0.0,0.0,0.0,0.0
49,49,0.0,92.10427711330124,73.02896685671625,71.84528574911202,94.42880765388408,69.78839128796618,69.87215222347083,0.0,0.0,0.0,0.0,0.0,0.0,0.0,0.0,0.0,0.0
50,50,0.0,92.48169046441257,72.60098900697274,71.57244249499908,94.77159131086665,69.39744563774754,69.86807478361143,0.0,0.0,0.0,0.0,0.0,0.0,0.0,0.0,0.0,0.0
51,51,0.0,92.85084377149154,72.17439893693671,71.29688631103835,95.10423910934881,69.00768439774681,69.85855706197772,0.0,0.0,0.0,0.0,0.0,0.0,0.0,0.0,0.0,0.0
52,52,0.0,93.21136343968574,71.74931181810636,71.01875516550477,95.42637643601786,68.61920001085431,69.84360904785859,0.0,0.0,0.0,0.0,0.0,0.0,0.0,0.0,0.0,0.0
53,53,0.0,93.56286430375779,71.3258147819347,70.73820217412258,95.73763015422026,68.23207060840754,69.8232377130541,0.0,0.0,0.0,0.0,0.0,0.0,0.0,0.0,0.0,0.0
54,54,0.0,93.90497989846524,70.90399695499562,70.45534972274218,96.0376397702343,67.84637114432157,69.79745808761785,0.0,0.0,0.0,0.0,0.0,0.0,0.0,0.0,0.0,0.0
55,55,0.0,94.23734360349039,70.48395484829891,70.17034089469257,96.32604790973024,67.46218380455285,69.76629322408355,0.0,0.0,0.0,0.0,0.0,0.0,0.0,0.0,0.0,0.0
56,56,0.0,94.5595994111516,70.06575830657432,69.88330520397945,96.6025010167962,0.0,69.72975757023491,0.0,0.0,0.0,0.0,0.0,0.0,0.0,0.0,0.0,0.0
57,57,0.0,94.87136197974108,69.64949603445055,69.59437550910658,96.8666607299145,0.0,69.68787907632517,0.0,0.0,0.0,0.0,0.0,0.0,0.0,0.0,0.0,0.0
58,58,0.0,95.17228833872338,69.2352307877742,69.30368227789863,97.11819416663981,0.0,69.64069358965328,0.0,0.0,0.0,0.0,0.0,0.0,0.0,0.0,0.0,0.0
59,59,0.0,95.46203843562017,68.82303306704294,69.01134271997385,97.35678540285464,0.0,69.5882227626556,0.0,0.0,0.0,0.0,0.0,0.0,0.0,0.0,0.0,0.0
60,60,0.0,95.7402445314641,68.41296991741777,68.7174880384718,97.58213643668184,0.0,69.5305071025808,0.0,0.0,0.0,0.0,0.0,0.0,0.0,0.0,0.0,0.0
61,61,0.0,96.00659478027417,68.00509976425414,68.42223078709591,97.79394637691209,0.0,69.46758385980684,0.0,0.0,0.0,0.0,0.0,0.0,0.0,0.0,0.0,0.0
62,62,0.0,96.26075112264101,67.59947800912163,68.12570244953704,97.9919337048935,0.0,69.39949797349523,0.0,0.0,0.0,0.0,0.0,0.0,0.0,0.0,0.0,0.0
63,63,0.0,96.50240203251604,0.0,67.82800021550806,98.17582621093746,0.0,69.3263019656764,0.0,0.0,0.0,0.0,0.0,0.0,0.0,0.0,0.0,0.0
64,64,0.0,96.73123183266553,0.0,67.5292505250783,98.34540560439174,0.0,69.24803402470675,0.0,0.0,0.0,0.0,0.0,0.0,0.0,0.0,0.0,0.0
65,65,0.0,96.9469638414265,0.0,67.22956144934712,98.50040961619203,0.0,69.16475618676779,0.0,0.0,0.0,0.0,0.0,0.0,0.0,0.0,0.0,0.0
66,66,0.0,97.1493188342391,0.0,0.0,98.64064227612384,0.0,69.07651605683616,0.0,0.0,0.0,0.0,0.0,0.0,0.0,0.0,0.0,0.0
67,67,0.0,97.33802620605132,0.0,0.0,98.76590874680988,0.0,68.98337398779637,0.0,0.0,0.0,0.0,0.0,0.0,0.0,0.0,0.0,0.0
68,68,0.0,97.51284620938758,0.0,0.0,98.87602676574045,0.0,68.88539747774551,0.0,0.0,0.0,0.0,0.0,0.0,0.0,0.0,0.0,0.0
69,69,0.0,97.67352756602232,0.0,0.0,98.97084937345267,0.0,68.78264488810119,0.0,0.0,0.0,0.0,0.0,0.0,0.0,0.0,0.0,0.0
70,70,0.0,97.81986205620906,0.0,0.0,99.05024323588141,0.0,68.67518160878636,0.0,0.0,0.0,0.0,0.0,0.0,0.0,0.0,0.0,0.0
71,71,0.0,97.95166374796682,0.0,0.0,99.11410015209508,0.0,68.56307990341331,0.0,0.0,0.0,0.0,0.0,0.0,0.0,0.0,0.0,0.0
72,72,0.0,98.06873682340651,0.0,0.0,99.16231507495938,0.0,68.44640809584115,0.0,0.0,0.0,0.0,0.0,0.0,0.0,0.0,0.0,0.0
73,73,0.0,98.17091958708419,0.0,0.0,99.19483104753122,0.0,68.32524119198352,0.0,0.0,0.0,0.0,0.0,0.0,0.0,0.0,0.0,0.0
74,74,0.0,98.25808513303811,0.0,0.0,99.21159476888828,0.0,68.19965542124099,0.0,0.0,0.0,0.0,0.0,0.0,0.0,0.0,0.0,0.0
75,75,0.0,98.33009793789493,0.0,0.0,99.21257907270737,0.0,68.06973341958594,0.0,0.0,0.0,0.0,0.0,0.0,0.0,0.0,0.0,0.0
76,76,0.0,98.38685802016126,0.0,0.0,99.19779420177619,0.0,67.93554306553735,0.0,0.0,0.0,0.0,0.0,0.0,0.0,0.0,0.0,0.0
77,77,0.0,98.42829034869229,0.0,0.0,99.16726542659504,0.0,67.79717427541,0.0,0.0,0.0,0.0,0.0,0.0,0.0,0.0,0.0,0.0
78,78,0.0,98.45433408285425,0.0,0.0,99.12102181158085,0.0,67.65471248899841,0.0,0.0,0.0,0.0,0.0,0.0,0.0,0.0,0.0,0.0
79,79,0.0,98.46496476688587,0.0,0.0,99.05912963271689,0.0,67.50823351128658,0.0,0.0,0.0,0.0,0.0,0.0,0.0,0.0,0.0,0.0
80,80,0.0,98.46015037997786,0.0,0.0,98.98168096539533,0.0,67.35782943681048,0.0,0.0,0.0,0.0,0.0,0.0,0.0,0.0,0.0,0.0
81,81,0.0,98.43989545235648,0.0,0.0,98.88879337130437,0.0,67.2035825618922,0.0,0.0,0.0,0.0,0.0,0.0,0.0,0.0,0.0,0.0
82,82,0.0,98.40424104387219,0.0,0.0,98.78058732467709,0.0,0.0,67.10002096875655,0.0,0.0,0.0,0.0,0.0,0.0,0.0,0.0,0.0
83,83,0.0,98.35324260023172,0.0,0.0,98.65721919156464,0.0,0.0,67.43840727648153,0.0,0.0,0.0,0.0,0.0,0.0,0.0,0.0,0.0
84,84,0.0,98.28695882837478,0.0,0.0,98.51886955418755,0.0,0.0,67.7769819972783,0.0,0.0,0.0,0.0,0.0,0.0,0.0,0.0,0.0
85,85,0.0,98.20547352670586,0.0,0.0,98.36570962420163,0.0,0.0,68.1156569797688,0.0,0.0,0.0,0.0,0.0,0.0,0.0,0.0,0.0
86,86,0.0,98.10892811313566,0.0,0.0,98.19796687804896,0.0,0.0,68.45432544602077,0.0,0.0,0.0,0.0,0.0,0.0,0.0,0.0,0.0
87,87,0.0,97.99743358084739,0.0,0.0,98.01585829758261,0.0,0.0,68.79288806615374,0.0,0.0,0.0,0.0,0.0,0.0,0.0,0.0,0.0
88,88,0.0,97.87114685187446,0.0,0.0,97.81964458566046,0.0,0.0,69.13123716947806,0.0,0.0,0.0,0.0,0.0,0.0,0.0,0.0,0.0
89,89,0.0,97.73025915399357,0.0,0.0,97.60957478939902,0.0,0.0,69.46926742762881,0.0,0.0,0.0,0.0,0.0,0.0,0.0,0.0,0.0
90,90,0.0,97.57494115842965,0.0,0.0,97.38592926041031,0.0,0.0,69.8068539542251,0.0,0.0,0.0,0.0,0.0,0.0,0.0,0.0,0.0
91,91,0.0,97.40540772686106,0.0,0.0,97.14899708564049,0.0,0.0,70.14389621764185,0.0,0.0,0.0,0.0,0.0,0.0,0.0,0.0,0.0
92,92,0.0,97.22188464623387,0.0,0.0,96.89908609847173,0.0,0.0,70.48025727856826,0.0,0.0,0.0,0.0,0.0,0.0,0.0,0.0,0.0
93,93,0.0,97.02462948168342,0.0,0.0,96.63652192858385,0.0,0.0,70.81582485830195,0.0,0.0,0.0,0.0,0.0,0.0,0.0,0.0,0.0
94,94,0.0,96.81388795222675,0.0,0.0,96.36161535793906,0.0,0.0,71.15046666216585,0.0,0.0,0.0,0.0,0.0,0.0,0.0,0.0,0.0
95,95,0.0,96.58992560490263,0.0,0.0,96.07471468539133,0.0,0.0,71.48404699458727,0.0,0.0,0.0,0.0,0.0,0.0,0.0,0.0,0.0
96,96,0.0,96.35304807940454,0.0,0.0,95.77617282549178,0.0,0.0,71.81643262806604,67.45146445560766,0.0,0.0,0.0,0.0,0.0,0.0,0.0,0.0
97,97,0.0,96.103547203769,0.0,0.0,95.46634659404282,0.0,0.0,72.14748717270969,67.83652292184547,0.0,0.0,0.0,0.0,0.0,0.0,0.0,0.0
98,98,0.0,95.84173219119032,0.0,0.0,95.14558572055049,0.0,0.0,72.47706512690239,68.22315203831785,0.0,0.0,0.0,0.0,0.0,0.0,0.0,0.0
99,99,0.0,95.56792870632518,0.0,0.0,94.81427338381259,0.0,0.0,72.80502970238379,68.61129262349857,0.0,0.0,0.0,0.0,0.0,0.0,0.0,0.0
100,100,0.0,95.28245726527653,0.0,0.0,94.47277375177043,0.0,0.0,73.13121693253603,69.00086125620459,0.0,0.0,0.0,0.0,0.0,0.0,0.0,0.0
101,101,0.0,94.98567389367325,0.0,0.0,94.1214823833998,0.0,0.0,73.45547754991925,69.39178182088294,0.0,0.0,0.0,0.0,0.0,0.0,0.0,0.0
102,102,0.0,94.67791755920328,0.0,0.0,93.76075451836272,0.0,0.0,73.77766547177589,69.78396391471226,0.0,0.0,0.0,0.0,0.0,0.0,0.0,0.0
103,103,0.0,94.35954051621745,0.0,0.0,93.39099519779258,0.0,0.0,74.09760692516234,70.17733573499315,0.0,0.0,0.0,0.0,0.0,0.0,0.0,0.0
104,104,0.0,94.03090731811564,0.0,0.0,93.0125682175843,0.0,0.0,74.41515606718606,70.57178867085413,67.5475273613541,0.0,0.0,0.0,0.0,0.0,0.0,0.0
105,105,0.0,93.69238384193925,0.0,0.0,92.62588489297079,0.0,0.0,74.73013293046998,70.96723257389523,67.79782718749883,67.47141665439914,0.0,0.0,0.0,0.0,0.0,0.0
106,106,0.0,93.34433665059306,0.0,0.0,92.23130479312466,0.0,0.0,75.04236695905048,71.3635680226988,68.04582669918742,67.82038910561013,0.0,0.0,0.0,0.0,0.0,0.0
107,107,0.0,92.98714220291188,0.0,0.0,91.8292235233913,0.0,0.0,75.35170407878775,71.76068594082581,68.29140719488777,68.16971066373361,0.0,0.0,0.0,0.0,0.0,0.0
108,108,0.0,92.62115662984871,0.0,0.0,91.42001356548337,0.0,0.0,75.65795554149388,72.15847904357871,68.53444311364747,68.5192773925861,0.0,0.0,0.0,0.0,0.0,0.0
109,109,0.0,92.24676428750382,0.0,0.0,91.0040622972445,0.0,0.0,75.96094916658754,72.55682415482637,68.77482341282557,68.86899809616351,0.0,0.0,0.0,0.0,0.0,0.0
110,110,0.0,91.86433766908648,0.0,0.0,90.58173339057824,0.0,0.0,76.26050380115281,72.9556117332189,69.01241972600815,69.21876243774638,0.0,0.0,0.0,0.0,0.0,0.0
111,111,0.0,91.4742562857107,0.0,0.0,90.1534042130325,0.0,0.0,76.55644249867353,73.35471011844035,69.24711857231327,69.56846208637398,0.0,0.0,0.0,0.0,0.0,0.0
112,112,0.0,91.07688690092884,0.0,0.0,89.71942797747431,0.0,0.0,76.84857948020668,73.75398921079712,69.47878358756384,69.91798540859317,0.0,0.0,0.0,0.0,0.0,0.0
113,113,0.0,90.67259280752022,0.0,0.0,89.28017956679024,0.0,0.0,77.13672677662974,74.15330825715625,69.70729905128366,70.26721744453941,0.0,0.0,0.0,0.0,0.0,0.0
114,114,0.0,90.26174264243713,0.0,0.0,88.83599109419188,0.0,0.0,77.42070799829814,74.55253441764347,69.93254291017125,70.61603422117214,0.0,0.0,0.0,0.0,0.0,0.0
115,115,0.0,89.84470037251859,0.0,0.0,88.38722443022883,0.0,0.0,77.70033154201694,74.95151148240122,70.15438109326675,70.96431390128815,0.0,0.0,0.0,0.0,0.0,0.0
116,116,0.0,89.42183398694259,0.0,0.0,87.93422519955074,0.0,0.0,77.97540407651867,75.3500975312825,70.37269539418705,71.3119312721538,0.0,0.0,0.0,0.0,0.0,0.0
117,117,0.0,88.99347869946143,0.0,0.0,87.47730560355762,0.0,0.0,78.24574463185289,75.74812680477443,70.58736144523131,71.65874606803168,0.0,0.0,0.0,0.0,0.0,0.0
118,118,0.0,88.55999139357903,0.0,0.0,87.01679720834294,0.0,0.0,78.51115023385171,76.14544160072947,70.79824294851511,72.00463186159139,0.0,0.0,0.0,0.0,0.0,0.0
119,119,0.0,88.12172253533807,0.0,0.0,86.55303237073575,0.0,0.0,78.77144474259238,76.54186631336796,71.00522009399316,72.34944122388946,0.0,0.0,0.0,0.0,0.0,0.0
120,120,0.0,87.67898968297271,0.0,0.0,86.08630151727107,0.0,0.0,79.02643739660334,76.93724036959951,71.20817288567561,72.69303490859966,0.0,0.0,0.0,0.0,0.0,0.0
121,121,0.0,87.23213909561089,0.0,0.0,85.61691315419226,0.0,0.0,79.27592969270037,77.33137169420469,71.40696386677799,73.03526424739567,0.0,0.0,0.0,0.0,0.0,0.0
122,122,0.0,86.7814923872415,0.0,0.0,85.14515943479482,0.0,0.0,79.5197369342521,77.7240765253593,71.60147853798568,73.37597088708297,0.0,0.0,0.0,0.0,0.0,0.0
123,123,0.0,86.32734721849855,0.0,0.0,84.67132467998809,0.0,0.0,79.75767443297958,78.11516625481629,71.79159096936841,73.71501123274368,0.0,0.0,0.0,0.0,0.0,0.0
124,124,0.0,85.87003667528782,0.0,0.0,84.19568531556446,0.0,0.0,79.98955772682767,78.50444745536754,71.97717538334798,74.05221371098617,0.0,0.0,0.0,0.0,0.0,0.0
125,125,0.0,85.40984398921428,0.0,0.0,83.71850982955196,0.0,0.0,80.21519549263525,78.891721918514,72.15811219946863,74.38742169561563,0.0,0.0,0.0,0.0,0.0,0.0
126,126,0.0,84.947062052767,0.0,0.0,83.2400430010495,0.0,0.0,80.43440428086524,79.27677241917846,72.33428236459783,74.72046902717686,0.0,0.0,0.0,0.0,0.0,0.0
127,127,0.0,84.48197620238732,0.0,0.0,82.76054571551477,0.0,0.0,80.64701634907475,79.65939813884869,72.50556150613825,75.05117978748918,0.0,0.0,0.0,0.0,0.0,0.0
128,128,0.0,84.01486413889491,0.0,0.0,82.28026284429966,0.0,0.0,80.85284313969598,80.03937209476408,72.67184392994798,75.37938099822858,0.0,0.0,0.0,0.0,0.0,0.0
129,129,0.0,83.54599586827074,0.0,0.0,81.79940851591334,0.0,0.0,81.05171974710022,80.41648428268952,72.8330009637958,75.7049029764243,0.0,0.0,0.0,0.0,0.0,0.0
130,130,0.0,83.07562581907375,0.0,0.0,81.31822009570969,0.0,0.0,81.24346820980018,80.79049088577685,72.9889289894857,76.02755342209953,0.0,0.0,0.0,0.0,0.0,0.0
131,131,0.0,82.60400101865753,0.0,0.0,80.8369044719986,0.0,0.0,81.42792000521139,81.16118038607267,73.13951362223442,76.34716304353107,0.0,0.0,0.0,0.0,0.0,0.0
132,132,0.0,82.13137641640459,0.0,0.0,80.35566146269402,0.0,0.0,81.60492404111663,81.5283074158241,73.28465400191257,76.66353333513376,0.0,0.0,0.0,0.0,0.0,0.0
133,133,0.0,81.65796854646403,0.0,0.0,79.87470563221056,0.0,0.0,81.77430922546162,81.89163726322616,73.42423253320945,76.97647598893778,0.0,0.0,0.0,0.0,0.0,0.0
134,134,0.0,81.18400973912902,0.0,0.0,79.39420775948463,0.0,0.0,81.93593764228223,82.25091595274274,73.55815771253522,77.28580677775447,0.0,0.0,0.0,0.0,0.0,0.0
135,135,0.0,80.70971722983705,0.0,0.0,78.91435371386193,0.0,0.0,82.089651787824,82.60590851902532,73.68632151602908,77.59132543089196,0.0,0.0,0.0,0.0,0.0,0.0
136,136,0.0,80.23530096124625,0.0,0.0,78.43532227781525,0.0,0.0,82.23532048132333,82.95636108905488,73.80863634853914,77.89283592148509,0.0,0.0,0.0,0.0,0.0,0.0
137,137,0.0,79.76095641362835,0.0,0.0,77.95727144234682,0.0,0.0,82.37279323988952,83.30201619277602,73.92501063722099,78.1901468864106,0.0,0.0,0.0,0.0,0.0,0.0
138,138,0.0,79.28687939096145,0.0,0.0,77.48035982935654,0.0,0.0,82.50195426504165,83.6426209339231,74.03534885035722,78.48305105001404,0.0,0.0,0.0,0.0,0.0,0.0
139,139,0.0,78.81324449408882,0.0,0.0,77.00473290339608,0.0,0.0,82.62266884364881,83.97791953293009,74.13957026851584,78.77135307880519,0.0,0.0,0.0,0.0,0.0,0.0
140,140,0.0,78.34023395064547,0.0,0.0,76.53053681475383,0.0,0.0,82.73483766578698,84.3076374192934,74.23759049077205,79.05484897289784,0.0,0.0,0.0,0.0,0.0,0.0
141,141,0.0,77.86801619017635,0.0,0.0,76.05789838370916,0.0,0.0,82.83834285660494,84.63152970720569,74.32934029923135,79.33332600101078,0.0,0.0,0.0,0.0,0.0,0.0
142,142,0.0,77.39675317102413,0.0,0.0,75.5869585010419,0.0,0.0,82.93308694667138,84.94932531411702,74.41474074834508,79.60659866333283,0.0,0.0,0.0,0.0,0.0,0.0
143,143,0.0,76.92659375948743,0.0,0.0,75.11782615157121,0.0,0.0,83.01897757223452,85.26076763563269,74.49372834761482,79.87445188426554,0.0,0.0,0.0,0.0,0.0,0.0
144,144,0.0,76.45768089083624,0.0,0.0,74.65061814105032,0.0,0.0,83.09592763855538,85.56558217801161,74.5662426587204,80.1366840423639,0.0,0.0,0.0,0.0,0.0,0.0
145,145,0.0,75.99015823827871,0.0,0.0,74.18544591143353,0.0,0.0,83.16387119504026,85.8635014257732,74.63222005242234,80.39309299087337,0.0,0.0,0.0,0.0,0.0,0.0
146,146,0.0,75.52415047775033,0.0,0.0,73.72240949296659,0.0,0.0,83.22272434316702,86.15428234755538,74.69160642038864,80.64347629100126,0.0,0.0,0.0,0.0,0.0,0.0
147,147,0.0,75.05978981382358,0.0,0.0,73.26159801860678,0.0,0.0,83.27244036131913,86.43764815339225,74.74436365918847,80.88763888890165,0.0,0.0,0.0,0.0,0.0,0.0
148,148,0.0,74.59719000862191,0.0,0.0,72.8031143186766,0.0,0.0,83.31297057035586,86.7133388074413,74.79044439887137,81.12537114857301,0.0,0.0,0.0,0.0,0.0,0.0
149,149,0.0,74.13646602586924,0.0,0.0,72.34702632346553,0.0,0.0,83.34427226906865,86.98110335529607,74.82980471121647,81.35647875847056,0.0,0.0,0.0,0.0,0.0,0.0
150,150,0.0,73.67772142269337,0.0,0.0,71.89342192345785,0.0,0.0,83.36630881362827,87.24068326506584,74.86242328303032,81.58077586099007,0.0,0.0,0.0,0.0,0.0,0.0
151,151,0.0,73.22104885491432,0.0,0.0,71.44237279604339,0.0,0.0,83.37906548743402,87.49182995326544,74.88826330713378,81.79806270583717,0.0,0.0,0.0,0.0,0.0,0.0
152,152,0.0,72.76654862223569,0.0,0.0,70.99394671726813,0.0,0.0,83.38252586516477,87.73429668249706,74.90731071518435,82.00814844145845,0.0,0.0,0.0,0.0,0.0,0.0
153,153,0.0,72.31431020488863,0.0,0.0,70.54820767468297,0.0,0.0,83.37668763179794,87.96783895807692,74.91954874934157,82.2108515895141,0.0,0.0,0.0,0.0,0.0,0.0
154,154,0.0,71.864406890392,0.0,0.0,70.1052159794324,0.0,0.0,83.36155469299503,88.19222377093112,74.92496435104252,82.40599278853921,0.0,0.0,0.0,0.0,0.0,0.0
155,155,0.0,71.41692560036273,0.0,0.0,69.66502286239805,0.0,0.0,83.33714506070685,88.4072213429499,74.92355456073724,82.59339506251054,0.0,0.0,0.0,0.0,0.0,0.0
156,156,0.0,70.97193729274481,0.0,0.0,69.2276763754025,0.0,0.0,83.30347503285991,88.61260552578138,74.91532014891804,82.77288409228386,0.0,0.0,0.0,0.0,0.0,0.0
157,157,0.0,70.52950345306037,0.0,0.0,68.79322686903966,0.0,0.0,83.26059069982986,88.8081631656235,74.90027199012405,82.94429630718797,0.0,0.0,0.0,0.0,0.0,0.0
158,158,0.0,70.0896877201752,0.0,0.0,68.36171613387772,0.0,0.0,83.20852055250458,88.9936856957415,74.87841829552043,83.10746361687458,0.0,0.0,0.0,0.0,0.0,0.0
159,159,0.0,69.65255012628879,0.0,0.0,67.9331830826303,0.0,0.0,83.1473305502284,89.16896952285684,74.84977734742937,83.26224503775943,0.0,0.0,0.0,0.0,0.0,0.0
160,160,0.0,69.21814720481784,0.0,0.0,67.50765348843115,0.0,0.0,83.07707674046712,89.3338164127133,74.81437109254317,83.40847995059184,0.0,0.0,0.0,0.0,0.0,0.0
161,161,0.0,68.78652134367591,0.0,0.0,0.0,0.0,0.0,82.99782875793655,89.48806117403862,74.77223146254059,83.54602759525291,0.0,0.0,0.0,0.0,0.0,0.0
162,162,0.0,68.3577227991804,0.0,0.0,0.0,0.0,0.0,82.90965400953442,89.63152683028088,74.72339395013928,83.67475963236734,0.0,0.0,0.0,0.0,0.0,0.0
163,163,0.0,67.9317881476167,0.0,0.0,0.0,0.0,0.0,82.81265659708679,89.76404297249549,74.66789755564456,83.79454453713369,0.0,0.0,0.0,0.0,0.0,0.0
164,164,0.0,67.50876175505904,0.0,0.0,0.0,0.0,0.0,82.70691460821217,89.88547364946054,74.60577840405183,83.9052637109067,0.0,0.0,0.0,0.0,0.0,0.0
165,165,0.0,0.0,0.0,0.0,0.0,0.0,0.0,82.59253461096476,89.995672026318,74.53709499464773,84.00680378740856,0.0,0.0,0.0,0.0,0.0,0.0
166,166,0.0,0.0,0.0,0.0,0.0,0.0,0.0,82.46963571100166,90.09450811521162,74.46190275207807,84.09907291284497,0.0,0.0,0.0,0.0,0.0,0.0
167,167,0.0,0.0,0.0,0.0,0.0,0.0,0.0,82.33831841949353,90.18186916065993,74.38026029033996,84.18196889189265,0.0,0.0,0.0,0.0,0.0,0.0
168,168,0.0,0.0,0.0,0.0,0.0,0.0,0.0,82.19871857802194,90.25765997785611,74.29222932829272,84.25541147135512,67.34326238312501,0.0,0.0,0.0,0.0,0.0
169,169,0.0,0.0,0.0,0.0,0.0,0.0,0.0,82.05096838324441,90.32179397147188,74.1978871139855,84.31931840862234,67.74405894225812,67.51929728370635,0.0,0.0,0.0,0.0
170,170,0.0,0.0,0.0,0.0,0.0,0.0,0.0,81.89519629766707,90.37418403922075,74.09729496878525,84.37362982738209,68.14698437203793,67.93433158716368,0.0,0.0,0.0,0.0
171,171,0.0,0.0,0.0,0.0,0.0,0.0,0.0,81.73154975278064,90.41477985747754,73.99053576967351,84.41828415616538,68.55198117562597,68.35198319783977,0.0,0.0,0.0,0.0
172,172,0.0,0.0,0.0,0.0,0.0,0.0,0.0,81.56017194367158,90.44352166929141,73.87769497226186,84.45324251026898,68.95899423933801,68.7722166496755,0.0,0.0,0.0,0.0
173,173,0.0,0.0,0.0,0.0,0.0,0.0,0.0,81.38122433428077,90.4603961301865,73.7588604926589,84.47847262921486,69.36794920122018,69.19497232476314,0.0,0.0,0.0,0.0
174,174,0.0,0.0,0.0,0.0,0.0,0.0,0.0,81.19485612133094,90.46535274651269,73.63411642658319,84.4939327115284,69.77878460105923,69.62020359320947,0.0,0.0,0.0,0.0
175,175,0.0,0.0,0.0,0.0,0.0,0.0,0.0,81.00124162016841,90.45841549544433,73.5035614563695,84.49961202195185,70.19141917876837,70.04784984542907,0.0,0.0,0.0,0.0
176,176,0.0,0.0,0.0,0.0,0.0,0.0,0.0,80.80054239200457,90.43958055355806,73.36729016079609,84.49551472843237,70.60577346618986,70.477852655157,0.0,0.0,0.0,0.0
177,177,0.0,0.0,0.0,0.0,0.0,0.0,0.0,80.59292950902787,90.40886278081841,73.2253990950672,84.48163556446453,71.02176429684258,70.91014459867759,0.0,0.0,0.0,0.0
178,178,0.0,0.0,0.0,0.0,0.0,0.0,0.0,80.37857578480316,90.36630495157034,73.07800487413684,84.45798416835088,71.43931051973072,71.34465459498897,0.0,0.0,0.0,0.0
179,179,0.0,0.0,0.0,0.0,0.0,0.0,0.0,80.15766283573764,90.31196832677169,72.92519532350612,84.42460125205521,71.85830978476639,71.781307804855,0.0,0.0,0.0,0.0
180,180,0.0,0.0,0.0,0.0,0.0,0.0,0.0,79.9303661183171,90.24589545259137,72.76709617445184,84.3815099016428,72.2786671156705,72.22002552977902,0.0,0.0,0.0,0.0
181,181,0.0,0.0,0.0,0.0,0.0,0.0,0.0,79.69687655261743,90.16818415622046,72.6038042578336,84.32875603872951,72.70027749200234,72.66071911157738,0.0,0.0,0.0,0.0
182,182,0.0,0.0,0.0,0.0,0.0,0.0,0.0,79.45737116551594,90.07891322247895,72.43544766917546,84.26639211144,73.12303149475441,73.10330161093094,0.0,0.0,0.0,0.0
183,183,0.0,0.0,0.0,0.0,0.0,0.0,0.0,79.21204181459665,89.97818846913155,72.2621315390865,84.19448505074297,73.54682136906239,73.5476757764378,0.0,0.0,0.0,0.0
184,184,0.0,0.0,0.0,0.0,0.0,0.0,0.0,78.96107326762098,89.86612398420644,72.08397980239651,84.11311608317334,73.97152264495267,73.99373979327831,0.0,0.0,0.0,0.0
185,185,0.0,0.0,0.0,0.0,0.0,0.0,0.0,78.70465728548889,89.74286019061792,71.9011052588877,84.02235643944952,74.39700592631331,74.44139347521187,0.0,0.0,0.0,0.0
186,186,0.0,0.0,0.0,0.0,0.0,0.0,0.0,78.44297819463486,89.60851769691853,71.71363312022432,83.92230739806611,74.82314953423439,74.89051304852302,0.0,0.0,0.0,0.0
187,187,0.0,0.0,0.0,0.0,0.0,0.0,0.0,78.1762268048692,89.46327019361377,71.52168895217476,83.81305992243291,75.24981441942074,75.34098215531715,0.0,0.0,0.0,0.0
188,188,0.0,0.0,0.0,0.0,0.0,0.0,0.0,77.90459997448625,89.30726183732236,71.32539276381196,83.69472652843214,75.67684987544709,75.7926859885765,0.0,0.0,0.0,0.0
189,189,0.0,0.0,0.0,0.0,0.0,0.0,0.0,77.62828647731128,89.14067979492782,71.12486479203615,83.56743293571063,76.10410626623914,76.24547855647901,0.0,0.0,0.0,0.0
190,190,0.0,0.0,0.0,0.0,0.0,0.0,0.0,77.34746705942773,88.96370826616405,70.92023110002033,83.43130190754295,76.53144198629705,76.69922781309235,0.0,0.0,0.0,0.0
191,191,0.0,0.0,0.0,0.0,0.0,0.0,0.0,77.06233475930762,88.77652829297868,70.71162329539789,83.28646103807299,76.95868376863525,77.15378292011638,0.0,0.0,0.0,0.0
192,192,0.0,0.0,0.0,0.0,0.0,0.0,0.0,76.77307414743501,88.57934434374584,70.49916130031858,83.13305038495798,77.38566597620479,77.60900758363474,0.0,0.0,0.0,0.0
193,193,0.0,0.0,0.0,0.0,0.0,0.0,0.0,76.47987471205978,88.37237467516876,70.28297603358504,82.97122209161589,77.81221066347376,78.06472577059421,0.0,0.0,0.0,0.0
194,194,0.0,0.0,0.0,0.0,0.0,0.0,0.0,76.18292385733189,88.15583306611096,70.0631866441095,82.8011321925721,78.2381480319105,78.52078266660861,0.0,0.0,0.0,0.0
195,195,0.0,0.0,0.0,0.0,0.0,0.0,0.0,75.8823936721672,87.92993742585907,69.8399229284705,82.62293259583603,78.66327496846094,78.97699660354041,0.0,0.0,0.0,0.0
196,196,0.0,0.0,0.0,0.0,0.0,0.0,0.0,75.5784737734537,87.69492688834083,69.6133138627004,82.43679416422441,79.08741037172071,79.4331936151599,0.0,0.0,0.0,0.0
197,197,0.0,0.0,0.0,0.0,0.0,0.0,0.0,75.2713382054988,87.45103487368394,69.38347656159144,82.24289073293649,79.51035355814705,79.8891864357603,0.0,0.0,0.0,0.0
198,198,0.0,0.0,0.0,0.0,0.0,0.0,0.0,74.9611650055386,87.19850621031725,69.15053828586345,82.04139118705783,79.93188350218641,80.34477403351856,0.0,0.0,0.0,0.0
199,199,0.0,0.0,0.0,0.0,0.0,0.0,0.0,74.64812316804598,86.93759648961793,68.91463059173704,81.83248221352402,80.35180210373801,80.79975598473693,0.0,0.0,0.0,0.0
200,200,0.0,0.0,0.0,0.0,0.0,0.0,0.0,74.33238537017021,86.66853726259592,68.67586226056902,81.61633736484032,80.76987643402097,81.25392534943343,0.0,0.0,0.0,0.0
201,201,0.0,0.0,0.0,0.0,0.0,0.0,0.0,74.01412761482241,86.3915958255581,68.43436786396741,81.39316236391272,81.18588967095913,81.70705347280976,0.0,0.0,0.0,0.0
202,202,0.0,0.0,0.0,0.0,0.0,0.0,0.0,73.69350419395595,86.10703162740626,68.19026447594078,81.16313411811319,81.59960446446273,82.15892748242265,0.0,0.0,0.0,0.0
203,203,0.0,0.0,0.0,0.0,0.0,0.0,0.0,73.37068512628638,85.81510453108628,67.94366790494001,80.92644595327307,82.01078516380163,82.60930501824305,0.0,0.0,0.0,0.0
204,204,0.0,0.0,0.0,0.0,0.0,0.0,0.0,73.04581890297963,85.51606613657071,67.69469783586975,80.68330692635934,82.41918284002642,83.05794433664215,0.0,0.0,0.0,0.0
205,205,0.0,0.0,0.0,0.0,0.0,0.0,0.0,72.71906929507539,85.2101844761762,67.4434775757718,80.43391170495306,82.82454279440594,83.50459683316407,0.0,0.0,0.0,0.0
206,206,0.0,0.0,0.0,0.0,0.0,0.0,0.0,72.39059067102458,84.89773488984326,0.0,80.17845537481287,83.22661254162631,83.94901509202958,0.0,0.0,0.0,0.0
207,207,0.0,0.0,0.0,0.0,0.0,0.0,0.0,72.06052232250735,84.57896686407527,0.0,79.91714045573657,83.62513437038636,84.39092099456235,0.0,0.0,0.0,0.0
208,208,0.0,0.0,0.0,0.0,0.0,0.0,0.0,71.72901820254253,84.25415303560533,0.0,79.65016921587939,84.0198294435653,84.83005359138635,0.0,0.0,0.0,0.0
209,209,0.0,0.0,0.0,0.0,0.0,0.0,0.0,71.39621132759308,83.92354793665373,0.0,79.37775775694332,84.41043769593652,85.26612089243785,0.0,0.0,0.0,0.0
210,210,0.0,0.0,0.0,0.0,0.0,0.0,0.0,71.06224899582178,83.58742009327597,0.0,79.1000926280062,84.79667011185259,85.69885713757053,0.0,0.0,0.0,0.0
211,211,0.0,0.0,0.0,0.0,0.0,0.0,0.0,70.72725785116766,83.24602748537873,0.0,78.81738808311543,85.17824079249836,86.12795717404776,0.0,0.0,0.0,0.0
212,212,0.0,0.0,0.0,0.0,0.0,0.0,0.0,70.39137283334554,82.89963322564546,0.0,78.52983580482194,85.55487586959725,86.55311750067645,0.0,0.0,0.0,0.0
213,213,0.0,0.0,0.0,0.0,0.0,0.0,0.0,70.054725477821,82.54848175519085,0.0,78.2376541648526,85.9262809142986,86.97404546232191,0.0,0.0,0.0,0.0
214,214,0.0,0.0,0.0,0.0,0.0,0.0,0.0,69.71743286785592,82.19283766008573,0.0,77.94103176389324,86.29215739611061,87.39042556455952,0.0,0.0,0.0,0.0
215,215,0.0,0.0,0.0,0.0,0.0,0.0,0.0,69.37961458204971,81.83294640918426,0.0,77.64016940026234,86.6522200348007,87.80193639188717,0.0,0.0,0.0,0.0
216,216,0.0,0.0,0.0,0.0,0.0,0.0,0.0,69.04138701635921,81.46904990793998,0.0,77.33527257388046,87.00615479561611,88.20825970115443,0.0,0.0,0.0,0.0
217,217,0.0,0.0,0.0,0.0,0.0,0.0,0.0,68.7028687585493,81.10140126632466,0.0,77.02653756785557,87.35367019423288,88.6090721794398,0.0,0.0,0.0,0.0
218,218,0.0,0.0,0.0,0.0,0.0,0.0,0.0,68.36415909520657,80.73022691982442,0.0,76.71414487658046,87.69446371895678,89.00403673762986,0.0,0.0,0.0,0.0
219,219,0.0,0.0,0.0,0.0,0.0,0.0,0.0,68.0253756295536,80.35577152589583,0.0,76.39830604119605,88.02822184792444,89.39281151769491,0.0,0.0,0.0,0.0
220,220,0.0,0.0,0.0,0.0,0.0,0.0,0.0,67.68661160360813,79.97825318588373,0.0,76.07919636853246,88.35465558752833,89.7750777243038,0.0,0.0,0.0,0.0
221,221,0.0,0.0,0.0,0.0,0.0,0.0,0.0,67.34796789369307,79.59791475171872,0.0,75.75700836262676,88.67345717253396,90.15047651185678,67.26224839810752,0.0,0.0,0.0
222,222,0.0,0.0,0.0,0.0,0.0,0.0,0.0,0.0,79.21496529124282,0.0,75.43192491643343,88.98432682648927,90.51868233599917,67.52825558708068,0.0,0.0,0.0
223,223,0.0,0.0,0.0,0.0,0.0,0.0,0.0,0.0,78.8296237426227,0.0,75.10413230617053,89.28695538888883,90.87932980625146,67.79246845705035,0.0,0.0,0.0
224,224,0.0,0.0,0.0,0.0,0.0,0.0,0.0,0.0,78.44209716372987,0.0,74.77380075569123,89.58104269686987,91.23209777426858,68.05476738339163,0.0,0.0,0.0
225,225,0.0,0.0,0.0,0.0,0.0,0.0,0.0,0.0,78.05259485408111,0.0,74.44110380591987,89.86630752822312,91.57661632727817,68.3150413340934,0.0,0.0,0.0
226,226,0.0,0.0,0.0,0.0,0.0,0.0,0.0,0.0,77.66132109673318,0.0,74.10621795800822,90.14244247298826,91.91256149133146,68.57317228923822,0.0,0.0,0.0
227,227,0.0,0.0,0.0,0.0,0.0,0.0,0.0,0.0,77.26846154278425,0.0,73.76930995516838,90.40917858638058,92.23958015058741,68.82903509044996,0.0,0.0,0.0
228,228,0.0,0.0,0.0,0.0,0.0,0.0,0.0,0.0,76.87421072898415,0.0,73.43054313401892,90.66621223662109,92.55732848417075,69.08251899043121,0.0,0.0,0.0
229,229,0.0,0.0,0.0,0.0,0.0,0.0,0.0,0.0,76.47875806840034,0.0,73.09007737415259,90.91328907440251,92.8654826599038,69.33349553169258,0.0,0.0,0.0
230,230,0.0,0.0,0.0,0.0,0.0,0.0,0.0,0.0,76.08226810232755,0.0,72.74806905544321,91.15012083087892,93.16369072195508,69.58184002534044,0.0,0.0,0.0
231,231,0.0,0.0,0.0,0.0,0.0,0.0,0.0,0.0,75.68492708875348,0.0,72.40467102279496,91.37646073839034,93.45164169578624,69.82743181767867,0.0,0.0,0.0
232,232,0.0,0.0,0.0,0.0,0.0,0.0,0.0,0.0,75.28689654664994,0.0,72.06002665729669,91.592038237178,93.72900749821409,70.07014339854847,0.0,0.0,0.0
233,233,0.0,0.0,0.0,0.0,0.0,0.0,0.0,0.0,74.88833978337527,0.0,71.71429351437932,91.7966258272519,93.99546300990134,70.3098459031891,0.0,0.0,0.0
234,234,0.0,0.0,0.0,0.0,0.0,0.0,0.0,0.0,74.4894152657084,0.0,71.36759615932037,91.98997309293287,94.2507068803016,70.54640919578857,0.0,0.0,0.0
235,235,0.0,0.0,0.0,0.0,0.0,0.0,0.0,0.0,74.09027040675474,0.0,71.02008488352827,92.17186449646616,94.49444238453718,70.77971334376959,0.0,0.0,0.0
236,236,0.0,0.0,0.0,0.0,0.0,0.0,0.0,0.0,73.69105427446635,0.0,70.67188321535546,92.34208166125084,94.7263780131465,71.00961470183063,0.0,0.0,0.0
237,237,0.0,0.0,0.0,0.0,0.0,0.0,0.0,0.0,73.29190508398462,0.0,70.32312838190317,92.5004230843215,94.9462178228077,71.23599716836911,0.0,0.0,0.0
238,238,0.0,0.0,0.0,0.0,0.0,0.0,0.0,0.0,72.89295661038474,0.0,69.97393709390764,92.64669498707683,95.15371325471763,71.45872097659387,0.0,0.0,0.0
239,239,0.0,0.0,0.0,0.0,0.0,0.0,0.0,0.0,72.49433823337394,0.0,69.6244339355504,92.78072151560683,95.34860261747085,71.67766294328358,0.0,0.0,0.0
240,240,0.0,0.0,0.0,0.0,0.0,0.0,0.0,0.0,72.09618679990916,0.0,69.27473991861635,92.90234527747819,95.530631951414,71.89268187235012,0.0,0.0,0.0
241,241,0.0,0.0,0.0,0.0,0.0,0.0,0.0,0.0,71.69860513622734,0.0,68.92496170748434,93.01140816629594,95.69957640974992,72.10365359045059,0.0,0.0,0.0
242,242,0.0,0.0,0.0,0.0,0.0,0.0,0.0,0.0,71.30171572184196,0.0,68.57520822316492,93.10777129303311,95.85522027529619,72.3104478161382,0.0,0.0,0.0
243,243,0.0,0.0,0.0,0.0,0.0,0.0,0.0,0.0,70.90563089010256,0.0,68.22559039557352,93.19133515437674,95.99735745456026,72.51293408261168,0.0,0.0,0.0
244,244,0.0,0.0,0.0,0.0,0.0,0.0,0.0,0.0,70.51045321475185,0.0,67.87620521722738,93.2619709688202,96.12581295948549,72.71098186183245,0.0,0.0,0.0
245,245,0.0,0.0,0.0,0.0,0.0,0.0,0.0,0.0,70.1162814786249,0.0,67.52715186204203,93.31960969497425,96.24040152370428,72.90446673240771,0.0,0.0,0.0
246,246,0.0,0.0,0.0,0.0,0.0,0.0,0.0,0.0,69.7232107380083,0.0,0.0,93.3641633117457,96.34099105539585,73.09325852570565,0.0,0.0,0.0
247,247,0.0,0.0,0.0,0.0,0.0,0.0,0.0,0.0,69.331337851373,0.0,0.0,93.39557440825412,96.42742948360701,73.27722740288519,0.0,0.0,0.0
248,248,0.0,0.0,0.0,0.0,0.0,0.0,0.0,0.0,68.94074503793112,0.0,0.0,93.41381641297738,96.49961888133474,73.45625625682445,0.0,0.0,0.0
249,249,0.0,0.0,0.0,0.0,0.0,0.0,0.0,0.0,68.55151658156022,0.0,0.0,93.41886396504266,96.55744191246937,73.63021650212126,0.0,0.0,0.0
250,250,0.0,0.0,0.0,0.0,0.0,0.0,0.0,0.0,68.16373331528027,0.0,0.0,93.41070287095671,96.60083612414613,73.79898648832807,0.0,0.0,0.0
251,251,0.0,0.0,0.0,0.0,0.0,0.0,0.0,0.0,67.77746225315236,0.0,0.0,93.38934996342958,96.62974129473092,73.96245178467613,0.0,0.0,0.0
252,252,0.0,0.0,0.0,0.0,0.0,0.0,0.0,0.0,67.39278306002751,0.0,0.0,93.35482333077067,96.64412076473614,74.12049921166954,0.0,0.0,0.0
253,253,0.0,0.0,0.0,0.0,0.0,0.0,0.0,0.0,0.0,0.0,0.0,93.30717198155274,96.64394033159195,74.27300443840282,0.0,0.0,0.0
254,254,0.0,0.0,0.0,0.0,0.0,0.0,0.0,0.0,0.0,0.0,0.0,93.24646577351388,96.62922137930308,74.41986333806915,0.0,0.0,0.0
255,255,0.0,0.0,0.0,0.0,0.0,0.0,0.0,0.0,0.0,0.0,0.0,93.17276560061494,96.59995598115641,74.56096723198002,0.0,0.0,0.0
256,256,0.0,0.0,0.0,0.0,0.0,0.0,0.0,0.0,0.0,0.0,0.0,93.08617262026786,96.55621294243868,74.69620290340745,0.0,0.0,0.0
257,257,0.0,0.0,0.0,0.0,0.0,0.0,0.0,0.0,0.0,0.0,0.0,92.98679830497746,96.49803160464054,74.82548443761718,0.0,0.0,0.0
258,258,0.0,0.0,0.0,0.0,0.0,0.0,0.0,0.0,0.0,0.0,0.0,92.87475438321347,96.42549590920312,74.9486963398208,0.0,0.0,0.0
259,259,0.0,0.0,0.0,0.0,0.0,0.0,0.0,0.0,0.0,0.0,0.0,92.75019179791082,96.33871290165854,75.06575717677687,0.0,0.0,0.0
260,260,0.0,0.0,0.0,0.0,0.0,0.0,0.0,0.0,0.0,0.0,0.0,92.61326101921524,96.23778080926787,75.17656883034229,0.0,0.0,0.0
261,261,0.0,0.0,0.0,0.0,0.0,0.0,0.0,0.0,0.0,0.0,0.0,92.46413127216775,96.12284149605591,75.28104853497518,67.44849177124568,0.0,0.0
262,262,0.0,0.0,0.0,0.0,0.0,0.0,0.0,0.0,0.0,0.0,0.0,92.30297065573184,95.99404836900112,75.3791098104027,67.8712633302439,0.0,0.0
263,263,0.0,0.0,0.0,0.0,0.0,0.0,0.0,0.0,0.0,0.0,0.0,92.12998452006875,95.85157644800417,75.47067544024704,68.29695640822581,0.0,0.0
264,264,0.0,0.0,0.0,0.0,0.0,0.0,0.0,0.0,0.0,0.0,0.0,91.94537608793321,95.69560099284185,75.55568415285636,68.72554337108943,0.0,0.0
265,265,0.0,0.0,0.0,0.0,0.0,0.0,0.0,0.0,0.0,0.0,0.0,91.74936533940436,95.52631798909286,75.63405185969093,69.15697800980992,0.0,0.0
266,266,0.0,0.0,0.0,0.0,0.0,0.0,0.0,0.0,0.0,0.0,0.0,91.54216931639637,95.34396418534,75.70572359358552,69.59121644971869,0.0,0.0
267,267,0.0,0.0,0.0,0.0,0.0,0.0,0.0,0.0,0.0,0.0,0.0,91.32403979777122,95.1487542649348,75.77063471166433,70.02821182006187,67.50423569901672,0.0
268,268,0.0,0.0,0.0,0.0,0.0,0.0,0.0,0.0,0.0,0.0,0.0,91.0952149960943,94.94094241831843,75.82874354012348,70.4679141569479,67.92064645636376,0.0
269,269,0.0,0.0,0.0,0.0,0.0,0.0,0.0,0.0,0.0,0.0,0.0,90.85594768844918,94.7207803614545,75.87999234301896,70.91026459117694,68.33971080032246,0.0
270,270,0.0,0.0,0.0,0.0,0.0,0.0,0.0,0.0,0.0,0.0,0.0,90.60651382583329,94.48853730563144,75.92434656530766,71.35520067514993,68.76139397786149,0.0
271,271,0.0,0.0,0.0,0.0,0.0,0.0,0.0,0.0,0.0,0.0,0.0,90.34717441778689,94.24449914671244,75.96176223001636,71.80266213265493,69.18563709318747,0.0
272,272,0.0,0.0,0.0,0.0,0.0,0.0,0.0,0.0,0.0,0.0,0.0,90.07821245519632,93.98894754060296,75.99221217992815,72.25257332055668,69.61238872696977,0.0
273,273,0.0,0.0,0.0,0.0,0.0,0.0,0.0,0.0,0.0,0.0,0.0,89.79990438351089,93.72218953779199,76.0156730496797,72.70486640935204,70.04159435999613,0.0
274,274,0.0,0.0,0.0,0.0,0.0,0.0,0.0,0.0,0.0,0.0,0.0,89.51254721786866,93.44453657934167,76.03211873175661,73.15945160672705,70.47319628058487,0.0
275,275,0.0,0.0,0.0,0.0,0.0,0.0,0.0,0.0,0.0,0.0,0.0,89.21643034112915,93.15630389237737,76.04154668160308,73.61624670410443,70.90712206443507,0.0
276,276,0.0,0.0,0.0,0.0,0.0,0.0,0.0,0.0,0.0,0.0,0.0,88.91185329382549,92.8578098957935,76.04393853333883,74.07515901327174,71.34330691144771,0.0
277,277,0.0,0.0,0.0,0.0,0.0,0.0,0.0,0.0,0.0,0.0,0.0,88.59910716263374,92.54938535113605,76.03929295900342,74.53609118000034,71.78167082769242,67.09026033918092
278,278,0.0,0.0,0.0,0.0,0.0,0.0,0.0,0.0,0.0,0.0,0.0,88.27850101500213,92.2313627927992,76.02762567452919,74.99894745795329,72.22214151945045,67.30367041331414
279,279,0.0,0.0,0.0,0.0,0.0,0.0,0.0,0.0,0.0,0.0,0.0,87.95033444613826,91.90407595621231,76.0089300127911,75.46360810376247,72.66463101106805,67.51422593789151
280,280,0.0,0.0,0.0,0.0,0.0,0.0,0.0,0.0,0.0,0.0,0.0,87.61490620276699,91.56787827965184,75.98323602586262,75.9299673751364,73.10904696209478,67.72181356554117
281,281,0.0,0.0,0.0,0.0,0.0,0.0,0.0,0.0,0.0,0.0,0.0,87.27252243474074,91.22310382671591,75.95055791294772,76.3978881887389,73.55529255823552,67.92632957299348
282,282,0.0,0.0,0.0,0.0,0.0,0.0,0.0,0.0,0.0,0.0,0.0,86.92349596423098,90.87009562218857,75.9109202603227,76.8672540955397,74.00327262654265,68.12765915608256
283,283,0.0,0.0,0.0,0.0,0.0,0.0,0.0,0.0,0.0,0.0,0.0,86.5681114950057,90.50920478612674,75.86436451654701,77.3379300186648,74.45287501045935,68.32570272402931
284,284,0.0,0.0,0.0,0.0,0.0,0.0,0.0,0.0,0.0,0.0,0.0,86.20668542641697,90.14077120346533,75.81092273436904,77.80976132297815,74.90398883317715,68.52035510051118
285,285,0.0,0.0,0.0,0.0,0.0,0.0,0.0,0.0,0.0,0.0,0.0,85.83950548641248,89.76513259075126,75.75063716615489,78.28260768617784,75.35649832053485,68.71150008760716
286,286,0.0,0.0,0.0,0.0,0.0,0.0,0.0,0.0,0.0,0.0,0.0,85.46686469080224,89.38265129461121,75.68356015466968,78.75630195846338,75.81026963817654,68.89903183550231
287,287,0.0,0.0,0.0,0.0,0.0,0.0,0.0,0.0,0.0,0.0,0.0,85.08906891673107,88.99364969631928,75.60974750554422,79.23069159300238,76.26517644511893,69.08284980572019
288,288,0.0,0.0,0.0,0.0,0.0,0.0,0.0,0.0,0.0,0.0,0.0,84.70640327467254,88.59847383088022,75.52925840396034,79.70559651034407,76.72108051179934,69.26284264938243
289,289,0.0,0.0,0.0,0.0,0.0,0.0,0.0,0.0,0.0,0.0,0.0,84.31914874453578,88.19746530507152,75.44215532751068,80.18082963833344,77.17783122927271,69.43890993536658
290,290,0.0,0.0,0.0,0.0,0.0,0.0,0.0,0.0,0.0,0.0,0.0,83.92758994581807,87.79094342641866,75.34851040704207,80.65621160523735,77.63528566079803,69.61094049838744
291,291,0.0,0.0,0.0,0.0,0.0,0.0,0.0,0.0,0.0,0.0,0.0,83.53199868816793,87.37923172406275,75.24840524686607,81.13154161084647,78.09328153737273,69.77882886543986
292,292,0.0,0.0,0.0,0.0,0.0,0.0,0.0,0.0,0.0,0.0,0.0,83.13265771044536,86.96266584052134,75.14190506076461,81.60661161929774,78.55164337625318,69.94248105214474
293,293,0.0,0.0,0.0,0.0,0.0,0.0,0.0,0.0,0.0,0.0,0.0,82.72982085703394,86.5415583872784,75.02909722176632,82.08120629525543,79.01021036378725,70.10179258249745
294,294,0.0,0.0,0.0,0.0,0.0,0.0,0.0,0.0,0.0,0.0,0.0,82.32376026497774,86.11621637834534,74.91007811248396,82.55511069608406,79.46878727921448,70.25665394382533
295,295,0.0,0.0,0.0,0.0,0.0,0.0,0.0,0.0,0.0,0.0,0.0,81.91471933038441,85.68694100833861,74.7849274717927,83.02809500904912,79.92720085224194,70.40698437284979
296,296,0.0,0.0,0.0,0.0,0.0,0.0,0.0,0.0,0.0,0.0,0.0,81.50295902049743,85.25404397229204,74.65375292475164,83.49990615749184,80.38524262138834,70.55267033439
297,297,0.0,0.0,0.0,0.0,0.0,0.0,0.0,0.0,0.0,0.0,0.0,81.08871925988852,84.81780557060215,74.51665155023002,83.97030695441127,80.84271920365511,70.69362739525876
298,298,0.0,0.0,0.0,0.0,0.0,0.0,0.0,0.0,0.0,0.0,0.0,80.6722417908431,84.37852436151826,74.37371626106086,84.43904503662017,81.2994084451793,70.82975529043942
299,299,0.0,0.0,0.0,0.0,0.0,0.0,0.0,0.0,0.0,0.0,0.0,80.2537477588229,83.93645971846377,74.22506710409972,84.90584424293029,81.7550961063671,70.96097202984586
