,time,32,435,480,413,77,10,458,55,436,1563,33,503,481,78,414
0,0,99.2071209067621,89.66550081137088,75.96579501959616,0.0,0.0,0.0,0.0,0.0,0.0,0.0,0.0,0.0,0.0,0.0,0.0
1,1,99.2404273022144,89.34811110478229,76.31887691915958,0.0,0.0,0.0,0.0,0.0,0.0,0.0,0.0,0.0,0.0,0.0,0.0
2,2,99.25794534474032,89.02270169939278,76.66963151616723,0.0,0.0,0.0,0.0,0.0,0.0,0.0,0.0,0.0,0.0,0.0,0.0
3,3,99.2596694991391,88.68958815477987,77.01786140478303,0.0,0.0,0.0,0.0,0.0,0.0,0.0,0.0,0.0,0.0,0.0,0.0
4,4,99.24558692655928,88.34908490427377,77.36338549207949,0.0,0.0,0.0,0.0,0.0,0.0,0.0,0.0,0.0,0.0,0.0,0.0
5,5,99.2157222645267,88.00149602543243,77.70599882363715,0.0,0.0,0.0,0.0,0.0,0.0,0.0,0.0,0.0,0.0,0.0,0.0
6,6,99.17012635175645,87.64715010311488,78.04550638363463,0.0,0.0,0.0,0.0,0.0,0.0,0.0,0.0,0.0,0.0,0.0,0.0
7,7,99.10885373177494,87.28632951263876,78.38170286030866,0.0,0.0,0.0,0.0,0.0,0.0,0.0,0.0,0.0,0.0,0.0,0.0
8,8,99.03198485530864,86.91936628670393,78.71437246621342,0.0,0.0,0.0,0.0,0.0,0.0,0.0,0.0,0.0,0.0,0.0,0.0
9,9,98.93963692751052,86.54655447348321,79.0433171749631,0.0,0.0,0.0,0.0,0.0,0.0,0.0,0.0,0.0,0.0,0.0,0.0
10,10,98.83195232526313,86.16820189679711,79.36832195615496,0.0,0.0,0.0,0.0,0.0,0.0,0.0,0.0,0.0,0.0,0.0,0.0
11,11,98.70906490210753,85.78460402265455,79.68916877495832,0.0,0.0,0.0,0.0,0.0,0.0,0.0,0.0,0.0,0.0,0.0,0.0
12,12,98.57114405926276,85.39606062149895,80.00563676077178,0.0,0.0,0.0,0.0,0.0,0.0,0.0,0.0,0.0,0.0,0.0,0.0
13,13,98.41840504698528,85.00286691487503,80.3175097191032,67.25624407352116,0.0,0.0,0.0,0.0,0.0,0.0,0.0,0.0,0.0,0.0,0.0
14,14,98.25103116131937,84.60530519489073,80.62456183299209,67.55345416548033,0.0,0.0,0.0,0.0,0.0,0.0,0.0,0.0,0.0,0.0,0.0
15,15,98.06926141587496,84.20366109863578,80.92657991214683,67.84964057038417,67.11169345757844,0.0,0.0,0.0,0.0,0.0,0.0,0.0,0.0,0.0,0.0
16,16,97.87334566240904,83.79822302059075,81.22332667486654,68.14469938391771,67.3972270789498,0.0,0.0,0.0,0.0,0.0,0.0,0.0,0.0,0.0,0.0
17,17,97.66353314700315,83.38924202969415,81.51458546035455,68.4385138670039,67.68148906659381,0.0,0.0,0.0,0.0,0.0,0.0,0.0,0.0,0.0,0.0
18,18,97.44011529823098,82.9770115018396,81.80013086161844,68.73096474452974,67.96435856358255,0.0,0.0,0.0,0.0,0.0,0.0,0.0,0.0,0.0,0.0
19,19,97.20338139635528,82.56177168555298,82.07973635988682,69.02193564175106,68.24572805007996,0.0,0.0,0.0,0.0,0.0,0.0,0.0,0.0,0.0,0.0
20,20,96.95362884211806,82.14378859474567,82.3531745838638,69.31130242080751,68.52547734419234,0.0,0.0,0.0,0.0,0.0,0.0,0.0,0.0,0.0,0.0
21,21,96.69117311774426,81.72330679988062,82.620217580343,69.59894949876497,68.80349471714257,0.0,0.0,0.0,0.0,0.0,0.0,0.0,0.0,0.0,0.0
22,22,96.41635738563541,81.30058016278778,82.88064490183258,69.88474258828627,69.07965024973079,0.0,0.0,0.0,0.0,0.0,0.0,0.0,0.0,0.0,0.0
23,23,96.12950917037286,80.87583381376335,83.1342441382564,70.16856162980518,69.35382802000258,0.0,0.0,0.0,0.0,0.0,0.0,0.0,0.0,0.0,0.0
24,24,95.83099246169455,80.44929468366378,83.38077983958864,70.45026767499147,69.62589925211499,67.43523937249364,0.0,0.0,0.0,0.0,0.0,0.0,0.0,0.0,0.0
25,25,95.52114382227856,80.02119834290649,83.6200487428866,70.72973068770919,69.89574414345148,67.80823891678187,0.0,0.0,0.0,0.0,0.0,0.0,0.0,0.0,0.0
26,26,95.20033449935711,79.59175939483491,83.85182505879395,71.00681286162539,70.16322437649012,68.1823763898067,0.0,0.0,0.0,0.0,0.0,0.0,0.0,0.0,0.0
27,27,94.86893802309304,79.16117223662965,84.07590831598631,71.28138000751694,70.4282163606027,68.55756213671796,0.0,0.0,0.0,0.0,0.0,0.0,0.0,0.0,0.0
28,28,94.52731936205231,78.7296611314347,84.29209202244314,71.55329602533638,70.6905835403242,68.93371913238141,0.0,0.0,0.0,0.0,0.0,0.0,0.0,0.0,0.0
29,29,94.17587494471181,78.29740861380043,84.50016376707875,71.82241711489024,70.95019892662023,69.31075105051076,0.0,0.0,0.0,0.0,0.0,0.0,0.0,0.0,0.0
30,30,93.81498086654125,77.8646125509969,84.69992980493316,72.08859754172968,71.20691678096186,69.68856891276883,0.0,0.0,0.0,0.0,0.0,0.0,0.0,0.0,0.0
31,31,93.4450029435176,77.43144413514884,84.8911993872399,72.35169567298217,71.46061269679684,70.0670693134502,0.0,0.0,0.0,0.0,0.0,0.0,0.0,0.0,0.0
32,32,93.06635557122172,76.99808948490465,85.07379329833127,72.6115682935316,71.71113775831799,70.44615632162193,0.0,0.0,0.0,0.0,0.0,0.0,0.0,0.0,0.0
33,33,92.679401518552,76.56472189952899,85.2475195635792,72.86807070190169,71.95835900597704,70.82571353284615,0.0,0.0,0.0,0.0,0.0,0.0,0.0,0.0,0.0
34,34,92.2845405042616,76.13148911721991,85.41220658844526,73.12104466042297,72.20213052077592,71.20563191235752,0.0,0.0,0.0,0.0,0.0,0.0,0.0,0.0,0.0
35,35,91.88214944923959,75.6985600757536,85.5676954723507,73.3703486742395,72.44232294540608,71.58579871163458,0.0,0.0,0.0,0.0,0.0,0.0,0.0,0.0,0.0
36,36,91.47260182485762,75.26608485412878,85.71383209887559,73.6158279383946,72.67878216459381,71.96609154037776,0.0,0.0,0.0,0.0,0.0,0.0,0.0,0.0,0.0
37,37,91.05629545118963,74.83420184944227,85.85045066120944,73.85734504162491,72.91137092599429,72.34638991103286,0.0,0.0,0.0,0.0,0.0,0.0,0.0,0.0,0.0
38,38,90.63358540799275,74.40304450494202,85.97742408706387,74.0947370255695,73.13995130209061,72.7265514722168,0.0,0.0,0.0,0.0,0.0,0.0,0.0,0.0,0.0
39,39,90.20485008927717,73.97276003547665,86.09461426335345,74.32785238623657,73.36437869291689,73.10644747359902,0.0,0.0,0.0,0.0,0.0,0.0,0.0,0.0,0.0
40,40,89.77045287153236,73.54345925366427,86.20188893807402,74.55655161037492,73.58450791907276,73.48594527017316,0.0,0.0,0.0,0.0,0.0,0.0,0.0,0.0,0.0
41,41,89.33076033673636,73.11526704935862,86.29914736442404,74.7806695708193,73.80019954567591,73.86488970125345,0.0,0.0,0.0,0.0,0.0,0.0,0.0,0.0,0.0
42,42,88.88611456470703,72.68830338644068,86.3862868837541,75.0000724432518,74.01131397500133,74.24313343819614,0.0,0.0,0.0,0.0,0.0,0.0,0.0,0.0,0.0
43,43,88.43686929060867,72.26267152633133,86.46319453403265,75.21460093184054,74.2177053251794,74.62053127952758,0.0,0.0,0.0,0.0,0.0,0.0,0.0,0.0,0.0
44,44,87.98337114285401,71.83847641040767,86.52981517526466,75.42410201178365,74.41924657616498,74.99690850811804,0.0,0.0,0.0,0.0,0.0,0.0,0.0,0.0,0.0
45,45,87.52595069842228,71.41581280811765,86.58605832613996,75.62844227581796,74.61577960940674,75.37211125677342,0.0,0.0,0.0,0.0,0.0,0.0,0.0,0.0,0.0
46,46,87.06492272988108,70.99477720467424,86.6318577237125,75.82746288030273,74.80718448199765,75.74596867904195,0.0,0.0,0.0,0.0,0.0,0.0,0.0,0.0,0.0
47,47,86.60062057217424,70.57545623022483,86.66718010405182,76.0210315639323,74.99332303765908,76.11830549234229,0.0,0.0,0.0,0.0,0.0,0.0,0.0,0.0,0.0
48,48,86.13334400864778,70.15793827504591,86.69198269588621,76.20899728618029,75.1740578426788,76.48894200234665,0.0,0.0,0.0,0.0,0.0,0.0,0.0,0.0,0.0
49,49,85.66340220962906,69.74229666613594,86.70623032544493,76.39122306514922,75.34925234704359,76.85769413642171,0.0,0.0,0.0,0.0,0.0,0.0,0.0,0.0,0.0
50,50,85.19107971948901,69.32860680304286,86.709912578672,76.56757314552468,75.5187904910515,77.22438026337902,0.0,0.0,0.0,0.0,0.0,0.0,0.0,0.0,0.0
51,51,84.71666991093004,68.91693512292862,86.70302676325385,76.7379064765485,75.68253824096753,77.58879420312958,0.0,0.0,0.0,0.0,0.0,0.0,0.0,0.0,0.0
52,52,84.2404417492183,68.5073555102023,86.68557791353922,76.90210362208907,75.84037600279507,77.95075266323619,0.0,0.0,0.0,0.0,0.0,0.0,0.0,0.0,0.0
53,53,83.7626725546749,68.09992239704297,86.65757878134038,77.06002012317343,75.99217280620097,78.31004781095385,0.0,0.0,0.0,0.0,0.0,0.0,0.0,0.0,0.0
54,54,83.28360765660275,67.69469262840184,86.61907539058559,77.21154709215611,76.13782573038021,78.6664745297622,0.0,0.0,0.0,0.0,0.0,0.0,0.0,0.0,0.0
55,55,82.80350849756893,67.29173037396538,86.57009575734716,77.35655084720807,76.27721427985729,79.019816643495,0.0,0.0,0.0,0.0,0.0,0.0,0.0,0.0,0.0
56,56,82.32261277753595,0.0,86.51070948514233,77.49492034006532,76.41022671001095,79.36986818558948,0.0,0.0,0.0,0.0,0.0,0.0,0.0,0.0,0.0
57,57,81.84114299340304,0.0,86.44095949857956,77.62654030242065,76.53676695824275,79.71641248605415,0.0,0.0,0.0,0.0,0.0,0.0,0.0,0.0,0.0
58,58,81.35933701015901,0.0,86.36093847646744,77.75130502914878,76.65672161850215,80.05921470644105,0.0,0.0,0.0,0.0,0.0,0.0,0.0,0.0,0.0
59,59,80.87740217372723,0.0,86.27072065854362,77.86910486632353,76.76999326168831,80.39807278510618,0.0,0.0,0.0,0.0,0.0,0.0,0.0,0.0,0.0
60,60,80.39553874192494,0.0,86.1704125663096,77.97984699467885,76.8765007843587,80.73273766640003,0.0,0.0,0.0,0.0,0.0,0.0,0.0,0.0,0.0
61,61,79.91395446575524,0.0,86.06011886075962,78.0834280612497,76.97615278786633,81.06298630883009,67.65184148312517,0.0,0.0,0.0,0.0,0.0,0.0,0.0,0.0
62,62,79.43283511494563,0.0,85.93995902421817,78.17977581593922,77.06885427777243,81.38859298175065,68.07846971977973,0.0,0.0,0.0,0.0,0.0,0.0,0.0,0.0
63,63,78.95235252440727,0.0,85.8100502876148,78.26880085526453,77.15454730928339,81.70930669931819,68.50809150625783,0.0,0.0,0.0,0.0,0.0,0.0,0.0,0.0
64,64,78.47269310792171,0.0,85.67052420917588,78.35041743410751,77.23314369085959,82.02491171136775,68.94066942486795,0.0,0.0,0.0,0.0,0.0,0.0,0.0,0.0
65,65,77.99401520014727,0.0,85.52154292525465,78.42456456988494,77.3045858661566,82.33515216050715,69.37617417203873,0.0,0.0,0.0,0.0,0.0,0.0,0.0,0.0
66,66,77.51647775695501,0.0,85.3632487545211,78.4911713487245,77.36881326439068,82.63979295726782,69.81454638434828,0.0,0.0,0.0,0.0,0.0,0.0,0.0,0.0
67,67,77.04022655429533,0.0,85.19580561686264,78.55019196595778,77.4257623314164,82.93859744611323,70.255750892268,0.0,0.0,0.0,0.0,0.0,0.0,0.0,0.0
68,68,76.5654080444664,0.0,85.01937378980234,78.60155682888093,77.47539385893052,83.2313276664149,70.69972725169995,0.0,0.0,0.0,0.0,0.0,0.0,0.0,0.0
69,69,76.09215590175948,0.0,84.83414250323574,78.64522869228178,77.51766587965682,83.51773669970552,71.14642273361049,0.0,0.0,0.0,0.0,0.0,0.0,0.0,0.0
70,70,75.62059805409297,0.0,84.64028025166247,78.681174760009,77.55253368974597,83.79758464889194,71.59578128367492,0.0,0.0,0.0,0.0,0.0,0.0,0.0,0.0
71,71,75.15085038738128,0.0,84.43797555731702,78.70935969667559,77.57997040324129,84.07063117650448,72.0477316221997,0.0,0.0,0.0,0.0,0.0,0.0,0.0,0.0
72,72,74.68303628297097,0.0,84.22742822172066,78.72974565461011,77.59996021238403,84.33665198058877,72.50220431417776,0.0,0.0,0.0,0.0,0.0,0.0,0.0,0.0
73,73,74.21725465146102,0.0,84.00884078491751,78.7423345903175,77.61247105407614,84.59539895238211,72.95913202510424,0.0,0.0,0.0,0.0,0.0,0.0,0.0,0.0
74,74,73.75361214601304,0.0,83.78241022571935,78.74710492532716,77.61750253513758,84.84663248054433,73.41841916294157,0.0,0.0,0.0,0.0,0.0,0.0,0.0,0.0
75,75,73.29220419141458,0.0,83.54834373003858,78.74404677110036,77.61504490030347,85.09013849773747,73.87998984821776,0.0,0.0,0.0,0.0,0.0,0.0,0.0,0.0
76,76,72.83312152413238,0.0,83.30685816136463,78.73317603995565,77.60510641600217,85.32568815167494,74.34375165267004,0.0,0.0,0.0,0.0,0.0,0.0,0.0,0.0
77,77,72.3764503150884,0.0,83.05816383883507,78.71449216093106,77.58768598782261,85.55305431695365,74.80960106420058,0.0,0.0,0.0,0.0,0.0,0.0,0.0,0.0
78,78,71.9222605362638,0.0,82.80248004718989,78.68801329398217,77.56280736465907,85.77201194921089,75.27744228465669,0.0,0.0,0.0,0.0,0.0,0.0,0.0,0.0
79,79,71.47063003796877,0.0,82.54003449610668,78.65376923609762,77.53049172921455,85.98235524821641,75.74715530697482,0.0,0.0,0.0,0.0,0.0,0.0,0.0,0.0
80,80,71.0216324628906,0.0,82.27103969652457,78.6117873015164,77.49076450979344,86.18388153790436,76.21863419152339,0.0,0.0,0.0,0.0,0.0,0.0,0.0,0.0
81,81,70.57532038789479,0.0,81.99571609654176,78.56210633577498,77.44365534053208,86.37638312637357,76.69174806377302,0.0,0.0,0.0,0.0,0.0,0.0,0.0,0.0
82,82,70.13176563334683,0.0,81.71429913877772,78.50476961080368,77.38921162730693,86.55966449474043,77.16636682856404,0.0,0.0,0.0,0.0,0.0,0.0,0.0,0.0
83,83,69.69101380309723,0.0,81.42700832082241,78.43981776291066,77.32747800296868,86.73353427916253,77.64236146066104,0.0,0.0,0.0,0.0,0.0,0.0,0.0,0.0
84,84,69.2531184954697,0.0,81.13407738199508,78.36732367574807,77.25850987122323,86.89782277505037,78.11957657058966,0.0,0.0,0.0,0.0,0.0,0.0,0.0,0.0
85,85,68.81812456690525,0.0,80.83571637943808,78.28734337415959,77.18235972610437,87.05235674965888,78.59786412090567,0.0,0.0,0.0,0.0,0.0,0.0,0.0,0.0
86,86,68.38607389099741,0.0,80.53216385989198,78.19994392708566,77.09909064250965,87.19695960055866,79.07706284424918,0.0,0.0,0.0,0.0,0.0,0.0,0.0,0.0
87,87,67.95700020811832,0.0,80.22364163369977,78.10521020330964,77.00878285168423,87.3314948730458,79.55701209176178,0.0,0.0,0.0,0.0,0.0,0.0,0.0,0.0
88,88,67.53095027864958,0.0,79.91036236715924,78.00321000937191,76.91150658192068,87.45580624563652,80.03753032558357,0.0,0.0,0.0,0.0,0.0,0.0,0.0,0.0
89,89,0.0,0.0,79.59255845756857,77.89404250430056,76.80733551949122,87.56976100719555,80.5184288841564,0.0,0.0,0.0,0.0,0.0,0.0,0.0,0.0
90,90,0.0,0.0,79.27044526659508,77.77778956229135,76.69636675365894,87.6732330929393,80.99952679708265,0.0,0.0,0.0,0.0,0.0,0.0,0.0,0.0
91,91,0.0,0.0,78.94424275785254,77.65456390873543,76.57868037355428,87.76612084118243,81.4806214082555,0.0,0.0,0.0,0.0,0.0,0.0,0.0,0.0
92,92,0.0,0.0,78.61416098322016,77.52445389968706,76.4543794979936,87.84830354943084,81.96149504845461,0.0,0.0,0.0,0.0,0.0,0.0,0.0,0.0
93,93,0.0,0.0,78.28041414253101,77.38757146808182,76.32356333901713,87.91969415136215,82.44193768907192,0.0,0.0,0.0,0.0,0.0,0.0,0.0,0.0
94,94,0.0,0.0,77.94321323199416,77.24403127470383,76.18633376470959,87.98022204608404,82.92172434218102,67.14970706703356,0.0,0.0,0.0,0.0,0.0,0.0,0.0
95,95,0.0,0.0,77.60275906027644,77.09395054282902,76.04280172789984,88.02981569857711,83.40062247191864,67.54737700102388,0.0,0.0,0.0,0.0,0.0,0.0,0.0
96,96,0.0,0.0,77.25926277104394,76.93744889233243,75.89308044839012,88.0684115420859,83.87838396855324,67.94717230893293,0.0,0.0,0.0,0.0,0.0,0.0,0.0
97,97,0.0,0.0,76.91291151029688,76.77464817363145,75.73727874064053,88.09598057083193,84.3547527624504,68.34902616618196,0.0,0.0,0.0,0.0,0.0,0.0,0.0
98,98,0.0,0.0,76.56391586147673,76.60567230182635,75.57552047057442,88.11247557507157,84.82947299786296,68.75288439835327,0.0,0.0,0.0,0.0,0.0,0.0,0.0
99,99,0.0,0.0,76.21245573073932,76.43066036785382,75.40793120054568,88.11788410535615,85.30227296630416,69.15867373153955,0.0,0.0,0.0,0.0,0.0,0.0,0.0
100,100,0.0,0.0,75.8587207185338,76.24974633962226,75.2346315952452,88.11220207812629,85.77287304230727,69.56633925163695,0.0,0.0,0.0,0.0,0.0,0.0,0.0
101,101,0.0,0.0,75.50289647986621,76.06306561640861,75.05575021719257,88.09544260251558,86.24098573446695,69.97580109569381,0.0,0.0,0.0,0.0,0.0,0.0,0.0
102,102,0.0,0.0,75.14516466056118,75.87075485883211,74.87142321982343,88.06760950381607,86.70632430017652,70.38698122395282,0.0,0.0,0.0,0.0,0.0,0.0,0.0
103,103,0.0,0.0,74.78569648768976,75.67295182126738,74.68177501606083,88.02874138406189,87.16857739197758,70.79979796312199,0.0,0.0,0.0,0.0,0.0,0.0,0.0
104,104,0.0,0.0,74.42466561970332,75.46981460411237,74.48694366611701,87.97888506758379,87.62742571136043,71.21417168490545,0.0,0.0,0.0,0.0,0.0,0.0,0.0
105,105,0.0,0.0,74.0622353379708,75.26147589977874,74.28706785397661,87.91808671860429,88.08255978328486,71.63000173784152,0.0,0.0,0.0,0.0,0.0,0.0,0.0
106,106,0.0,0.0,73.6985649968163,75.04808194158939,74.08228049504474,87.84642687653444,88.53364540101919,72.04720663973957,0.0,0.0,0.0,0.0,0.0,0.0,0.0
107,107,0.0,0.0,73.3338222254815,74.82979198508302,73.87272116296482,87.7639850912925,88.9803499030923,72.46567165260682,0.0,0.0,0.0,0.0,0.0,0.0,0.0
108,108,0.0,0.0,72.96814600461673,74.60674614545941,73.65853576875237,87.67083983185131,89.42233375626033,72.88530131239096,0.0,0.0,0.0,0.0,0.0,0.0,0.0
109,109,0.0,0.0,72.60170178388981,74.37909095565469,73.43986397601921,87.56711198191739,89.8592416247613,73.30597798588161,0.0,0.0,0.0,0.0,0.0,0.0,0.0
110,110,0.0,0.0,72.23461474530116,74.1469852762624,73.21684533240946,87.45290338173422,90.29072073028776,73.72758545257552,0.0,0.0,0.0,0.0,0.0,0.0,0.0
111,111,0.0,0.0,71.86704205218298,73.91058113118297,72.98961913436136,87.3283402693206,90.71641224836505,74.15000917606363,0.0,0.0,0.0,0.0,0.0,0.0,0.0
112,112,0.0,0.0,71.49910134566996,73.67002375941982,72.75833031207124,87.19355552431121,91.13595164160704,74.57311130884284,0.0,0.0,0.0,0.0,0.0,0.0,0.0
113,113,0.0,0.0,71.13093580586622,73.42546393420479,72.52311715565654,87.04869701949218,91.548969023366,74.99676789497452,0.0,0.0,0.0,0.0,0.0,0.0,0.0
114,114,0.0,0.0,70.76266716071875,73.17705154358674,72.28412919802402,86.89392720066276,91.95507994344763,75.42083756039989,0.0,0.0,0.0,0.0,0.0,0.0,0.0
115,115,0.0,0.0,70.3944134993447,72.92493546350384,72.04150310994163,86.72939698824284,92.35390478081533,75.84517379921576,0.0,0.0,0.0,0.0,0.0,0.0,0.0
116,116,0.0,0.0,70.0263004460914,72.66926943766703,71.79538055467805,86.5552883707462,92.74507939927327,76.26962491118489,0.0,0.0,0.0,0.0,0.0,0.0,0.0
117,117,0.0,0.0,69.65842752590758,72.4101998324033,71.54590787895245,86.37177966990865,93.12820716877657,76.69403394495372,0.0,0.0,0.0,0.0,0.0,0.0,0.0
118,118,0.0,0.0,69.29091847238406,72.14787165418345,71.29321269981645,86.17905382841633,93.50291787543095,77.11823188926523,0.0,0.0,0.0,0.0,0.0,0.0,0.0
119,119,0.0,0.0,68.92386583624896,71.88242844655619,71.03743882909635,85.97730648535617,93.86880937868875,77.54206458742907,0.0,0.0,0.0,0.0,0.0,0.0,0.0
120,120,0.0,0.0,68.55737519986812,71.61402384877202,70.77872848266331,85.76673708635579,94.22550755158552,77.96533855960986,0.0,0.0,0.0,0.0,0.0,0.0,0.0
121,121,0.0,0.0,68.19154322576686,71.34279214447758,70.51721088724835,85.54756517533606,94.5726273715967,78.3878889286371,0.0,0.0,0.0,0.0,0.0,0.0,0.0
122,122,0.0,0.0,67.82645799137494,71.06887753330264,70.25302505135058,85.31998825298889,94.90979363375304,78.80951069592827,0.0,0.0,0.0,0.0,0.0,0.0,0.0
123,123,0.0,0.0,67.46221483510969,70.79241652327181,69.9862970011667,85.08423968191643,95.2366213380031,79.23001391387085,0.0,0.0,0.0,0.0,0.0,0.0,0.0
124,124,0.0,0.0,0.0,70.51355502901873,69.71716774956705,84.84053835177973,95.55275750056572,79.64919597757078,0.0,0.0,0.0,0.0,0.0,0.0,0.0
125,125,0.0,0.0,0.0,70.23241982769753,69.44575970504492,84.5890969268012,95.85780975361929,80.06685582461355,0.0,0.0,0.0,0.0,0.0,0.0,0.0
126,126,0.0,0.0,0.0,69.9491469701527,69.17219900149931,84.33016216786015,96.15144026662794,80.48277225104003,0.0,0.0,0.0,0.0,0.0,0.0,0.0
127,127,0.0,0.0,0.0,69.66387024280867,68.89661522673133,84.06396541761308,96.43327294199615,80.89672549360102,0.0,0.0,0.0,0.0,0.0,0.0,0.0
128,128,0.0,0.0,0.0,69.37671564478838,68.61913580280607,83.79073074562801,96.70298852893765,81.30848262756493,0.0,0.0,0.0,0.0,0.0,0.0,0.0
129,129,0.0,0.0,0.0,69.08780699127782,68.33987001601406,83.51070659452733,96.96024134285527,81.71782759841334,0.0,0.0,0.0,0.0,0.0,0.0,0.0
130,130,0.0,0.0,0.0,68.79727662853317,68.05894647225732,83.22413318282375,97.20470205654222,82.12450111698654,0.0,0.0,0.0,0.0,0.0,0.0,0.0
131,131,0.0,0.0,0.0,68.50523827639886,67.77648086797026,82.93124246079613,97.43606948210403,82.52827625065038,0.0,0.0,0.0,0.0,0.0,0.0,0.0
132,132,0.0,0.0,0.0,68.2118141156753,67.49258674465538,82.63227361198437,97.65403925958707,82.9288900787928,0.0,0.0,0.0,0.0,0.0,0.0,0.0
133,133,0.0,0.0,0.0,67.91712382094329,67.20737545957816,82.32748019252281,97.85831517116364,83.32608175481698,0.0,0.0,0.0,0.0,0.0,0.0,0.0
134,134,0.0,0.0,0.0,67.62127934081548,0.0,82.01708341286505,98.04864260010739,83.71960894951204,0.0,0.0,0.0,0.0,0.0,0.0,0.0
135,135,0.0,0.0,0.0,67.32438510649953,0.0,81.70134130391813,98.22476594600941,84.1091848090019,0.0,0.0,0.0,0.0,0.0,0.0,0.0
136,136,0.0,0.0,0.0,0.0,0.0,81.38048679032863,98.38644002306715,84.49454928543057,0.0,0.0,0.0,0.0,0.0,0.0,0.0
137,137,0.0,0.0,0.0,0.0,0.0,81.05475073407511,98.53344169026059,84.875421688583,0.0,0.0,0.0,0.0,0.0,0.0,0.0
138,138,0.0,0.0,0.0,0.0,0.0,80.7243691184156,98.6655816442552,85.2515249366523,0.0,0.0,0.0,0.0,0.0,0.0,0.0
139,139,0.0,0.0,0.0,0.0,0.0,80.38958253324384,98.78266085914423,85.62256948660706,0.0,0.0,0.0,0.0,0.0,0.0,0.0
140,140,0.0,0.0,0.0,0.0,0.0,80.05061381991977,98.88452635828853,85.98827002740094,0.0,0.0,0.0,0.0,0.0,0.0,0.0
141,141,0.0,0.0,0.0,0.0,0.0,79.70769016171603,98.97102746884634,86.34834610536578,0.0,0.0,0.0,0.0,0.0,0.0,0.0
142,142,0.0,0.0,0.0,0.0,0.0,79.36104260208987,99.042038393196,86.70248858803126,0.0,0.0,0.0,0.0,0.0,0.0,0.0
143,143,0.0,0.0,0.0,0.0,0.0,79.01088428802124,99.09748095329525,87.05041059601339,0.0,0.0,0.0,0.0,0.0,0.0,0.0
144,144,0.0,0.0,0.0,0.0,0.0,78.65743907646156,99.13724684374606,87.39180546901892,0.0,0.0,0.0,0.0,0.0,0.0,0.0
145,145,0.0,0.0,0.0,0.0,0.0,78.30091986674964,99.16130942058356,87.7263901617246,0.0,0.0,0.0,0.0,0.0,0.0,0.0
146,146,0.0,0.0,0.0,0.0,0.0,77.94153569979188,99.16960109140653,88.05386254772044,0.0,0.0,0.0,0.0,0.0,0.0,0.0
147,147,0.0,0.0,0.0,0.0,0.0,77.57949848909519,99.16213629046844,88.3739188882079,0.0,0.0,0.0,0.0,0.0,0.0,0.0
148,148,0.0,0.0,0.0,0.0,0.0,77.21499550310395,99.13892213234752,88.68626317305944,0.0,0.0,0.0,0.0,0.0,0.0,0.0
149,149,0.0,0.0,0.0,0.0,0.0,76.84823721933037,99.09998073181056,88.99058985187719,0.0,0.0,0.0,0.0,0.0,0.0,0.0
150,150,0.0,0.0,0.0,0.0,0.0,76.47940943990565,99.04537144659255,89.28662019703934,0.0,0.0,0.0,0.0,0.0,0.0,0.0
151,151,0.0,0.0,0.0,0.0,0.0,76.10870710420294,98.97517949936105,89.57405804989337,0.0,0.0,0.0,0.0,0.0,0.0,0.0
152,152,0.0,0.0,0.0,0.0,0.0,75.73630752108008,98.88949346329211,89.8526080281059,0.0,0.0,0.0,0.0,0.0,0.0,0.0
153,153,0.0,0.0,0.0,0.0,0.0,75.36239033059425,98.78844947487202,90.12198522757286,0.0,0.0,0.0,0.0,0.0,0.0,0.0
154,154,0.0,0.0,0.0,0.0,0.0,74.9871307597466,98.67217526510578,90.38192525825609,0.0,0.0,0.0,0.0,0.0,0.0,0.0
155,155,0.0,0.0,0.0,0.0,0.0,74.61069959824681,98.54083420191105,90.63212923400093,0.0,0.0,0.0,0.0,0.0,0.0,0.0
156,156,0.0,0.0,0.0,0.0,0.0,74.23325692088042,98.39462461220778,90.87234768916782,0.0,0.0,0.0,0.0,0.0,0.0,0.0
157,157,0.0,0.0,0.0,0.0,0.0,73.85497099346014,98.2337241509955,91.10230685534508,0.0,0.0,0.0,0.0,0.0,0.0,0.0
158,158,0.0,0.0,0.0,0.0,0.0,73.47598082711077,98.05837727202932,91.32175581019105,0.0,0.0,0.0,0.0,0.0,0.0,0.0
159,159,0.0,0.0,0.0,0.0,0.0,73.09644602587498,97.86880664226693,91.53045790399828,0.0,0.0,0.0,0.0,0.0,0.0,0.0
160,160,0.0,0.0,0.0,0.0,0.0,72.7165154906836,97.66526738974478,91.72816275578086,0.0,0.0,0.0,0.0,0.0,0.0,0.0
161,161,0.0,0.0,0.0,0.0,0.0,72.33632180982846,97.44802449046034,91.91465431890771,0.0,0.0,0.0,0.0,0.0,0.0,0.0
162,162,0.0,0.0,0.0,0.0,0.0,71.95599956041426,97.21738436848304,92.08971338018537,0.0,0.0,0.0,0.0,0.0,0.0,0.0
163,163,0.0,0.0,0.0,0.0,0.0,71.57567920236063,96.97361865763608,92.25312748585488,0.0,0.0,0.0,0.0,0.0,0.0,0.0
164,164,0.0,0.0,0.0,0.0,0.0,71.19548711224147,96.71706028495264,92.40472049514649,0.0,0.0,0.0,0.0,0.0,0.0,0.0
165,165,0.0,0.0,0.0,0.0,0.0,70.81554562170818,96.44801682053414,92.54428533254054,0.0,0.0,0.0,0.0,0.0,0.0,0.0
166,166,0.0,0.0,0.0,0.0,0.0,70.43597306016129,96.16683372011343,92.6716716389933,67.36124788548832,0.0,0.0,0.0,0.0,0.0,0.0
167,167,0.0,0.0,0.0,0.0,0.0,70.05687264687523,95.8738509301071,92.78672812381545,67.7501924143959,0.0,0.0,0.0,0.0,0.0,0.0
168,168,0.0,0.0,0.0,0.0,0.0,69.67836072788232,95.56942325807893,92.88929295731326,68.14087382307935,0.0,0.0,0.0,0.0,0.0,0.0
169,169,0.0,0.0,0.0,0.0,0.0,69.30053318097715,95.25389872583838,92.9792626659944,68.5332261930564,0.0,0.0,0.0,0.0,0.0,0.0
170,170,0.0,0.0,0.0,0.0,0.0,68.92349335593188,94.92765919071796,93.05651417277147,68.92718054856167,0.0,0.0,0.0,0.0,0.0,0.0
171,171,0.0,0.0,0.0,0.0,0.0,68.5473301788579,94.59106776547091,93.12094421251216,69.3226593243467,0.0,0.0,0.0,0.0,0.0,0.0
172,172,0.0,0.0,0.0,0.0,0.0,68.17213992114807,94.24449914671244,93.17248938257133,69.71958702870252,0.0,0.0,0.0,0.0,0.0,0.0
173,173,0.0,0.0,0.0,0.0,0.0,67.79800478176246,93.88832858183707,93.21107711966756,70.11787372328698,0.0,0.0,0.0,0.0,0.0,0.0
174,174,0.0,0.0,0.0,0.0,0.0,67.42500385778288,93.52296105597625,93.23665539774545,70.517436918747,0.0,0.0,0.0,0.0,0.0,0.0
175,175,0.0,0.0,0.0,0.0,0.0,0.0,93.14875061591965,93.2492027722988,70.918184994115,0.0,0.0,0.0,0.0,0.0,0.0
176,176,0.0,0.0,0.0,0.0,0.0,0.0,92.76610933561228,93.24868895522262,71.32001680558942,0.0,0.0,0.0,0.0,0.0,0.0
177,177,0.0,0.0,0.0,0.0,0.0,0.0,92.37539766034112,93.23511437829553,71.72282713453858,0.0,0.0,0.0,0.0,0.0,0.0
178,178,0.0,0.0,0.0,0.0,0.0,0.0,91.97701243612823,93.20851019118548,72.12652434901304,67.32501864252718,0.0,0.0,0.0,0.0,0.0
179,179,0.0,0.0,0.0,0.0,0.0,0.0,91.57132756052422,93.16889869703296,72.53098350530045,67.39504370721755,0.0,0.0,0.0,0.0,0.0
180,180,0.0,0.0,0.0,0.0,0.0,0.0,91.15872266740367,93.11634262708503,72.9360869358373,67.460306508969,0.0,0.0,0.0,0.0,0.0
181,181,0.0,0.0,0.0,0.0,0.0,0.0,90.73958224527465,93.05088582857213,73.34172484901814,67.52076858277053,0.0,0.0,0.0,0.0,0.0
182,182,0.0,0.0,0.0,0.0,0.0,0.0,90.31425769633987,92.97263192103327,73.7477588642711,67.57637781707105,0.0,0.0,0.0,0.0,0.0
183,183,0.0,0.0,0.0,0.0,0.0,0.0,89.88313252113709,92.88166527537672,74.15406433792008,67.62710995622452,0.0,0.0,0.0,0.0,0.0
184,184,0.0,0.0,0.0,0.0,0.0,0.0,89.44656563812603,92.7780999825303,74.56049974513866,67.67292720707755,0.0,0.0,0.0,0.0,0.0
185,185,0.0,0.0,0.0,0.0,0.0,0.0,89.00490093349958,92.66206964523273,74.96691871737394,67.71379379995575,0.0,0.0,0.0,0.0,0.0
186,186,0.0,0.0,0.0,0.0,0.0,0.0,88.558503055369,92.53370750599785,75.37318290673254,67.74969168116164,0.0,0.0,0.0,0.0,0.0
187,187,0.0,0.0,0.0,0.0,0.0,0.0,88.10770285597114,92.3931753781007,75.77913001425337,67.78058930292902,0.0,0.0,0.0,0.0,0.0
188,188,0.0,0.0,0.0,0.0,0.0,0.0,87.65284215336737,92.24064368036814,76.18459909283189,67.80647292919032,0.0,0.0,0.0,0.0,0.0
189,189,0.0,0.0,0.0,0.0,0.0,0.0,87.19424668580119,92.07629106654898,76.58943086742056,67.8273205826706,67.48139200615431,0.0,0.0,0.0,0.0
190,190,0.0,0.0,0.0,0.0,0.0,0.0,86.73224347041726,91.90030404380137,76.99344785758733,67.84311772430746,67.90480271378458,0.0,0.0,0.0,0.0
191,191,0.0,0.0,0.0,0.0,0.0,0.0,86.26713480965157,91.7129052564001,77.39647408049251,67.85385728745415,68.33114608958323,0.0,0.0,0.0,0.0
192,192,0.0,0.0,0.0,0.0,0.0,0.0,85.79923252586505,91.5143048817786,77.79832852059317,67.85952923222726,68.76038389234874,67.37258332438222,0.0,0.0,0.0
193,193,0.0,0.0,0.0,0.0,0.0,0.0,85.32882383427979,91.30472901430838,78.19881818481527,67.86013101632113,69.1924750667275,67.54314126264228,0.0,0.0,0.0
194,194,0.0,0.0,0.0,0.0,0.0,0.0,84.85620489302092,91.08441900613029,78.59775882063349,67.85566236996388,69.62738115753305,67.70996436763124,0.0,0.0,0.0
195,195,0.0,0.0,0.0,0.0,0.0,0.0,84.38165554315081,90.85361201439906,78.99494019454659,67.84612529621965,70.06504982540666,67.8729594052601,0.0,0.0,0.0
196,196,0.0,0.0,0.0,0.0,0.0,0.0,83.90544771374817,90.61256876644477,79.3901537083592,67.83152406874447,70.50542535242097,68.03202824195034,0.0,0.0,0.0
197,197,0.0,0.0,0.0,0.0,0.0,0.0,83.42782957097522,90.36155403389893,79.78320003343642,67.81187567802243,70.94845425489571,68.18707837817963,0.0,0.0,0.0
198,198,0.0,0.0,0.0,0.0,0.0,0.0,82.94907332217355,90.10083614599817,80.17385335673802,67.78718367746242,71.39407395111762,68.33801785268591,0.0,0.0,0.0
199,199,0.0,0.0,0.0,0.0,0.0,0.0,82.46940385117122,89.83068650958478,80.56189726197576,67.75747474667367,71.8422240262603,68.4847553323748,0.0,0.0,0.0
200,200,0.0,0.0,0.0,0.0,0.0,0.0,81.98906973897103,89.55137913703203,80.94710318373235,67.72276209747861,72.29282867462189,68.62719485171262,0.0,0.0,0.0
201,201,0.0,0.0,0.0,0.0,0.0,0.0,81.50828865197145,89.26321734660218,81.32923015044614,67.68307155623533,72.74581389173902,68.765251917984,0.0,0.0,0.0
202,202,0.0,0.0,0.0,0.0,0.0,0.0,81.02727856994218,88.9664784419058,81.70805489147128,67.6384258816592,73.20109555421465,68.898837637462,0.0,0.0,0.0
203,203,0.0,0.0,0.0,0.0,0.0,0.0,80.54626476765424,88.66145881347795,82.08332707603425,67.58886034198274,73.65859125767943,69.02787494627788,0.0,0.0,0.0
204,204,0.0,0.0,0.0,0.0,0.0,0.0,80.06542801203638,88.34844627209715,82.45479930970342,67.53440705366184,74.11820809798697,69.15226629657631,0.0,0.0,0.0
205,205,0.0,0.0,0.0,0.0,0.0,0.0,79.58496441059873,88.02773754009888,82.82222764122201,67.47509498078071,74.57984217040901,69.27194789175157,0.0,0.0,0.0
206,206,0.0,0.0,0.0,0.0,0.0,0.0,79.10506996079356,87.6996462515178,83.1853484889476,67.4109705992414,75.04339725552651,69.38682468780068,0.0,0.0,0.0
207,207,0.0,0.0,0.0,0.0,0.0,0.0,78.62590509138475,87.36444983677244,83.54390987207054,67.34206678312763,75.50875957384572,69.4968358011686,0.0,0.0,0.0
208,208,0.0,0.0,0.0,0.0,0.0,0.0,78.14764505623788,87.02246791565663,83.897648301249,0.0,75.9758165522468,69.60189456357001,0.0,0.0,0.0
209,209,0.0,0.0,0.0,0.0,0.0,0.0,77.67045133593176,86.6739748586377,84.24630479432318,0.0,76.44443718608373,69.70193788020724,0.0,0.0,0.0
210,210,0.0,0.0,0.0,0.0,0.0,0.0,77.19447894560061,86.31928581777076,84.58960105429402,0.0,76.91449799830019,69.79689895550527,0.0,0.0,0.0
211,211,0.0,0.0,0.0,0.0,0.0,0.0,76.7198631736113,85.95869586983117,84.92728005137327,0.0,77.38585652116983,69.88670729413917,0.0,0.0,0.0
212,212,0.0,0.0,0.0,0.0,0.0,0.0,76.24674694987019,85.59248871443583,85.25906596949295,0.0,77.85837791094116,69.97130540375669,0.0,0.0,0.0
213,213,0.0,0.0,0.0,0.0,0.0,0.0,75.77526709059484,85.22096149000329,85.58468049779941,0.0,78.33190080902612,70.050632278599,0.0,0.0,0.0
214,214,0.0,0.0,0.0,0.0,0.0,0.0,75.30553509374855,84.844391048184,85.90385152846868,0.0,78.80627125978272,70.12462899688472,0.0,0.0,0.0
215,215,0.0,0.0,0.0,0.0,0.0,0.0,74.83767665412314,84.46307495118897,86.21632223899086,0.0,79.28132202325213,70.19325559270747,0.0,0.0,0.0
216,216,0.0,0.0,0.0,0.0,0.0,0.0,74.37179916030858,84.07728995964291,86.52179247984043,0.0,79.75687928007815,70.25645201723837,0.0,0.0,0.0
217,217,0.0,0.0,0.0,0.0,0.0,0.0,73.90800502641623,83.68730845829528,86.82001185487798,0.0,80.23276253801028,70.31417732772088,0.0,0.0,0.0
218,218,0.0,0.0,0.0,0.0,0.0,0.0,73.44639794243254,83.2933982504411,87.11069561949019,0.0,80.70877714371454,70.36639301069809,0.0,0.0,0.0
219,219,0.0,0.0,0.0,0.0,0.0,0.0,72.9870705063395,82.89583798837424,87.39358465543441,0.0,81.18472874659912,70.41305739736376,0.0,0.0,0.0
220,220,0.0,0.0,0.0,0.0,0.0,0.0,72.53009875467468,82.49487758369504,87.66839429856567,0.0,81.66040850990541,70.45413695883917,0.0,0.0,0.0
221,221,0.0,0.0,0.0,0.0,0.0,0.0,72.07557254828183,82.09076981645529,87.93488421823639,0.0,82.13560027590096,70.48960638763997,0.0,0.0,0.0
222,222,0.0,0.0,0.0,0.0,0.0,0.0,71.62357125218675,81.68378498897083,88.19277176051413,0.0,82.61008051384972,70.51943736066902,0.0,0.0,0.0
223,223,0.0,0.0,0.0,0.0,0.0,0.0,71.17415271821773,81.27414962072218,88.44181106718612,0.0,83.08361828024653,70.54360985920698,0.0,0.0,0.0
224,224,0.0,0.0,0.0,0.0,0.0,0.0,70.72739427902182,80.86210768553903,88.68174981991558,0.0,83.55596725859424,70.56210656112928,0.0,0.0,0.0
225,225,0.0,0.0,0.0,0.0,0.0,0.0,70.28334651279194,80.44788997068954,88.91233839551018,0.0,84.02688936847873,70.57490720402187,0.0,0.0,0.0
226,226,0.0,0.0,0.0,0.0,0.0,0.0,69.84207357941818,80.03172894271994,89.13333932282363,0.0,84.49611509907169,70.58201124403521,0.0,0.0,0.0
227,227,0.0,0.0,0.0,0.0,0.0,0.0,69.40363037771664,79.61384390656447,89.34451886098327,0.0,84.96338319557518,70.58340957812055,0.0,0.0,0.0
228,228,0.0,0.0,0.0,0.0,0.0,0.0,68.96805219564888,79.1944413421622,89.54564742011867,0.0,85.42842500757934,70.57910152803754,0.0,0.0,0.0
229,229,0.0,0.0,0.0,0.0,0.0,0.0,68.53539319572828,78.77374345808677,89.73651828631395,0.0,85.89093939408433,70.5690891832101,0.0,0.0,0.0
230,230,0.0,0.0,0.0,0.0,0.0,0.0,68.10568826447668,78.35193123264682,89.91691166470638,0.0,86.3506507600918,70.55337739819349,0.0,0.0,0.0
231,231,0.0,0.0,0.0,0.0,0.0,0.0,67.67897493424564,77.92922220083103,90.08663160454016,0.0,86.80725957274453,70.53199074620281,0.0,0.0,0.0
232,232,0.0,0.0,0.0,0.0,0.0,0.0,67.25528800433919,77.50578629135781,90.24547898352004,0.0,87.26045023219213,70.50492825442537,0.0,0.0,0.0
233,233,0.0,0.0,0.0,0.0,0.0,0.0,0.0,77.08180885077856,90.39328887353115,0.0,87.70990824945575,70.4722142874246,0.0,0.0,0.0
234,234,0.0,0.0,0.0,0.0,0.0,0.0,0.0,76.65747619023145,90.52989410265637,0.0,88.15531202873223,70.43388151436368,0.0,0.0,0.0
235,235,0.0,0.0,0.0,0.0,0.0,0.0,0.0,76.23294883339766,90.65511610602486,0.0,88.5963330581813,70.38994831538056,0.0,0.0,0.0
236,236,0.0,0.0,0.0,0.0,0.0,0.0,0.0,75.80839531459321,90.7688305612051,0.0,89.03262711911565,70.34044696398242,0.0,0.0,0.0
237,237,0.0,0.0,0.0,0.0,0.0,0.0,0.0,75.3839656591771,90.8708932164775,0.0,89.46387047339502,70.28541228664083,0.0,0.0,0.0
238,238,0.0,0.0,0.0,0.0,0.0,0.0,0.0,74.95981131934039,90.96118686156616,0.0,89.88968798778562,70.2248928252424,0.0,0.0,0.0
239,239,0.0,0.0,0.0,0.0,0.0,0.0,0.0,74.53607855357319,91.03960295146256,0.0,90.30974394929846,70.15891712262655,0.0,0.0,0.0
240,240,0.0,0.0,0.0,0.0,0.0,0.0,0.0,74.11291473123879,91.10606070645296,0.0,90.72367907611954,70.0875441213037,0.0,0.0,0.0
241,241,0.0,0.0,0.0,0.0,0.0,0.0,0.0,73.6904371919656,91.16046022772711,0.0,91.13111945467139,70.01081826257652,0.0,0.0,0.0
242,242,0.0,0.0,0.0,0.0,0.0,0.0,0.0,73.26878353503896,91.20274868502219,0.0,91.53170507444491,69.92879182913853,0.0,0.0,0.0
243,243,0.0,0.0,0.0,0.0,0.0,0.0,0.0,72.84807409973646,91.23288281913754,0.0,91.92505266887677,69.84153036126405,67.4947971482221,0.0,0.0
244,244,0.0,0.0,0.0,0.0,0.0,0.0,0.0,72.42841870572556,91.25081011017498,0.0,92.3108037627562,69.74908480085804,67.88268729971233,0.0,0.0
245,245,0.0,0.0,0.0,0.0,0.0,0.0,0.0,72.00993475245275,91.25651615598102,0.0,92.68857754421192,69.6515192025281,68.27220126644933,0.0,0.0
246,246,0.0,0.0,0.0,0.0,0.0,0.0,0.0,71.59272914005498,91.24999637073878,0.0,93.05800009052005,69.54890501176523,68.66326970745078,0.0,0.0
247,247,0.0,0.0,0.0,0.0,0.0,0.0,0.0,71.17689293935737,91.23125599417862,0.0,93.41869537394867,69.44130994087072,69.05581475463802,0.0,0.0
248,248,0.0,0.0,0.0,0.0,0.0,0.0,0.0,70.7625305967533,91.20031953275588,0.0,93.77027582420077,69.32880343133458,69.44975511463905,0.0,0.0
249,249,0.0,0.0,0.0,0.0,0.0,0.0,0.0,70.34972527233137,91.1572306847669,0.0,94.11238280468376,69.21146201584519,69.84500599476512,0.0,0.0
250,250,0.0,0.0,0.0,0.0,0.0,0.0,0.0,69.93856215217487,91.10202391428128,0.0,94.44463762665777,69.08936371600912,70.24147903012482,0.0,0.0
251,251,0.0,0.0,0.0,0.0,0.0,0.0,0.0,69.5291336946478,91.03478097600664,0.0,94.7666720690849,68.96258795276879,70.63908788241032,0.0,0.0
252,252,0.0,0.0,0.0,0.0,0.0,0.0,0.0,69.12150106765228,90.95556469245547,0.0,95.07811909982198,68.83121545680031,71.0377255528511,0.0,0.0
253,253,0.0,0.0,0.0,0.0,0.0,0.0,0.0,68.71574412786876,90.8644940897293,0.0,95.37862387287936,68.6953335416051,71.4372981439697,0.0,0.0
254,254,0.0,0.0,0.0,0.0,0.0,0.0,0.0,68.31193371444664,90.76165946967963,0.0,95.66784472195609,68.55502522357507,71.83769057498479,0.0,0.0
255,255,0.0,0.0,0.0,0.0,0.0,0.0,0.0,67.91013205279519,90.64718795941643,0.0,95.94542275461272,68.41037455768416,72.23880111828949,0.0,0.0
256,256,0.0,0.0,0.0,0.0,0.0,0.0,0.0,67.51039314830882,90.52121498397672,0.0,96.21102401219431,68.26147713958038,72.64050634395132,0.0,0.0
257,257,0.0,0.0,0.0,0.0,0.0,0.0,0.0,0.0,90.38387469508281,0.0,96.46433017635543,68.1084239671996,73.04268431864871,0.0,0.0
258,258,0.0,0.0,0.0,0.0,0.0,0.0,0.0,0.0,90.23533683466948,0.0,96.70501826516033,67.9513067113498,73.44520874755806,0.0,0.0
259,259,0.0,0.0,0.0,0.0,0.0,0.0,0.0,0.0,90.07577829566802,0.0,96.93278240264644,67.79021762508681,73.84794891937374,0.0,0.0
260,260,0.0,0.0,0.0,0.0,0.0,0.0,0.0,0.0,89.90535520226611,0.0,97.14732402728207,67.6252494545601,74.25076965563422,0.0,0.0
261,261,0.0,0.0,0.0,0.0,0.0,0.0,0.0,0.0,89.7242854276341,0.0,97.34838486860954,67.45650052232796,74.65351859848198,0.0,0.0
262,262,0.0,0.0,0.0,0.0,0.0,0.0,0.0,0.0,89.53274690740665,0.0,97.53569418481108,67.28406936498213,75.0560510913363,0.0,0.0
263,263,0.0,0.0,0.0,0.0,0.0,0.0,0.0,0.0,89.33096890500636,0.0,97.70899064836134,0.0,75.45821788440367,0.0,0.0
264,264,0.0,0.0,0.0,0.0,0.0,0.0,0.0,0.0,89.11914936582104,0.0,97.86804473770752,0.0,75.85985202673818,0.0,0.0
265,265,0.0,0.0,0.0,0.0,0.0,0.0,0.0,0.0,88.89753619468237,0.0,98.01264875507785,0.0,76.26079458548358,0.0,0.0
266,266,0.0,0.0,0.0,0.0,0.0,0.0,0.0,0.0,88.66634531833637,0.0,98.14260656056558,0.0,76.66086860771405,0.0,0.0
267,267,0.0,0.0,0.0,0.0,0.0,0.0,0.0,0.0,88.42583228051326,0.0,98.2577450271811,0.0,77.05989865922781,0.0,0.0
268,268,0.0,0.0,0.0,0.0,0.0,0.0,0.0,0.0,88.176229011302,0.0,98.35788163500754,0.0,77.45771117040537,0.0,0.0
269,269,0.0,0.0,0.0,0.0,0.0,0.0,0.0,0.0,87.91780564350388,0.0,98.4428907620632,0.0,77.85410035428924,0.0,0.0
270,270,0.0,0.0,0.0,0.0,0.0,0.0,0.0,0.0,87.65079921592375,0.0,98.51266033215336,0.0,78.24888944374466,0.0,0.0
271,271,0.0,0.0,0.0,0.0,0.0,0.0,0.0,0.0,87.37548373003953,0.0,98.56708105910329,0.0,78.64186921714163,0.0,0.0
272,272,0.0,0.0,0.0,0.0,0.0,0.0,0.0,0.0,87.09211693621016,0.0,98.60609085341108,0.0,79.03284632036089,0.0,0.0
273,273,0.0,0.0,0.0,0.0,0.0,0.0,0.0,0.0,86.8009747354913,0.0,98.62960883272979,0.0,79.42159418994937,0.0,0.0
274,274,0.0,0.0,0.0,0.0,0.0,0.0,0.0,0.0,86.50231619781428,0.0,98.63762386447638,0.0,79.80790961681683,0.0,0.0
275,275,0.0,0.0,0.0,0.0,0.0,0.0,0.0,0.0,86.19642598273721,0.0,98.63012838840724,0.0,80.1915630638754,0.0,0.0
276,276,0.0,0.0,0.0,0.0,0.0,0.0,0.0,0.0,85.88357115600263,0.0,98.6071073761926,0.0,80.57233459163515,0.0,0.0
277,277,0.0,0.0,0.0,0.0,0.0,0.0,0.0,0.0,85.56401807462096,0.0,98.56861568555985,0.0,80.94999976082956,0.0,0.0
278,278,0.0,0.0,0.0,0.0,0.0,0.0,0.0,0.0,85.23804856011627,0.0,98.5147005763222,0.0,81.32430719776491,0.0,0.0
279,279,0.0,0.0,0.0,0.0,0.0,0.0,0.0,0.0,84.90592616349099,0.0,98.44543471602184,0.0,81.69503077906703,0.0,0.0
280,280,0.0,0.0,0.0,0.0,0.0,0.0,0.0,0.0,84.56793712373876,0.0,98.3609159323782,0.0,82.06191758185909,0.0,0.0
281,281,0.0,0.0,0.0,0.0,0.0,0.0,0.0,0.0,84.22434878068506,0.0,98.26126688251391,0.0,82.42471789906138,67.18183427630926,0.0
282,282,0.0,0.0,0.0,0.0,0.0,0.0,0.0,0.0,83.87541793548093,0.0,98.14662369480327,0.0,82.78319354419028,67.50030566899784,0.0
283,283,0.0,0.0,0.0,0.0,0.0,0.0,0.0,0.0,83.52143055506254,0.0,98.01714654042354,0.0,83.13707943974678,67.81836115851333,0.0
284,284,0.0,0.0,0.0,0.0,0.0,0.0,0.0,0.0,83.16262943601751,0.0,97.87300821477075,0.0,83.48611450405217,68.13589859829746,0.0
285,285,0.0,0.0,0.0,0.0,0.0,0.0,0.0,0.0,82.79929357148166,0.0,97.71441540796435,0.0,83.83003422456409,68.45281318114925,0.0
286,286,0.0,0.0,0.0,0.0,0.0,0.0,0.0,0.0,82.4316744458437,0.0,97.54157543388821,0.0,84.16858700167295,68.76898668741823,0.0
287,287,0.0,0.0,0.0,0.0,0.0,0.0,0.0,0.0,82.06002746959419,0.0,97.35471744452717,0.0,84.50149447614692,69.0843086847062,0.0
288,288,0.0,0.0,0.0,0.0,0.0,0.0,0.0,0.0,81.68460386308769,0.0,97.15410241477626,0.0,84.828499908231,69.39866060585031,0.0
289,289,0.0,0.0,0.0,0.0,0.0,0.0,0.0,0.0,81.30564297195409,0.0,96.93997939144167,0.0,85.14932821534265,69.71192103160334,0.0
290,290,0.0,0.0,0.0,0.0,0.0,0.0,0.0,0.0,80.92338734632258,0.0,96.71262787772271,0.0,85.46371055461286,70.02397684625376,0.0
291,291,0.0,0.0,0.0,0.0,0.0,0.0,0.0,0.0,80.53808224915042,0.0,96.47234614716308,0.0,85.77137659063261,70.33469002023482,0.0
292,292,0.0,0.0,0.0,0.0,0.0,0.0,0.0,0.0,80.14995327622042,0.0,96.21943980386104,0.0,86.07205482946387,70.64393633793233,0.0
293,293,0.0,0.0,0.0,0.0,0.0,0.0,0.0,0.0,79.75923587026617,0.0,95.95421065067751,0.0,86.36548144437631,70.95158328458099,67.19650089493521
294,294,0.0,0.0,0.0,0.0,0.0,0.0,0.0,0.0,79.36613872551689,0.0,95.6770083365117,0.0,86.6513838570638,71.25748983022012,67.45582831387871
295,295,0.0,0.0,0.0,0.0,0.0,0.0,0.0,0.0,78.97088020584118,0.0,95.38814574658296,0.0,86.92950659108409,71.56152949758113,67.71322066007309
296,296,0.0,0.0,0.0,0.0,0.0,0.0,0.0,0.0,78.57368054923717,0.0,95.0879715012705,0.0,87.19957763695487,71.86355006427296,67.96856855336857
297,297,0.0,0.0,0.0,0.0,0.0,0.0,0.0,0.0,78.17473367733768,0.0,94.77684791159214,0.0,87.46133438763997,72.16341405111876,68.22174516960973
298,298,0.0,0.0,0.0,0.0,0.0,0.0,0.0,0.0,77.77424945860726,0.0,94.4551296809896,0.0,87.71453305218168,72.46096968093048,68.47264300044631
299,299,0.0,0.0,0.0,0.0,0.0,0.0,0.0,0.0,77.37241859674216,0.0,94.12317364944745,0.0,87.958905599304,72.75608052742206,68.72114248899388
