,time,1205,1250,1272,1317,1339,1384,1406,1451,1429,1362,1183,1474,1295,1228,1407,1452,1340,1273,1430,1206,1385,1318,1251,1408
0,0,85.6039455636728,73.04407271836256,93.56753002560774,85.11210376326068,81.50677877059621,96.10557284545776,69.72827130382913,89.11349089138604,0.0,0.0,0.0,0.0,0.0,0.0,0.0,0.0,0.0,0.0,0.0,0.0,0.0,0.0,0.0,0.0
1,1,85.52845847685673,73.49308893540667,93.2050055748244,85.56864399272628,81.03804579699398,96.37374087159972,69.29487425815113,89.08239564832496,0.0,0.0,0.0,0.0,0.0,0.0,0.0,0.0,0.0,0.0,0.0,0.0,0.0,0.0,0.0,0.0
2,2,85.44305671758653,73.9439687895952,92.8337611070848,86.02235466840875,80.5688896050568,96.62961396798639,68.86420159431583,89.03989695655562,0.0,0.0,0.0,0.0,0.0,0.0,0.0,0.0,0.0,0.0,0.0,0.0,0.0,0.0,0.0,0.0
3,3,85.34783315429686,74.39660967886365,92.45415455876203,86.47294826470902,80.09952730356228,96.87285613764399,68.43629976436915,88.98603647294946,0.0,0.0,0.0,0.0,0.0,0.0,0.0,0.0,0.0,0.0,0.0,0.0,0.0,0.0,0.0,0.0
4,4,85.24288701384674,74.85090422869332,92.06657124524537,86.9201217908943,79.63013971831924,97.10316969021662,68.01121752290472,88.92088244275365,0.0,0.0,0.0,0.0,0.0,0.0,0.0,0.0,0.0,0.0,0.0,0.0,0.0,0.0,0.0,0.0
5,5,85.12832369271192,75.30674018430128,91.67138392329773,87.36356516413579,79.16093012293783,97.32025363869923,67.588984930959,88.8445025343904,0.0,0.0,0.0,0.0,0.0,0.0,0.0,0.0,0.0,0.0,0.0,0.0,0.0,0.0,0.0,0.0
6,6,85.00426277058644,75.76398725890802,91.2689810959123,87.80296137437975,78.6920733563931,97.52382573556238,67.16964005545465,88.75699957366383,0.0,0.0,0.0,0.0,0.0,0.0,0.0,0.0,0.0,0.0,0.0,0.0,0.0,0.0,0.0,0.0
7,7,84.87082949083867,76.22252264675087,90.85971878917034,88.23799552152065,78.22375193114887,97.71363420545714,0.0,88.65844856580854,0.0,0.0,0.0,0.0,0.0,0.0,0.0,0.0,0.0,0.0,0.0,0.0,0.0,0.0,0.0,0.0
8,8,84.72817084588368,76.68221834338,90.44397715056249,88.66831972627283,77.7561278013854,97.88940432851373,0.0,88.54898600342402,0.0,0.0,0.0,0.0,0.0,0.0,0.0,0.0,0.0,0.0,0.0,0.0,0.0,0.0,0.0,0.0
9,9,84.57641440597756,77.14292076072037,90.02211270441157,89.09361521743246,77.28936364856386,98.05092586815181,0.0,88.4287201208901,0.0,0.0,0.0,0.0,0.0,0.0,0.0,0.0,0.0,0.0,0.0,0.0,0.0,0.0,0.0,0.0
10,10,84.41572519151337,77.60449047801721,89.5944953142079,89.51353058046678,76.82361585887362,98.19795592027666,0.0,88.2977931371343,0.0,0.0,0.0,0.0,0.0,0.0,0.0,0.0,0.0,0.0,0.0,0.0,0.0,0.0,0.0,0.0
11,11,84.24624833745295,78.06677565853096,89.16147984955622,89.92771753131656,76.35902800163652,98.33029570936871,0.0,88.15633644705521,67.21705211063072,0.0,0.0,0.0,0.0,0.0,0.0,0.0,0.0,0.0,0.0,0.0,0.0,0.0,0.0,0.0
12,12,84.06816552563238,78.52959753759738,88.7234062932117,90.33584093993622,75.89573133946048,98.44778055631723,0.0,88.00451463160061,67.6271359416095,0.0,0.0,0.0,0.0,0.0,0.0,0.0,0.0,0.0,0.0,0.0,0.0,0.0,0.0,0.0
13,13,83.88163005646568,78.9928058199745,88.28062645537635,90.73752387402209,75.43386473062225,98.55023643097631,0.0,87.84249840036814,68.0397342770032,0.0,0.0,0.0,0.0,0.0,0.0,0.0,0.0,0.0,0.0,0.0,0.0,0.0,0.0,0.0
14,14,83.686838903691,79.45620892937906,87.8334852786088,91.13242182961179,74.97354839495691,98.63752435954544,0.0,87.6704555247281,68.45481002390007,0.0,0.0,0.0,0.0,0.0,0.0,0.0,0.0,0.0,0.0,0.0,0.0,0.0,0.0,0.0
15,15,83.48396813720514,79.91962265586892,87.38230323665044,91.52016766494717,74.51491005245934,98.70951886176259,0.0,87.48856807758884,68.87230753301039,0.0,0.0,0.0,0.0,0.0,0.0,0.0,0.0,0.0,0.0,0.0,0.0,0.0,0.0,0.0
16,16,83.27320471723779,80.38286357922786,86.92740277713297,91.90040001737752,74.05805309794094,98.76611936020205,0.0,87.29703192075493,69.2921733624035,0.0,0.0,0.0,0.0,0.0,0.0,0.0,0.0,0.0,0.0,0.0,0.0,0.0,0.0,0.0
17,17,83.05473816899412,80.84571972442633,86.46909918654195,92.27274481217464,73.60308865324748,98.80723942678328,0.0,87.09603892163622,69.71435099226892,0.0,0.0,0.0,0.0,0.0,0.0,0.0,0.0,0.0,0.0,0.0,0.0,0.0,0.0,0.0
18,18,82.82877588387481,81.30799431287538,86.00771723790126,92.6368446206416,73.15011667443609,98.83284031095057,0.0,86.88581111261625,70.13877514584681,0.0,0.0,0.0,0.0,0.0,0.0,0.0,0.0,0.0,0.0,0.0,0.0,0.0,0.0,0.0
19,19,82.5955191367717,81.76946141057525,85.54354025246427,92.9923304575455,72.6992264471855,98.84286455607197,0.0,86.66653994968021,70.5653770175784,0.0,0.0,0.0,0.0,0.0,0.0,0.0,0.0,0.0,0.0,0.0,0.0,0.0,0.0,0.0
20,20,82.35516300426394,82.22990303505901,85.07686114334794,93.33883183906349,72.25050893504803,98.8373026805912,0.0,86.43847172067171,70.99408990336575,0.0,0.0,0.0,0.0,0.0,0.0,0.0,0.0,0.0,0.0,0.0,0.0,0.0,0.0,0.0
21,21,82.10792695118991,82.68907891507418,84.60797328234037,93.67598732095512,71.8040506623271,98.81618213798691,0.0,86.20180449763794,71.4248320603345,0.0,0.0,0.0,0.0,0.0,0.0,0.0,0.0,0.0,0.0,0.0,0.0,0.0,0.0,0.0
22,22,81.85401578126822,83.14675704971118,84.1371458423725,94.0034253566335,71.35992804324347,98.77950069431887,0.0,85.95678991242372,71.85752351537457,0.0,0.0,0.0,0.0,0.0,0.0,0.0,0.0,0.0,0.0,0.0,0.0,0.0,0.0,0.0
23,23,81.59364252007899,83.60268281009138,83.66464851055058,94.32080499377214,70.91821357020017,98.72733730800618,0.0,85.70365623484359,72.29208037794956,0.0,0.0,0.0,0.0,0.0,0.0,0.0,0.0,0.0,0.0,0.0,0.0,0.0,0.0,0.0
24,24,81.32702038498732,84.05660218761128,83.19074313912706,94.62775645009134,70.47897592125832,98.65975211288828,0.0,85.44264191755813,72.72841474370259,0.0,0.0,0.0,0.0,0.0,0.0,0.0,0.0,0.0,0.0,0.0,0.0,0.0,0.0,0.0
25,25,81.0543699818825,84.50825415166005,82.7156681804574,94.92394219131921,70.04228006724058,98.57684165624329,0.0,85.17399498557462,73.16642243215996,0.0,0.0,0.0,0.0,0.0,0.0,0.0,0.0,0.0,0.0,0.0,0.0,0.0,0.0,0.0
26,26,80.77589654590334,84.95736250640438,82.23967032359067,95.20901733258522,69.6081818722576,98.47872747578877,0.0,84.89794784294574,73.6060067854701,0.0,0.0,0.0,0.0,0.0,0.0,0.0,0.0,0.0,0.0,0.0,0.0,0.0,0.0,0.0
27,27,80.49182701538044,85.40364382410343,81.76298842236083,95.48264033371184,69.17673941570338,98.36554469585039,0.0,84.61475000475959,74.04705437872629,0.0,0.0,0.0,0.0,0.0,0.0,0.0,0.0,0.0,0.0,0.0,0.0,0.0,0.0,0.0
28,28,80.20237976865806,85.84681591720934,81.2858460189287,95.74448408411153,68.74800201119156,98.23744168268233,0.0,84.32466721701289,74.48945940290604,0.0,0.0,0.0,0.0,0.0,0.0,0.0,0.0,0.0,0.0,0.0,0.0,0.0,0.0,0.0
29,29,79.90776464657114,86.28658146585802,80.80844440897852,95.99423685508917,68.32201594666907,98.09461247667605,0.0,84.0279324125145,74.93309879273411,0.0,0.0,0.0,0.0,0.0,0.0,0.0,0.0,0.0,0.0,0.0,0.0,0.0,0.0,0.0
30,30,79.60819019916431,86.72264481991846,80.33100756809375,96.23158217734235,67.89882457875724,97.9372304708989,0.0,83.72481024913459,75.37784429301492,0.0,0.0,0.0,0.0,0.0,0.0,0.0,0.0,0.0,0.0,0.0,0.0,0.0,0.0,0.0
31,31,79.30389206379817,87.15468669375726,79.85372249924004,96.45624152993628,67.47846842586613,97.76552449870726,0.0,83.4155402961991,75.82356236156276,0.0,0.0,0.0,0.0,0.0,0.0,0.0,0.0,0.0,0.0,0.0,0.0,0.0,0.0,0.0
32,32,78.99506074405987,87.58239836634941,79.37678400449562,96.66790137940701,67.06098014956885,97.5797342859481,0.0,83.1003768507658,76.27012068619881,0.0,0.0,0.0,0.0,0.0,0.0,0.0,0.0,0.0,0.0,0.0,0.0,0.0,0.0,0.0
33,33,78.68192750336611,88.00546513938515,78.90037267873758,96.86631952566326,0.0,97.38007754109994,0.0,82.7795802717823,76.71737510803636,67.25303672298574,0.0,0.0,0.0,0.0,0.0,0.0,0.0,0.0,0.0,0.0,0.0,0.0,0.0,0.0
34,34,78.36468573801902,88.42354879874598,78.42466241747587,97.05121999449234,0.0,97.16684662776386,0.0,82.45339321948269,77.1651759173098,67.67318220988929,0.0,0.0,0.0,0.0,0.0,0.0,0.0,0.0,0.0,0.0,0.0,0.0,0.0,0.0
35,35,78.0435545114274,88.83632291115015,77.94982741642472,97.22236799439645,0.0,96.94029975703235,0.0,82.12206399623135,77.61335408314595,68.0962283278917,67.14831337934723,0.0,0.0,0.0,0.0,0.0,0.0,0.0,0.0,0.0,0.0,0.0,0.0,0.0
36,36,77.7187360707933,89.2434467928542,77.47601457042103,97.37953874410937,0.0,96.70074635394232,0.0,81.78583839174098,78.06175500921395,68.52214246314054,67.40488806460881,0.0,0.0,0.0,0.0,0.0,0.0,0.0,0.0,0.0,0.0,0.0,0.0,0.0
37,37,77.39043668785112,89.6445836742544,77.00338526132455,97.52251800481783,0.0,96.44847136296924,0.0,81.44495945012805,78.51019762711849,68.95088409136994,67.65940960552949,0.0,0.0,0.0,0.0,0.0,0.0,0.0,0.0,0.0,0.0,0.0,0.0,0.0
38,38,77.05884598773854,90.03937380889674,76.53207428794515,97.6511242696001,0.0,96.18380900781045,0.0,81.09967472579325,78.9585156445083,69.3824043541874,67.9117619390228,0.0,0.0,0.0,0.0,0.0,0.0,0.0,0.0,0.0,0.0,0.0,0.0,0.0
39,39,76.72417085147613,90.4274897924833,76.06222408536256,97.76516607135457,0.0,95.90706779507144,0.0,80.7502209390278,79.40650853642525,69.8166622383333,68.16182205225486,0.0,0.0,0.0,0.0,0.0,0.0,0.0,0.0,0.0,0.0,0.0,0.0,0.0
40,40,76.38660126931963,90.80855420708292,75.59397103720083,97.86448571211872,0.0,95.61860346856484,0.0,80.39683879629852,79.8539906079003,70.25360834108318,68.40948111875,0.0,0.0,0.0,0.0,0.0,0.0,0.0,0.0,0.0,0.0,0.0,0.0,0.0
41,41,76.04632396390772,91.18223256173476,75.12741994597143,97.94897081231974,0.0,95.31874479944177,0.0,80.03975065070952,80.30075552973359,70.6931787509158,68.65460764086775,0.0,0.0,0.0,0.0,0.0,0.0,0.0,0.0,0.0,0.0,0.0,0.0,0.0
42,42,75.70352880816064,91.54816900541029,74.66270275590217,98.01848940587207,0.0,95.00784516485103,0.0,79.67918985097184,80.74660513285983,71.13532298831731,68.89709529846222,0.0,0.0,0.0,0.0,0.0,0.0,0.0,0.0,0.0,0.0,0.0,0.0,0.0
43,43,75.35840199083196,91.90599562339472,74.19992664325434,98.0729446501933,0.0,94.68628121674884,0.0,79.3153856435727,81.1913127509665,71.57997003727527,69.13680964735042,0.0,0.0,0.0,0.0,0.0,0.0,0.0,0.0,0.0,0.0,0.0,0.0,0.0
44,44,75.01111954607363,92.25535191118493,73.73919385631851,98.11225335081218,0.0,94.35440091978384,0.0,78.94854887184317,81.63466742314792,72.02705663642976,69.3736310040217,0.0,0.0,0.0,0.0,0.0,0.0,0.0,0.0,0.0,0.0,0.0,0.0,0.0
45,45,74.66185391831348,92.59590515653969,73.28059573127206,98.13637901072508,0.0,94.01257418179681,0.0,78.57890759959832,82.07642154263567,72.47650402335194,69.60743306137921,0.0,0.0,0.0,0.0,0.0,0.0,0.0,0.0,0.0,0.0,0.0,0.0,0.0
46,46,74.31078018043671,92.92727353174644,72.82423729645316,98.1452773161728,0.0,93.66119149594698,0.0,78.20667126012366,82.51635113070374,72.92823521875198,69.83809387081048,67.23321858864027,0.0,0.0,0.0,0.0,0.0,0.0,0.0,0.0,0.0,0.0,0.0,0.0
47,47,73.95806325683576,93.24913360428566,72.37018864687731,98.13893998123538,0.0,93.30060319900201,0.0,77.83204499187495,82.95420277570418,73.38216304766131,70.06548495387501,67.39863628050209,0.0,0.0,0.0,0.0,0.0,0.0,0.0,0.0,0.0,0.0,0.0,0.0
48,48,73.60387049298618,93.56111353460385,71.91854570893501,98.1173729073404,0.0,92.93120872877498,0.0,77.45522955705643,83.38973195697316,73.83820203978033,70.28948244096841,67.5602741288832,0.0,0.0,0.0,0.0,0.0,0.0,0.0,0.0,0.0,0.0,0.0,0.0
49,49,73.24835303575301,93.86287210362374,71.46937626563738,98.08059616952919,0.0,92.55336648146177,0.0,77.07642802257183,83.82267199435951,74.29625615255318,70.50995604585616,67.71804054771583,0.0,0.0,0.0,0.0,0.0,0.0,0.0,0.0,0.0,0.0,0.0,0.0
50,50,72.89167055284192,94.15409023021853,71.0227502010428,98.02868764985578,0.0,92.16747206723366,0.0,76.6958319998717,84.25276557309449,74.75622462376595,70.7267860422295,67.8718443834352,0.0,0.0,0.0,0.0,0.0,0.0,0.0,0.0,0.0,0.0,0.0,0.0
51,51,72.5339726873326,94.43441138441169,70.5787392455646,97.96169541860982,0.0,91.77389873146572,0.0,76.31362854740216,84.67972492176267,75.21798899748866,70.93983511970049,68.0215950012785,0.0,0.0,0.0,0.0,0.0,0.0,0.0,0.0,0.0,0.0,0.0,0.0
52,52,72.17541118249733,94.70353274310074,70.13739437348258,97.87971406221168,0.0,91.37300714692667,0.0,75.93000013287751,85.10328008350179,75.68145126750952,71.14897674026759,68.16720237308623,0.0,0.0,0.0,0.0,0.0,0.0,0.0,0.0,0.0,0.0,0.0,0.0
53,53,71.81611614037016,94.96111504204566,69.69878008918117,97.78287335195577,0.0,90.96519237587644,0.0,75.5451310905472,85.52314703411558,76.14648264253907,71.354095591298,68.30857716649192,0.0,0.0,0.0,0.0,0.0,0.0,0.0,0.0,0.0,0.0,0.0,0.0
54,54,71.45623171826821,95.206854201089,69.26294622849878,97.67128352164468,0.0,90.55080718327206,0.0,75.15918159508793,85.93902743193287,76.61296185101094,71.55504729788626,68.44563083537892,0.0,0.0,0.0,0.0,0.0,0.0,0.0,0.0,0.0,0.0,0.0,0.0
55,55,71.09588653742836,95.44046207065892,68.82994490553989,97.54512182388095,0.0,90.13022793729805,0.0,74.77232676186544,86.3506338136522,77.080742077326,71.751722082098,68.578281055772,0.0,0.0,0.0,0.0,0.0,0.0,0.0,0.0,0.0,0.0,0.0,0.0
56,56,70.73521702288011,95.66164649564756,68.39980900907875,97.40454520600285,0.0,89.70380720286913,0.0,74.3847305053893,86.75764783453897,77.5496974592428,71.94398702784511,68.70643582553437,0.0,0.0,0.0,0.0,0.0,0.0,0.0,0.0,0.0,0.0,0.0,0.0
57,57,70.37433870113601,95.87013257532014,67.9725900530611,97.2497440839831,0.0,89.27191047163568,0.0,73.99654587487335,87.15976245795284,78.01967620770469,72.13171513480762,68.8300256595207,0.0,0.0,0.0,0.0,0.0,0.0,0.0,0.0,0.0,0.0,0.0,0.0
58,58,70.0133805117437,96.06564252686263,67.54832065279926,97.08092014619946,0.0,88.83488804482285,0.0,73.60792770764671,87.55666557950474,78.49052726368464,72.31478560432849,68.94896084513876,0.0,0.0,0.0,0.0,0.0,0.0,0.0,0.0,0.0,0.0,0.0,0.0
59,59,69.65245640468584,96.247948715593,67.12703096455517,96.89830720859541,0.0,88.39308404474698,0.0,73.21902623021693,87.94804908740407,78.96207227344637,72.49307814671445,69.06317451863949,0.0,0.0,0.0,0.0,0.0,0.0,0.0,0.0,0.0,0.0,0.0,0.0
60,60,69.29167140094137,96.4168010658439,0.0,96.7021490294401,0.0,87.94683613755485,0.0,72.82996900257206,88.33358294262452,79.43416158190244,72.66647310960647,69.17257961213677,67.28614780075226,0.0,0.0,0.0,0.0,0.0,0.0,0.0,0.0,0.0,0.0,0.0
61,61,68.9311381063551,96.57198003506002,0.0,96.49268815690414,0.0,87.49648398361946,0.0,72.4409096207455,88.71294155480518,79.90660370873789,72.83485160892187,69.27711222766223,67.70782320040877,0.0,0.0,0.0,0.0,0.0,0.0,0.0,0.0,0.0,0.0,0.0
62,62,68.57096549477848,96.71328686699506,0.0,96.27018665476416,0.0,87.04234273674182,0.0,72.0519730532171,89.08579549262319,80.37921451970132,72.99808960681403,69.37669923639905,68.13244855090412,0.0,0.0,0.0,0.0,0.0,0.0,0.0,0.0,0.0,0.0,0.0
63,63,68.2112430886702,96.84053357373263,0.0,96.03495672424762,0.0,86.58472930711062,0.0,71.66328030522043,89.45181185153153,80.8518031468073,73.15608224240017,69.47127465421067,68.55998706709335,0.0,0.0,0.0,0.0,0.0,0.0,0.0,0.0,0.0,0.0,0.0
64,64,67.85207845951726,96.95354338759205,0.0,95.7872547655792,0.0,86.12396174138736,0.0,71.27496000502812,89.81066381204833,81.32417191892978,73.30871382360756,69.56077429994984,68.99039379324786,0.0,0.0,0.0,0.0,0.0,0.0,0.0,0.0,0.0,0.0,0.0
65,65,67.49355474900759,97.05216189756386,0.0,95.52741718288561,0.0,85.66034194829776,0.0,70.88713069113905,90.16202217842306,81.79610869884884,73.45586996708343,69.64514138478125,69.42363707594582,0.0,0.0,0.0,0.0,0.0,0.0,0.0,0.0,0.0,0.0,0.0
66,66,67.13576254935242,97.13627899835276,0.0,95.25575466534,0.0,85.19416427719625,0.0,70.49990117996806,90.50553719047363,82.26738639411482,73.59745004907612,69.72431007795177,69.85966067416318,0.0,0.0,0.0,0.0,0.0,0.0,0.0,0.0,0.0,0.0,0.0
67,67,0.0,97.20574357809703,0.0,94.97257289225911,0.0,84.72570726228325,0.0,70.11337651679932,90.84088517010161,82.73778581086461,73.73334904077103,69.79822760091594,70.29842720849499,0.0,0.0,0.0,0.0,0.0,0.0,0.0,0.0,0.0,0.0,0.0
68,68,0.0,97.26049244534651,0.0,94.67823333429088,0.0,84.25525013133766,0.0,69.72766355514891,91.1677417035542,83.207072903768,73.86346372305096,69.8668488709398,70.73986828236526,0.0,0.0,0.0,0.0,0.0,0.0,0.0,0.0,0.0,0.0,0.0
69,69,0.0,97.30043266627621,0.0,94.37305992313958,0.0,83.78306431987764,0.0,69.34285978148804,91.48575358894452,83.67499831936864,73.98769904057292,69.93011994366493,71.18393443312512,0.0,0.0,0.0,0.0,0.0,0.0,0.0,0.0,0.0,0.0,0.0
70,70,0.0,97.32551691462186,0.0,94.05740002473283,0.0,83.30941343356719,0.0,68.95905908498382,91.79461497322465,84.14132108567165,74.1059620941267,69.98800023923171,71.63056147208619,0.0,0.0,0.0,0.0,0.0,0.0,0.0,0.0,0.0,0.0,0.0
71,71,0.0,97.33571142173739,0.0,93.73161315940723,0.0,82.83454543178307,0.0,68.576351819128,92.09399238445475,84.60576884434865,74.21815600437111,70.04044039518726,72.0796755628276,0.0,0.0,0.0,0.0,0.0,0.0,0.0,0.0,0.0,0.0,0.0
72,72,0.0,97.33099606218698,0.0,93.3960601084307,0.0,82.35870078026446,0.0,68.19481958053056,92.38355341790279,85.06807766251482,74.32419877669125,70.08741573282487,72.53121665263984,0.0,0.0,0.0,0.0,0.0,0.0,0.0,0.0,0.0,0.0,0.0
73,73,0.0,97.31138592976882,0.0,93.05110229075953,0.0,81.88212008068739,0.0,67.81455124568394,92.66300633751784,85.52796803431072,74.4240047184819,70.1288873318859,72.98509105346265,0.0,0.0,0.0,0.0,0.0,0.0,0.0,0.0,0.0,0.0,0.0
74,74,0.0,97.2768990246996,0.0,92.69710116150522,0.0,81.4050285921287,0.0,67.43562177903907,92.93201347345227,85.9851613062084,74.5175033994377,70.16481875390791,73.441224612391,0.0,0.0,0.0,0.0,0.0,0.0,0.0,0.0,0.0,0.0,0.0
75,75,0.0,97.22757771853279,0.0,92.33441763318767,0.0,80.92763671436738,0.0,67.05810821304087,93.19028906356891,86.43936322871453,74.60461461757039,70.19519288960984,73.89952687507453,0.0,0.0,0.0,0.0,0.0,0.0,0.0,0.0,0.0,0.0,0.0
76,76,0.0,97.16351006713337,0.0,91.9634211312295,0.0,80.45015518652093,0.0,0.0,93.43754167526717,86.89026362012287,74.6852737104951,70.21998965212698,74.35990277442713,0.0,0.0,0.0,0.0,0.0,0.0,0.0,0.0,0.0,0.0,0.0
77,77,0.0,97.08476514974663,0.0,91.58448866818878,0.0,79.97278744150967,0.0,0.0,93.6734645216011,87.33757072730461,74.75941274102583,70.23918037261885,74.82225251200833,0.0,0.0,0.0,0.0,0.0,0.0,0.0,0.0,0.0,0.0,0.0
78,78,0.0,96.99145725696697,0.0,91.19797557075684,0.0,79.49572249777728,0.0,0.0,93.89779566388516,87.7809514138419,74.82697961577026,70.25276145243753,75.28646499932242,0.0,0.0,0.0,0.0,0.0,0.0,0.0,0.0,0.0,0.0,0.0
79,79,0.0,96.88371334134973,0.0,90.80424390143736,0.0,79.01915675784399,0.0,0.0,94.1102591518484,88.22009148423487,74.88790642007213,70.26072076800716,75.75243690424581,0.0,0.0,0.0,0.0,0.0,0.0,0.0,0.0,0.0,0.0,0.0
80,80,0.0,96.76168334101379,0.0,90.40366159485002,0.0,78.543244169793,0.0,0.0,94.31059544173316,88.65467041366973,74.94215402486206,70.26304888615502,76.22004032733042,0.0,0.0,0.0,0.0,0.0,0.0,0.0,0.0,0.0,0.0,0.0
81,81,0.0,96.62551847002275,0.0,89.99660160560073,0.0,78.06817463034497,0.0,0.0,94.49856217216113,89.08433451977469,74.98967400710475,70.25975029684744,76.68915488987045,0.0,0.0,0.0,0.0,0.0,0.0,0.0,0.0,0.0,0.0,0.0
82,82,0.0,96.47541329573716,0.0,89.58339547333067,0.0,77.59408944658661,0.0,0.0,94.67393489940518,89.50875054836824,75.03043421988043,70.25082097663969,77.15964813446823,0.0,0.0,0.0,0.0,0.0,0.0,0.0,0.0,0.0,0.0,0.0
83,83,0.0,96.31156265182067,0.0,89.16440690622915,0.0,77.1211583037096,0.0,0.0,94.83648734703439,89.92757049529551,75.06439330739518,70.23627082435593,77.63137500250318,0.0,0.0,0.0,0.0,0.0,0.0,0.0,0.0,0.0,0.0,0.0
84,84,0.0,96.13417184179855,0.0,88.73999393542813,0.0,76.64951720820858,0.0,0.0,94.98601223031258,90.34045003916464,75.0915263308437,70.21610682486994,78.10419116852835,0.0,0.0,0.0,0.0,0.0,0.0,0.0,0.0,0.0,0.0,0.0
85,85,0.0,95.9434770810113,0.0,88.31048199258954,0.0,76.17930322600304,0.0,0.0,95.12232190128768,90.74701187104972,75.11181204088439,70.19034984784646,78.57793931497181,0.0,0.0,0.0,0.0,0.0,0.0,0.0,0.0,0.0,0.0,0.0
86,86,0.0,95.73972372779586,0.0,87.87620878468502,0.0,75.71065418392992,0.0,0.0,95.24523863099256,91.14692034235611,75.12522649615516,70.1590122121328,79.0524628076129,0.0,0.0,0.0,0.0,0.0,0.0,0.0,0.0,0.0,0.0,0.0
87,87,0.0,95.52316572455136,0.0,87.43751446941823,0.0,75.2436890852103,0.0,0.0,95.35460535654497,91.53978870536316,75.13177515723459,70.12212006261586,79.52759164606029,0.0,0.0,0.0,0.0,0.0,0.0,0.0,0.0,0.0,0.0,0.0
88,88,0.0,95.29408567003276,0.0,86.99472377000335,0.0,74.77852809344324,0.0,0.0,95.45027582960391,91.9252735273075,75.13143518884927,70.07970212304069,80.00314194157444,67.21867456995325,0.0,0.0,0.0,0.0,0.0,0.0,0.0,0.0,0.0,0.0
89,89,0.0,95.05276292458342,0.0,86.54814619280114,0.0,74.31528597873232,0.0,0.0,95.53212533684574,92.3029803373674,75.12421960448464,70.03177851113075,80.47893747316988,67.61400027783208,0.0,0.0,0.0,0.0,0.0,0.0,0.0,0.0,0.0,0.0
90,90,0.0,94.7994834720871,0.0,86.09810154664477,0.0,73.85405984579104,0.0,0.0,95.60005110257278,92.67255972878111,75.11012595456009,69.97839417079977,80.95477323602078,68.0113121360622,0.0,0.0,0.0,0.0,0.0,0.0,0.0,0.0,0.0,0.0
91,91,0.0,94.53455963277621,0.0,85.64487721492982,0.0,73.39495451389396,0.0,0.0,95.65396222625033,93.03363112905298,75.0891683874601,69.91957977061293,81.43045926686491,68.4105447391747,0.0,0.0,0.0,0.0,0.0,0.0,0.0,0.0,0.0,0.0
92,92,0.0,94.25830868246486,0.0,85.1887870646248,0.0,72.93806373145664,0.0,0.0,95.69379031032953,93.38582182494572,75.06136479814762,69.85538506431539,81.90578377692141,68.81163479632343,0.0,0.0,0.0,0.0,0.0,0.0,0.0,0.0,0.0,0.0
93,93,0.0,93.97105221736444,0.0,84.73010428831574,0.0,72.48347067990072,0.0,0.0,95.71946886136907,93.72877788750672,75.02673680075081,69.78584547970513,82.38051992780096,69.21451047604876,0.0,0.0,0.0,0.0,0.0,0.0,0.0,0.0,0.0,0.0
94,94,0.0,93.6731155284372,0.0,84.26911956198444,0.0,72.03126025729239,0.0,0.0,95.73097507328588,94.06211520043782,74.98531608568811,69.71101536232736,82.85444874251897,69.61909651817494,0.0,0.0,0.0,0.0,0.0,0.0,0.0,0.0,0.0,0.0
95,95,0.0,93.36483689269092,0.0,83.80609175052831,0.0,71.58150717791698,0.0,0.0,95.72828830749667,94.38547973779713,74.93713157861795,69.63094570139292,83.32733629019124,70.02532529548698,0.0,0.0,0.0,0.0,0.0,0.0,0.0,0.0,0.0,0.0
96,96,0.0,93.04655679630555,0.0,83.34129653107954,0.0,71.13428795547769,0.0,0.0,95.71142136355058,94.69850846620808,74.88222854958144,69.54568962138062,83.79892524069336,70.43310355867257,0.0,0.0,0.0,0.0,0.0,0.0,0.0,0.0,0.0,0.0
97,97,0.0,92.71862709843062,0.0,82.8749860030741,0.0,70.68966362082578,0.0,0.0,95.68038922782337,95.0008604055198,74.82064937691828,69.4553077982999,84.26897430868797,70.84235097425943,0.0,0.0,0.0,0.0,0.0,0.0,0.0,0.0,0.0,0.0
98,98,0.0,92.38139069265888,0.0,82.40741269660371,0.0,70.2476973722811,0.0,0.0,95.63522984514701,95.29215600452117,74.75243988141204,69.35986285032938,84.73721881085372,71.25297794938949,0.0,0.0,0.0,0.0,0.0,0.0,0.0,0.0,0.0,0.0
99,99,0.0,92.03521016135655,0.0,81.93879860774808,0.0,69.80844878963255,0.0,0.0,95.57601437376368,95.57209073397084,74.6776555968357,69.25941926134358,85.20339454196736,71.66488522420725,0.0,0.0,0.0,0.0,0.0,0.0,0.0,0.0,0.0,0.0
100,100,0.0,91.68043783243274,0.0,81.46938931193824,0.0,69.37196847453959,0.0,0.0,95.50280544917304,95.84030217576,74.59636163027636,69.1540378689083,85.66721324944695,72.07796936047428,0.0,0.0,0.0,0.0,0.0,0.0,0.0,0.0,0.0,0.0
101,101,0.0,91.31743455289843,0.0,80.99939259660029,0.0,68.93830389994169,0.0,0.0,95.41571924098096,96.09647387093196,74.50861988530076,69.04379754067563,86.12840394378047,72.49213460339553,0.0,0.0,0.0,0.0,0.0,0.0,0.0,0.0,0.0,0.0
102,102,0.0,90.94654058995782,0.0,80.52903918332572,0.0,68.50750484145651,0.0,0.0,95.31485257770896,96.34029494143385,74.41450162747897,68.92876243733357,86.58665469409378,72.90725724638071,0.0,0.0,0.0,0.0,0.0,0.0,0.0,0.0,0.0,0.0
103,103,0.0,90.5681318326194,0.0,80.05852278015229,0.0,68.07960734158108,0.0,0.0,95.2003447983397,96.57146074101256,74.3140747564124,68.80901986164538,87.04167120008704,73.32322694855226,0.0,0.0,0.0,0.0,0.0,0.0,0.0,0.0,0.0,0.0
104,104,0.0,90.18254381590627,0.0,79.58804504357762,0.0,67.65465527454528,0.0,0.0,95.07234627422818,96.78967350973323,74.20742882137269,68.68463690920383,87.4931434705607,73.73992297865044,0.0,0.0,0.0,0.0,0.0,0.0,0.0,0.0,0.0,0.0
105,105,0.0,89.79014614366628,0.0,79.11780056110703,0.0,67.23267410168361,0.0,0.0,94.93102829289846,96.99465372081961,74.09463096832252,68.55569815487013,87.94075431381879,74.15722004806736,0.0,0.0,0.0,0.0,0.0,0.0,0.0,0.0,0.0,0.0
106,106,0.0,89.39127689445765,0.0,78.64796287029672,0.0,0.0,0.0,0.0,94.77655189333933,97.1861409470723,73.97578217830937,68.4222839871562,88.38417951308955,74.57497560423738,0.0,0.0,0.0,0.0,0.0,0.0,0.0,0.0,0.0,0.0
107,107,0.0,88.98629742476689,0.0,78.17870621703723,0.0,0.0,0.0,0.0,94.60913900630517,97.3638839072879,73.85096707002162,68.28447592013913,88.82307906212922,74.99306740223503,67.42102622769858,0.0,0.0,0.0,0.0,0.0,0.0,0.0,0.0,0.0
108,108,0.0,88.5755372685096,0.0,77.71019835969666,0.0,0.0,0.0,0.0,94.42897991055644,97.52764105129033,73.72027878998885,68.14236178328561,89.25711505992703,75.41133024386824,67.84331647735297,67.38187421458002,0.0,0.0,0.0,0.0,0.0,0.0,0.0,0.0
109,109,0.0,88.15934802154895,0.0,77.2426006635666,0.0,0.0,0.0,0.0,94.23630417208747,97.6772028179429,73.58381878446053,67.99603552205618,89.68596154816315,75.82963218664568,68.26852555655528,67.70669276041572,0.0,0.0,0.0,0.0,0.0,0.0,0.0,0.0
110,110,0.0,87.73804928006943,0.0,76.77606150320898,0.0,0.0,0.0,0.0,94.03135945837937,97.81237075290073,73.44168429823466,67.84557606753472,90.10924107130057,76.24780397660024,68.69660985352945,68.03115517674571,0.0,0.0,0.0,0.0,0.0,0.0,0.0,0.0
111,111,0.0,87.31198158510935,0.0,76.3107300083881,0.0,0.0,0.0,0.0,93.8143807851091,97.93294709172534,73.29398667815161,67.69107883887646,90.52661595667396,76.66569731023628,69.12752811349797,68.35516348690875,0.0,0.0,0.0,0.0,0.0,0.0,0.0,0.0
112,112,0.0,86.88147057156752,0.0,75.8467361554927,0.0,0.0,0.0,0.0,93.58564021936473,98.03876787104694,73.14082059844984,67.53263457009378,90.93772501920027,77.08312547897746,69.56124167764958,68.67859572250975,0.0,0.0,0.0,0.0,0.0,0.0,0.0,0.0
113,113,0.0,86.44681865392677,0.0,75.38421105111975,0.0,0.0,0.0,0.0,93.3454159073954,98.12970360480581,72.9823127365083,67.37033965675424,91.34219255723055,77.49992976568865,69.99770359806492,69.00134819225093,0.0,0.0,0.0,0.0,0.0,0.0,0.0,0.0
114,114,0.0,86.00835610274245,0.0,74.92328664278715,0.0,0.0,0.0,0.0,93.09397180564433,98.20560504026876,72.81856072294266,67.20428054610198,91.7396474674697,77.91591916081721,70.43685819915845,69.32330372177911,0.0,0.0,0.0,0.0,0.0,0.0,0.0,0.0
115,115,0.0,85.56637257115476,0.0,74.46407023992661,0.0,0.0,0.0,0.0,92.83160663028652,98.26639102943983,72.64968766413257,0.0,92.12974338620988,78.33091071255316,70.87864633383826,69.64433666103999,0.0,0.0,0.0,0.0,0.0,0.0,0.0,0.0
116,116,0.0,85.12117628179675,0.0,74.00667691603077,0.0,0.0,0.0,0.0,92.5586232662087,98.31196128117466,72.4758056406437,0.0,92.5120825510543,78.74471616243353,71.32301105652559,69.96432932273416,0.0,0.0,0.0,0.0,0.0,0.0,0.0,0.0
117,117,0.0,84.6730437014898,0.0,73.55121655383799,0.0,0.0,0.0,0.0,92.27531851237926,98.34225137374627,72.29703367735493,0.0,92.88629271700745,79.15712058777761,71.7698861713294,70.28315004605943,0.0,0.0,0.0,0.0,0.0,0.0,0.0,0.0
118,118,0.0,84.22227713684838,0.0,73.09778182289088,0.0,0.0,0.0,0.0,91.98202127774108,98.35723302326217,72.11349746693145,0.0,93.25200910393933,79.5679388585491,72.21920169058586,70.60067535964225,0.0,0.0,0.0,0.0,0.0,0.0,0.0,0.0
119,119,0.0,83.76913113229307,0.0,72.64646704132981,0.0,0.0,0.0,0.0,91.67903378632847,98.35687024415192,71.92531732755272,0.0,93.60885539772063,79.9769448279955,72.67088372501702,70.91676193420311,0.0,0.0,0.0,0.0,0.0,0.0,0.0,0.0
120,120,0.0,83.31387764940497,0.0,72.19735606718686,0.0,0.0,0.0,0.0,91.36668888884505,98.34116337596274,71.73261407258573,0.0,93.95644392796872,80.38392091391403,73.12484222068845,71.2312862055272,0.0,0.0,0.0,0.0,0.0,0.0,0.0,0.0
121,121,0.0,82.85678910169588,0.0,71.75054033048951,0.0,0.0,0.0,0.0,91.04530145202772,98.31014908175527,71.53551470046698,0.0,94.29441631327691,80.78865147123938,73.58100085044586,71.54409307171068,0.0,0.0,0.0,0.0,0.0,0.0,0.0,0.0
122,122,0.0,82.39810701585236,0.0,71.30608932935165,0.0,0.0,0.0,0.0,90.71521525071212,98.26385632037591,71.33414054398281,0.0,94.62240445637117,81.19090075122803,74.03926689346801,71.85505920040343,0.0,0.0,0.0,0.0,0.0,0.0,0.0,0.0
123,123,0.0,81.93807381093423,0.0,70.86407465208156,0.0,0.0,0.0,0.0,90.37674573467976,98.20236114186135,71.12862455911367,0.0,94.94003080588227,81.5904349307937,74.49953666367709,72.16402357729858,0.0,0.0,0.0,0.0,0.0,0.0,0.0,0.0
124,124,0.0,81.47692480901995,0.0,70.42456972388527,0.0,0.0,0.0,0.0,90.03024504698095,98.1257425637692,70.91908800954056,0.0,95.24693959677208,81.98700729535298,74.96170777081174,72.47083975173796,0.0,0.0,0.0,0.0,0.0,0.0,0.0,0.0
125,125,0.0,81.01489569332179,0.0,69.98763286714677,0.0,0.0,0.0,0.0,89.6760270096041,98.03410428244159,70.70566341115295,0.0,95.54277743288283,82.38038111223811,75.42567939252159,72.77536461284663,0.0,0.0,0.0,0.0,0.0,0.0,0.0,0.0
126,126,0.0,80.5521926032217,0.0,69.55332459754115,0.0,0.0,0.0,0.0,89.31444968749585,97.92757432396867,70.48847149033695,0.0,95.82719394999367,82.77029934537158,75.89132638030799,73.07743442732743,0.0,0.0,0.0,0.0,0.0,0.0,0.0,0.0
127,127,0.0,80.08904445579039,0.0,69.12169109359155,0.0,0.0,0.0,0.0,88.94582320016357,97.80630461662429,70.26763825517149,0.0,96.09984249454224,83.1564997766114,76.35853107011275,73.37690086822384,0.0,0.0,0.0,0.0,0.0,0.0,0.0,0.0
128,128,0.0,79.62563645087907,0.0,68.6927917843421,0.0,0.0,0.0,0.0,88.5704913921057,97.67045964717214,70.04330029067174,0.0,96.36041247074559,83.53873102389245,76.82715714287835,73.67359483106058,0.0,0.0,0.0,0.0,0.0,0.0,0.0,0.0
129,129,0.0,79.16217631215805,0.0,68.26666666666667,0.0,0.0,0.0,0.0,88.18877689582321,97.5202268586441,69.81558213977777,0.0,96.60855661985981,83.9167214270954,77.29707585162053,73.96736307779543,0.0,0.0,0.0,0.0,0.0,0.0,0.0,0.0
130,130,0.0,78.69884340423651,0.0,67.84336355061326,0.0,0.0,0.0,0.0,87.80101655617872,97.35580526582062,69.58460206621987,0.0,96.8439758810078,84.29020273901014,77.76814611432783,74.25804400261659,0.0,0.0,0.0,0.0,0.0,0.0,0.0,0.0
131,131,0.0,78.23583177980383,0.0,67.42291166916681,0.0,0.0,0.0,0.0,87.40752556943272,97.17740497236905,69.3504940079991,0.0,97.06637829128098,84.65889440294073,78.2402070378133,74.5454611682951,0.0,0.0,0.0,0.0,0.0,0.0,0.0,0.0
132,132,0.0,77.77330090304524,0.0,67.00534824506902,0.0,0.0,0.0,0.0,87.00863234393643,96.9852787367932,69.11337979270856,0.0,97.27546887328698,85.02251985686458,78.71311217334059,74.82945474412365,0.0,0.0,0.0,0.0,0.0,0.0,0.0,0.0
133,133,0.0,77.31141812334263,0.0,0.0,0.0,0.0,0.0,0.0,86.60465183109298,96.77965691611624,68.87338559414526,0.0,97.47097164934951,85.38079884798017,79.18668792589278,75.10985028985147,67.25964707793139,0.0,0.0,0.0,0.0,0.0,0.0,0.0
134,134,0.0,76.8503445209678,0.0,0.0,0.0,0.0,0.0,0.0,86.19589407817557,96.56083233681824,68.63063631050434,0.0,97.65264134304341,85.73345604908475,79.66076102821766,75.3864777732822,67.67839197371187,0.0,0.0,0.0,0.0,0.0,0.0,0.0
135,135,0.0,76.39023500153692,0.0,0.0,0.0,0.0,0.0,0.0,85.78266396698226,96.32906358407826,68.3852448576433,0.0,97.82022088472833,86.08019641935729,80.1351515756392,75.65916543297806,68.09998036708521,0.0,0.0,0.0,0.0,0.0,0.0,0.0
136,136,0.0,75.93122529269115,0.0,0.0,0.0,0.0,0.0,0.0,85.36526097566868,96.0846593198298,68.13734413485743,0.0,97.9735070730192,86.42072180354546,80.60967294090834,75.92773991504893,68.52438346743348,0.0,0.0,0.0,0.0,0.0,0.0,0.0
137,137,0.0,75.47345225605159,0.0,0.0,0.0,0.0,0.0,0.0,84.94398716264689,95.82791397441045,67.88704952699698,0.0,98.11226428946597,86.75476547377221,81.08413169721527,76.19202641785353,68.95155401131933,0.0,0.0,0.0,0.0,0.0,0.0,0.0
138,138,0.0,75.01705359269457,0.0,0.0,0.0,0.0,0.0,0.0,84.51913844647868,95.55913878194892,67.63447501351921,0.0,98.23632310373198,87.08202483519973,81.55831243247111,76.45184884461709,69.38145252436136,0.0,0.0,0.0,0.0,0.0,0.0,0.0
139,139,0.0,74.56214860998784,0.0,0.0,0.0,0.0,0.0,0.0,84.090980325004,95.27867116569664,67.37974342865652,0.0,98.34551551154644,87.40220388629926,82.03200739779557,76.70702996394509,69.81403128747546,0.0,0.0,0.0,0.0,0.0,0.0,0.0
140,140,0.0,74.10885782754599,0.0,0.0,0.0,0.0,0.0,0.0,83.65981258300621,94.9868427031917,67.1229706552102,0.0,98.43967521618974,87.71501391977465,82.50499413042596,76.95739830823153,70.24922829626144,0.0,0.0,0.0,0.0,0.0,0.0,0.0
141,141,0.0,73.65728420738442,0.0,0.0,0.0,0.0,0.0,0.0,83.22588839616431,94.68398895898612,0.0,0.0,98.518671023431,88.02017422393212,82.97703497406592,77.20276824562411,70.68699485406711,0.0,0.0,0.0,0.0,0.0,0.0,0.0
142,142,0.0,73.20754447004767,0.0,0.0,0.0,0.0,0.0,0.0,82.78947858621912,94.37046907806808,0.0,0.0,98.5824073868694,88.3173950543463,83.4479003465174,77.44298062543831,71.12726202879199,0.0,0.0,0.0,0.0,0.0,0.0,0.0
143,143,0.0,72.7597259703357,0.0,0.0,0.0,0.0,0.0,0.0,82.35083946854887,94.04663430607478,0.0,0.0,98.63078060434665,88.60638666779975,83.91733760803164,77.67784209542334,71.56997441129427,0.0,0.0,0.0,0.0,0.0,0.0,0.0
144,144,0.0,72.31392988983713,0.0,0.0,0.0,0.0,0.0,0.0,81.91021318901498,93.71283766838627,0.0,0.0,98.66373426089204,88.88685975451469,84.38509444705804,77.90719323312284,72.01505572942372,0.0,0.0,0.0,0.0,0.0,0.0,0.0
145,145,0.0,71.87024676322542,0.0,0.0,0.0,0.0,0.0,0.0,81.46785824518604,93.36944325816917,0.0,0.0,98.68121526813705,89.1585349185856,84.85090298234533,78.13084732815143,72.46242555618,0.0,0.0,0.0,0.0,0.0,0.0,0.0
146,146,0.0,71.42875116000698,0.0,0.0,0.0,0.0,0.0,0.0,81.02399599299511,93.0168252638771,0.0,0.0,98.68319610201377,89.42115249233011,85.31448762154648,78.34864559675715,72.91201127617396,0.0,0.0,0.0,0.0,0.0,0.0,0.0
147,147,0.0,70.98953114157459,0.0,0.0,0.0,0.0,0.0,0.0,80.57885652925438,92.65535723799434,0.0,0.0,98.669685959057,89.67442781855642,85.77556511476575,78.56041608453101,73.36371813992962,0.0,0.0,0.0,0.0,0.0,0.0,0.0
148,148,0.0,70.55265336503285,0.0,0.0,0.0,0.0,0.0,0.0,80.13267056329988,92.28539215576264,0.0,0.0,98.64068650330873,89.91808768750604,86.23386152880093,78.76598759346189,73.81746517870789,0.0,0.0,0.0,0.0,0.0,0.0,0.0
149,149,0.0,70.11818659389674,0.0,0.0,0.0,0.0,0.0,0.0,79.68563293392721,91.90731064169685,0.0,0.0,98.59625818236901,90.15188954262668,86.68906199775141,78.96519698675988,74.27314861938878,0.0,0.0,0.0,0.0,0.0,0.0,0.0
150,150,0.0,69.68619041434775,0.0,0.0,0.0,0.0,0.0,0.0,79.23796132251039,91.52148118365149,0.0,0.0,98.53644269557188,90.3755762469981,87.1408608249546,79.1578824654766,74.73066600903681,0.0,0.0,0.0,0.0,0.0,0.0,0.0
151,151,0.0,69.25673202980622,0.0,0.0,0.0,0.0,0.0,0.0,78.78985938696117,91.12827889644068,0.0,0.0,98.46134016177646,90.58889472798369,87.58896251670163,79.34388378573473,75.18991006090553,0.0,0.0,0.0,0.0,0.0,0.0,0.0
152,152,0.0,68.82985876816923,0.0,0.0,0.0,0.0,0.0,0.0,78.34150325415472,90.7280659230127,0.0,0.0,98.37104260561641,90.79161518799282,88.03302999285332,79.52304966557847,75.65076203958237,0.0,0.0,0.0,0.0,0.0,0.0,0.0
153,153,0.0,68.40563108936433,0.0,0.0,0.0,0.0,0.0,0.0,77.89308412975323,90.32119139399161,0.0,0.0,98.26568875928736,90.98350376025516,88.47274526706,79.69523094681738,76.11309783594893,0.0,0.0,0.0,0.0,0.0,0.0,0.0
154,154,0.0,67.98408492571889,0.0,0.0,0.0,0.0,0.0,0.0,77.44477989181493,89.90803735965022,0.0,0.0,98.14541961460748,91.16435109214892,88.90776607316019,79.8602663140231,76.57680117990928,0.0,0.0,0.0,0.0,0.0,0.0,0.0
155,155,0.0,67.565269393862,0.0,0.0,0.0,0.0,0.0,0.0,76.99675554921305,89.48895299552068,0.0,0.0,98.01041093315042,91.33394471722389,89.33776150837876,80.01802587892072,77.04172387160577,0.0,0.0,0.0,0.0,0.0,0.0,0.0
156,156,0.0,67.14922541842361,0.0,0.0,0.0,0.0,0.0,0.0,76.54917701805812,89.06429156491323,0.0,0.0,97.86081811866359,91.49208832563033,89.7623765486815,80.16836814918022,77.50773183663554,0.0,0.0,0.0,0.0,0.0,0.0,0.0
157,157,0.0,0.0,0.0,0.0,0.0,0.0,0.0,0.0,76.10219764121238,88.63440072317614,0.0,0.0,97.69687391097129,91.63859280193432,90.18125920707104,80.31116194645418,77.97467170004987,0.0,0.0,0.0,0.0,0.0,0.0,0.0
158,158,0.0,0.0,0.0,0.0,0.0,0.0,0.0,0.0,75.65596515905247,88.19961336496759,0.0,0.0,97.51878954359212,91.77328619384583,90.59406129161806,80.44627939157381,78.44239083849924,0.0,0.0,0.0,0.0,0.0,0.0,0.0
159,159,0.0,0.0,0.0,0.0,0.0,0.0,0.0,0.0,75.21062821899352,87.76027403544477,0.0,0.0,97.32679783885845,91.89600463322948,91.00041094958308,80.57358872841418,78.9107164698502,67.29624341663028,0.0,0.0,0.0,0.0,0.0,0.0
160,160,0.0,0.0,0.0,0.0,0.0,0.0,0.0,0.0,74.76631702651639,87.31670313958121,0.0,0.0,97.12116317602538,92.00661192970276,91.39995018702716,80.69299141023107,79.37949052258496,67.71834800166617,0.0,0.0,0.0,0.0,0.0,0.0
161,161,0.0,0.0,0.0,0.0,0.0,0.0,0.0,0.0,74.32316302490206,86.86924047064176,0.0,0.0,96.90213776026346,92.104961558215,91.79230738740317,80.80436336216304,79.84852734362913,68.14340656013478,0.0,0.0,0.0,0.0,0.0,0.0
162,162,0.0,0.0,0.0,0.0,0.0,0.0,0.0,0.0,73.88129240880635,86.41818427145837,0.0,0.0,96.67001459827073,92.19093538913533,92.17711665370251,80.9076142615484,80.31763433900139,68.57138760670351,0.0,0.0,0.0,0.0,0.0,0.0
163,163,0.0,0.0,0.0,0.0,0.0,0.0,0.0,0.0,73.44081396457048,85.96384321679828,0.0,0.0,96.42508384599337,92.26443448244842,92.55399921097715,81.00263589941093,80.7866267286961,69.00224633676483,0.0,0.0,0.0,0.0,0.0,0.0
164,164,0.0,0.0,0.0,0.0,0.0,0.0,0.0,0.0,73.00184412613059,85.5065353713816,0.0,0.0,96.16766395084085,92.32536971064809,92.9225929458236,81.08934691469317,81.25529833021285,69.43594577399816,0.0,0.0,0.0,0.0,0.0,0.0
165,165,0.0,0.0,0.0,0.0,0.0,0.0,0.0,0.0,72.56448839067137,85.04652963286863,0.0,0.0,95.89806907058426,92.37366195963376,93.28250426210941,81.16765575911728,81.72344340985867,69.87243516552621,0.0,0.0,0.0,0.0,0.0,0.0
166,166,0.0,0.0,0.0,0.0,0.0,0.0,0.0,0.0,72.12884769493826,84.58412915304469,0.0,0.0,95.61662947034907,92.40924231036968,93.63337723461906,81.23750569470299,82.19082636431402,70.31166604771094,0.0,0.0,0.0,0.0,0.0,0.0
167,167,0.0,0.0,0.0,0.0,0.0,0.0,0.0,0.0,71.69501267494499,84.11959665418128,0.0,0.0,95.3236698962976,92.4320813267869,93.974835461276,81.2988150882471,82.65723472475517,70.75358680484199,0.0,0.0,0.0,0.0,0.0,0.0
168,168,0.0,0.0,0.0,0.0,0.0,0.0,0.0,0.0,71.26308143183726,83.65321180803109,0.0,0.0,95.019560532373,92.44214067424775,94.30651223975288,81.3515299449435,83.12243377196475,71.19814256991152,0.0,0.0,0.0,0.0,0.0,0.0
169,169,0.0,0.0,0.0,0.0,0.0,0.0,0.0,0.0,70.83312472441487,83.18522267455238,0.0,0.0,94.70463346723994,92.43941200550562,94.62804136406753,81.39560158517934,83.5861735930951,71.64525762535538,0.0,0.0,0.0,0.0,0.0,0.0
170,170,0.0,0.0,0.0,0.0,0.0,0.0,0.0,0.0,70.40523251688066,82.71589365217554,0.0,0.0,94.37926436082394,92.42389758507909,94.9390475132173,81.43098672980283,84.04819667430836,72.09487554540182,0.0,0.0,0.0,0.0,0.0,0.0
171,171,0.0,0.0,0.0,0.0,0.0,0.0,0.0,0.0,69.97947931291284,82.24545801794615,0.0,0.0,94.04380004492728,92.39561998563458,95.23919811625524,81.45765511735965,84.50825415166005,72.54691868916622,0.0,0.0,0.0,0.0,0.0,0.0
172,172,0.0,0.0,0.0,0.0,0.0,0.0,0.0,0.0,69.55592493967208,81.77415724761568,0.0,0.0,93.69862879510059,92.35460263330259,95.52812233939252,81.47556695884299,84.96607391565668,73.0013051471976,0.0,0.0,0.0,0.0,0.0,0.0
173,173,0.0,0.0,0.0,0.0,0.0,0.0,0.0,0.0,69.13464789723827,81.30221010819291,0.0,0.0,93.34410892069495,92.30091819484997,95.80549394427626,81.48472578074868,85.4213846612314,73.45796088547227,0.0,0.0,0.0,0.0,0.0,0.0
174,174,0.0,0.0,0.0,0.0,0.0,0.0,0.0,0.0,68.71570120195474,80.82984325991167,0.0,0.0,92.98061840141382,92.23461089099996,96.07097024583797,81.48510304161667,85.87389126316104,73.91678314159768,0.0,0.0,0.0,0.0,0.0,0.0
175,175,0.0,0.0,0.0,0.0,0.0,0.0,0.0,0.0,68.29914030009401,80.35726107754522,0.0,0.0,92.60852429895084,92.15577383674541,96.32422383472866,81.47670604121073,86.32329939421643,74.37769534625521,0.0,0.0,0.0,0.0,0.0,0.0
176,176,0.0,0.0,0.0,0.0,0.0,0.0,0.0,0.0,67.88502806505916,79.88466832566547,0.0,0.0,92.22822124879526,92.06450038897252,96.56494354571987,81.45954774399634,86.76932463786378,74.84057893610205,0.0,0.0,0.0,0.0,0.0,0.0
177,177,0.0,0.0,0.0,0.0,0.0,0.0,0.0,0.0,67.47340321124328,79.41224829250129,0.0,0.0,91.84007220299495,91.9609128500014,96.79282474790143,81.43363921844065,87.21165893026576,75.30534176730342,0.0,0.0,0.0,0.0,0.0,0.0
178,178,0.0,0.0,0.0,0.0,0.0,0.0,0.0,0.0,67.06431742394983,78.94019912127,0.0,0.0,91.44444713466619,91.84511406954428,97.00759139520618,81.39901222298668,87.6499698454223,75.7718547339887,0.0,0.0,0.0,0.0,0.0,0.0
179,179,0.0,0.0,0.0,0.0,0.0,0.0,0.0,0.0,0.0,78.46869063576047,0.0,0.0,91.04172214521611,91.71726402398657,97.20894344372623,81.35568901381096,88.08395281542839,76.24001569851232,0.0,0.0,0.0,0.0,0.0,0.0
180,180,0.0,0.0,0.0,0.0,0.0,0.0,0.0,0.0,0.0,77.99790026107138,0.0,0.0,90.63226924869761,91.57751214286591,97.39662151042018,81.30371993159771,88.51327965740532,76.70969121472672,0.0,0.0,0.0,0.0,0.0,0.0
181,181,0.0,0.0,0.0,0.0,0.0,0.0,0.0,0.0,0.0,77.52797812935736,0.0,0.0,90.2164559326444,91.42601624951988,97.57039731885418,81.24315318710427,88.93761592209712,77.18074186129077,0.0,0.0,0.0,0.0,0.0,0.0
182,182,0.0,0.0,0.0,0.0,0.0,0.0,0.0,0.0,0.0,77.0590889093757,0.0,0.0,89.79463558683857,91.26297062006448,97.73002037448812,81.17404231233853,89.35661208466945,77.65303582337499,0.0,0.0,0.0,0.0,0.0,0.0
183,183,0.0,0.0,0.0,0.0,0.0,0.0,0.0,0.0,0.0,76.59137734273875,0.0,0.0,89.36716571119965,91.08854852364612,97.87528331001752,81.09645354150055,89.76994004592142,78.12642186758548,0.0,0.0,0.0,0.0,0.0,0.0
184,184,0.0,0.0,0.0,0.0,0.0,0.0,0.0,0.0,0.0,76.1249823420318,0.0,0.0,88.93440713545003,90.9029587156982,98.00597925569805,81.01047308919539,90.17723926480957,78.60074945814608,0.0,0.0,0.0,0.0,0.0,0.0
185,185,0.0,0.0,0.0,0.0,0.0,0.0,0.0,0.0,0.0,75.66003709921137,0.0,0.0,88.4967054587282,90.70640706767833,98.12194595443216,80.9161696528871,90.5781624696383,79.07584775598919,0.0,0.0,0.0,0.0,0.0,0.0
186,186,0.0,0.0,0.0,0.0,0.0,0.0,0.0,0.0,0.0,75.1966691977182,0.0,0.0,88.05439119744265,90.49913357363596,98.22300081313018,80.8136316433856,90.97234864449649,79.55156062082038,0.0,0.0,0.0,0.0,0.0,0.0
187,187,0.0,0.0,0.0,0.0,0.0,0.0,0.0,0.0,0.0,74.7349943808626,0.0,0.0,87.60780613427868,90.28135568945922,98.30902884643851,80.70295205896159,91.35943250842688,80.02769685835817,0.0,0.0,0.0,0.0,0.0,0.0
188,188,0.0,0.0,0.0,0.0,0.0,0.0,0.0,0.0,0.0,74.27512959744061,0.0,0.0,87.15727629549882,90.05332384771656,98.37989553173048,80.5842504675718,91.73907364176912,80.50407259125411,0.0,0.0,0.0,0.0,0.0,0.0
189,189,0.0,0.0,0.0,0.0,0.0,0.0,0.0,0.0,0.0,73.81718653678533,0.0,0.0,86.70312073104131,89.81527447547879,98.43550192709867,80.45761364912215,92.11088098510075,80.98049713559098,0.0,0.0,0.0,0.0,0.0,0.0
190,190,0.0,0.0,0.0,0.0,0.0,0.0,0.0,0.0,0.0,73.36125951945706,0.0,0.0,86.24564287992234,89.5674664905716,98.47578508420854,80.32317665019859,92.4745085610378,81.45677292702695,67.14143801700814,0.0,0.0,0.0,0.0,0.0
191,191,0.0,0.0,0.0,0.0,0.0,0.0,0.0,0.0,0.0,72.90744449630814,0.0,0.0,85.7851643136836,89.3101712816852,98.50066320048802,80.18104150252711,92.82958934721388,81.9326801995247,67.52857686593735,0.0,0.0,0.0,0.0,0.0
192,192,0.0,0.0,0.0,0.0,0.0,0.0,0.0,0.0,0.0,72.45583281804612,0.0,0.0,85.32197361747619,89.04364494494169,98.51011290266428,80.03135046264941,93.17575477920153,82.40800691178428,67.91743832710705,0.0,0.0,0.0,0.0,0.0
193,193,0.0,0.0,0.0,0.0,0.0,0.0,0.0,0.0,0.0,72.00650546046606,0.0,0.0,84.85636036027697,88.76816418559648,98.50413633420214,79.87423438731017,93.51264524745359,82.88251836271613,68.3079461935203,0.0,0.0,0.0,0.0,0.0
194,194,0.0,0.0,0.0,0.0,0.0,0.0,0.0,0.0,0.0,71.5595509638177,0.0,0.0,84.38859837154938,88.48401641820924,98.48271706654008,79.70982002337853,93.83989101776294,83.35597995326572,68.70003146149169,67.12367720589761,0.0,0.0,0.0,0.0
195,195,0.0,0.0,0.0,0.0,0.0,0.0,0.0,0.0,0.0,71.11503033944982,0.0,0.0,83.91896212842137,88.19147250595768,98.44589726723139,79.53825871590182,94.1571427073474,83.82815761141572,69.0936220148611,67.46659042941948,0.0,0.0,0.0,0.0
196,196,0.0,0.0,0.0,0.0,0.0,0.0,0.0,0.0,0.0,70.67302402641887,0.0,0.0,83.44772625807879,87.89082202088565,98.39372248050574,79.3596971056797,94.46405229529935,84.29877785930917,69.48863706803435,67.80977508730508,0.0,0.0,0.0,0.0
197,197,0.0,0.0,0.0,0.0,0.0,0.0,0.0,0.0,0.0,70.23358573262169,0.0,0.0,82.9751259430406,87.58234606631358,98.32628549886176,79.17428419249428,94.76027373658711,84.76759951162303,69.8849923329016,68.15312768643365,0.0,0.0,0.0,0.0
198,198,0.0,0.0,0.0,0.0,0.0,0.0,0.0,0.0,0.0,69.79678270143847,0.0,0.0,82.50142830597754,87.2663344728201,98.24366013007683,78.98217112115641,95.04545332793015,85.2343416523665,70.28259994505179,68.49654672324586,0.0,0.0,0.0,0.0
199,199,0.0,0.0,0.0,0.0,0.0,0.0,0.0,0.0,0.0,69.3626674359617,0.0,0.0,82.02685372766376,86.94309367041434,98.14595597395474,78.78352507572171,95.31927135782628,85.69872360515832,70.68136839129205,68.83993830376984,0.0,0.0,0.0,0.0
200,200,0.0,0.0,0.0,0.0,0.0,0.0,0.0,0.0,0.0,68.93128389137777,0.0,0.0,81.55163854386213,86.6128859699034,98.0333398020484,78.57850063648586,95.58138135515716,86.16045701072952,71.08119669717988,69.18318945981531,0.0,0.0,0.0,0.0
201,201,0.0,0.0,0.0,0.0,0.0,0.0,0.0,0.0,0.0,68.50269456905967,0.0,0.0,81.07601134032282,86.27602386355603,97.90593664885114,78.36726784453857,95.83149338681021,86.6192629625973,71.48199145254087,69.52618929089687,0.0,0.0,0.0,0.0
202,202,0.0,0.0,0.0,0.0,0.0,0.0,0.0,0.0,0.0,68.07692661763735,0.0,0.0,80.60017085404398,85.93279215855459,97.76392788799365,78.14999079073405,96.0692711846662,87.0748127000989,71.88363803418835,69.86882366545981,0.0,0.0,0.0,0.0
203,203,0.0,0.0,0.0,0.0,0.0,0.0,0.0,0.0,0.0,67.6540311231607,0.0,0.0,80.12432381444226,85.58348192117022,97.60751773101563,77.92684139576536,96.29444741048364,87.52681254601374,72.28602924627029,70.21097520411647,0.0,0.0,0.0,0.0
204,204,0.0,0.0,0.0,0.0,0.0,0.0,0.0,0.0,0.0,67.2340353356113,0.0,0.0,79.64866971787445,85.22837330027505,97.43691098418476,77.69797842221188,96.50671993837607,87.97493594075048,72.68904789985234,70.55251761046961,0.0,0.0,0.0,0.0
205,205,0.0,0.0,0.0,0.0,0.0,0.0,0.0,0.0,0.0,0.0,0.0,0.0,79.1733937810199,84.86776011703265,97.25233422179234,77.46359541116225,96.70582593259032,88.41886669720466,73.09256641954734,70.89332681114728,67.19899983452245,0.0,0.0,0.0
206,206,0.0,0.0,0.0,0.0,0.0,0.0,0.0,0.0,0.0,0.0,0.0,0.0,78.69868152879344,84.50191641704193,97.054035054594,77.22385167474403,96.89151112551271,88.85826420227696,73.49647100012996,71.23328122510883,67.62049472690771,0.0,0.0,0.0
207,207,0.0,0.0,0.0,0.0,0.0,0.0,0.0,0.0,0.0,0.0,0.0,0.0,78.22469759931958,84.13112907225737,96.8422706827303,76.97892028491648,97.06351969087918,89.29278088160386,73.90061911923226,71.57223293410938,68.04495854128929,0.0,0.0,0.0
208,208,0.0,0.0,0.0,0.0,0.0,0.0,0.0,0.0,0.0,0.0,0.0,0.0,77.75160729359555,83.75567290021435,96.61731790764658,76.72898746161152,97.22162686251227,89.72208075700966,74.30487577617987,71.91005359750471,68.47235529807183,0.0,0.0,0.0
209,209,0.0,0.0,0.0,0.0,0.0,0.0,0.0,0.0,0.0,0.0,0.0,0.0,77.27956946849307,83.37582658131255,96.37946171194459,76.47422536172091,97.36563984272794,90.14581290113607,74.70910143628247,72.24659404515658,68.90264627659887,0.0,0.0,0.0
210,210,0.0,0.0,0.0,0.0,0.0,0.0,0.0,0.0,0.0,0.0,0.0,0.0,76.80872994059281,82.99184077034536,96.1290051248776,76.21480554008886,97.49535539882193,90.56361131456478,75.11314557721423,72.58171938670097,69.33580084740956,0.0,0.0,0.0
211,211,0.0,0.0,0.0,0.0,0.0,0.0,0.0,0.0,0.0,0.0,0.0,0.0,76.3392286302643,82.60400101865753,95.86625785517768,75.95090533479159,97.6105925240269,90.97513246444501,75.51684630665555,72.91527965371208,69.77175834266068,0.0,0.0,0.0
212,212,0.0,0.0,0.0,0.0,0.0,0.0,0.0,0.0,0.0,0.0,0.0,0.0,75.87120621336898,82.21255664141528,95.59153563022414,75.68270096423201,97.7112038775359,91.37999050271144,75.92005618084158,73.24710927786174,70.21048224947364,0.0,0.0,0.0
213,213,0.0,0.0,0.0,0.0,0.0,0.0,0.0,0.0,0.0,0.0,0.0,0.0,75.40478445071085,81.8177676579943,95.30519050478718,75.41037382807566,97.79704379540546,91.77782299457895,76.32261012225148,73.57706963935865,70.65191647337747,0.0,0.0,0.0
214,214,0.0,0.0,0.0,0.0,0.0,0.0,0.0,0.0,0.0,0.0,0.0,0.0,74.94008625263291,81.41987377699022,95.00754770188618,75.13409087280456,97.86799031640722,92.16825398554383,76.72432470606083,73.90499462551121,71.09600715936791,0.0,0.0,0.0
215,215,0.0,0.0,0.0,0.0,0.0,0.0,0.0,0.0,0.0,0.0,0.0,0.0,74.4772290950035,81.01913229982382,94.69895685870647,74.85402402048618,97.92396738063624,92.55092325330378,77.12503124440187,74.23071462836856,71.5426796798465,0.0,0.0,0.0
216,216,0.0,0.0,0.0,0.0,0.0,0.0,0.0,0.0,0.0,0.0,0.0,0.0,74.01631891613194,80.61577258583702,94.37977046839823,74.57034347608639,97.96486890742008,92.92543852887204,77.52454951409285,74.55406923734746,71.99188455119605,0.0,0.0,0.0
217,217,0.0,0.0,0.0,0.0,0.0,0.0,0.0,0.0,0.0,0.0,0.0,0.0,73.55745677433667,80.21003361894182,94.05036332830983,74.28322386828032,97.99065703626367,93.29142428123463,77.92268741181121,74.87489511133302,72.44353355847906,0.0,0.0,0.0
218,218,0.0,0.0,0.0,0.0,0.0,0.0,0.0,0.0,0.0,0.0,0.0,0.0,73.10073896540192,79.80213423553273,93.71108128211667,73.99283143995768,98.00129695807315,93.64851307977077,78.31924758698842,75.19300677694062,72.8975638462544,0.0,0.0,0.0
219,219,0.0,0.0,0.0,0.0,0.0,0.0,0.0,0.0,0.0,0.0,0.0,0.0,72.64625714100325,79.39230960979853,93.36230110912291,73.69933652172296,97.99676788841909,93.99632645265983,78.71404154741788,75.50824125260621,73.35388464668183,0.0,0.0,0.0
220,220,0.0,0.0,0.0,0.0,0.0,0.0,0.0,0.0,0.0,0.0,0.0,0.0,72.19409250508005,78.98076046625215,93.00439931946144,73.40289480998159,97.97706312417235,94.33449532706574,79.10685484269692,75.8204069591416,73.8124189898217,0.0,0.0,0.0
221,221,0.0,0.0,0.0,0.0,0.0,0.0,0.0,0.0,0.0,0.0,0.0,0.0,71.74432799941431,78.56771063512173,92.6377417950331,73.10367812849267,97.94223367058109,94.66263045290367,79.49748196242787,76.12933543588716,74.27306085698282,0.0,0.0,0.0
222,222,0.0,0.0,0.0,0.0,0.0,0.0,0.0,0.0,0.0,0.0,0.0,0.0,71.29703649816828,78.15335001670528,92.26271262230445,72.80183745219381,97.89231178256338,94.98039410387618,79.88569809070458,76.43483604510523,74.73571794060634,0.0,0.0,0.0
223,223,0.0,0.0,0.0,0.0,0.0,0.0,0.0,0.0,0.0,0.0,0.0,0.0,70.85229269565197,77.73788410906907,91.87966478539572,72.4975274635875,97.82737625754035,95.28739924846396,80.27129508521665,76.73672206185992,75.20028699164071,0.0,0.0,0.0
224,224,0.0,0.0,0.0,0.0,0.0,0.0,0.0,0.0,0.0,0.0,0.0,0.0,70.41015032727118,77.32149213258211,91.48898742899726,72.19091214858203,97.74751949007785,95.58330198816526,80.65403826062601,77.03481106818658,75.66665981654103,0.0,0.0,0.0
225,225,0.0,0.0,0.0,0.0,0.0,0.0,0.0,0.0,0.0,0.0,0.0,0.0,69.97067672060479,76.90437517729518,91.0910471578351,71.88214073510271,97.65283639876314,95.8677513085948,81.03370274572572,77.32890496470903,76.13470998731665,0.0,0.0,0.0
226,226,0.0,0.0,0.0,0.0,0.0,0.0,0.0,0.0,0.0,0.0,0.0,0.0,69.53392437695827,76.48670157009815,90.68621641647232,71.5713597769446,97.5434675306062,96.14039994406376,81.4100441677243,77.61881698867744,76.60431191743727,0.0,0.0,0.0
227,227,0.0,0.0,0.0,0.0,0.0,0.0,0.0,0.0,0.0,0.0,0.0,0.0,69.0999480494027,76.06864122994695,90.27485410352557,71.25871309841224,97.41955524873316,96.4009261938077,81.78282848700373,77.90435858951327,77.07534789666194,0.0,0.0,0.0
228,228,0.0,0.0,0.0,0.0,0.0,0.0,0.0,0.0,0.0,0.0,0.0,0.0,68.66878842818548,75.65037183447252,89.8573239284029,70.94434746477553,97.28127576433789,96.64900332911886,82.15180982304126,78.18532569829937,77.54766780235813,0.0,0.0,0.0
229,229,0.0,0.0,0.0,0.0,0.0,0.0,0.0,0.0,0.0,0.0,0.0,0.0,68.24049407978818,75.23203954743141,89.43398450759477,70.62840094812208,97.12880626268883,96.88431066482676,82.51673026706165,78.46153338622949,78.02113574835346,0.0,0.0,0.0
230,230,0.0,0.0,0.0,0.0,0.0,0.0,0.0,0.0,0.0,0.0,0.0,0.0,67.81510519818194,74.81379865702431,89.00519800470575,70.31100876242957,96.96235667889384,97.10656640119423,82.87735093849182,78.73277452150155,78.49558921688251,0.0,0.0,0.0
231,231,0.0,0.0,0.0,0.0,0.0,0.0,0.0,0.0,0.0,0.0,0.0,0.0,67.39264887112718,74.39581090715293,88.57129370150408,69.9923087997035,96.78215820913415,97.31546444468921,83.23339808198092,78.99886178799022,78.97087311902374,0.0,0.0,0.0
232,232,0.0,0.0,0.0,0.0,0.0,0.0,0.0,0.0,0.0,0.0,0.0,0.0,0.0,73.97820131418912,88.13263079608504,69.67243031846476,96.58842016796946,97.51075000614982,83.58463338307568,79.25959291012134,79.44682619408805,67.01495659601183,0.0,0.0
233,233,0.0,0.0,0.0,0.0,0.0,0.0,0.0,0.0,0.0,0.0,0.0,0.0,0.0,73.56112147607746,87.68953520062219,69.35149417794206,96.38141455278313,97.69215603035916,83.93077580363479,79.51477913188836,79.92325913972421,67.43296052612422,0.0,0.0
234,234,0.0,0.0,0.0,0.0,0.0,0.0,0.0,0.0,0.0,0.0,0.0,0.0,0.0,73.14468708993779,87.24233521558672,69.02962390621384,96.16140079186727,97.85944692287086,84.27156473430372,79.76421697462301,80.400004641273,67.85386775142383,0.0,0.0
235,235,0.0,0.0,0.0,0.0,0.0,0.0,0.0,0.0,0.0,0.0,0.0,0.0,0.0,72.72903986262145,86.79136086684055,68.70695080113866,95.92864652855485,98.01238676088775,84.60673683064894,80.00771710798651,80.87685212586644,68.27764140784463,0.0,0.0
236,236,0.0,0.0,0.0,0.0,0.0,0.0,0.0,0.0,0.0,0.0,0.0,0.0,0.0,72.31428049263118,86.33691785248297,68.38358153724116,95.68346864751743,98.15077252465424,84.9360180836504,80.245090391079,81.3536207076027,68.70424726533675,0.0,0.0
237,237,0.0,0.0,0.0,0.0,0.0,0.0,0.0,0.0,0.0,0.0,0.0,0.0,0.0,71.90053541387337,85.87932179147779,68.05963601861339,95.42613843383153,98.27442395832182,85.25914031271115,80.47614074472256,81.83008522138432,69.13364854087149,0.0,0.0
238,238,0.0,0.0,0.0,0.0,0.0,0.0,0.0,0.0,0.0,0.0,0.0,0.0,0.0,71.48791452125072,85.41887230975445,67.73522055973308,95.15699552599922,98.38315116984835,85.57583346242642,80.70067258508281,82.30604323704804,69.56578931558015,0.0,0.0
239,239,0.0,0.0,0.0,0.0,0.0,0.0,0.0,0.0,0.0,0.0,0.0,0.0,0.0,71.0765119266387,84.95585336658326,67.4104438847505,94.87635347047998,98.47682096231327,85.88581753831336,80.91851340185292,82.78126227314524,70.00062682379473,0.0,0.0
240,240,0.0,0.0,0.0,0.0,0.0,0.0,0.0,0.0,0.0,0.0,0.0,0.0,0.0,70.66643507348627,84.4905417159088,67.08541177406914,94.58453046358136,98.555291422397,86.1888364105523,81.12946224718837,83.25550993006443,70.43810419684633,0.0,0.0
241,241,0.0,0.0,0.0,0.0,0.0,0.0,0.0,0.0,0.0,0.0,0.0,0.0,0.0,70.25777577933438,84.02323089564754,0.0,94.2818790335636,98.61846733902048,86.48460804929938,81.33335687071389,83.72854634398826,70.87817250297407,0.0,0.0
242,242,0.0,0.0,0.0,0.0,0.0,0.0,0.0,0.0,0.0,0.0,0.0,0.0,0.0,69.85062206344611,83.55417429533685,0.0,93.96874428712746,98.6662453916977,86.77286679507078,81.5300069337565,84.20011611961469,71.32075667432609,0.0,0.0
243,243,0.0,0.0,0.0,0.0,0.0,0.0,0.0,0.0,0.0,0.0,0.0,0.0,0.0,69.44505274627959,83.08364181282464,0.0,93.64547356090318,98.6985585636309,87.05333847079929,81.71923906759092,84.66995603031454,71.76579493788547,0.0,0.0
244,244,0.0,0.0,0.0,0.0,0.0,0.0,0.0,0.0,0.0,0.0,0.0,0.0,0.0,69.0411595148917,82.61186420900125,0.0,93.3124256946792,98.71537642304385,87.32576648951112,81.90089749423274,85.13781151127064,72.2132220111809,0.0,0.0
245,245,0.0,0.0,0.0,0.0,0.0,0.0,0.0,0.0,0.0,0.0,0.0,0.0,0.0,68.6390085781601,82.13910387917787,0.0,92.96995042166098,98.71664989792362,87.58988663280786,82.07479868124452,85.60339596453917,72.66295700252091,0.0,0.0
246,246,0.0,0.0,0.0,0.0,0.0,0.0,0.0,0.0,0.0,0.0,0.0,0.0,0.0,68.23867904805802,81.66557686429056,0.0,92.61841738279297,98.70239992642185,87.84544472455163,82.24080012822088,86.06642313129012,73.11491471145199,0.0,0.0
247,247,0.0,0.0,0.0,0.0,0.0,0.0,0.0,0.0,0.0,0.0,0.0,0.0,0.0,67.84023070612275,81.19151500691373,0.0,92.25818579100229,98.6726399494796,88.09217965679287,82.39874738922379,86.52659911233542,73.56900551173973,0.0,0.0
248,248,0.0,0.0,0.0,0.0,0.0,0.0,0.0,0.0,0.0,0.0,0.0,0.0,0.0,67.44373085230329,80.71712765166083,0.0,91.88961384225142,98.62740907253364,88.32984129335766,82.54848175519085,86.9836396623651,74.02514768858158,0.0,0.0
249,249,0.0,0.0,0.0,0.0,0.0,0.0,0.0,0.0,0.0,0.0,0.0,0.0,0.0,0.0,80.24263183431283,0.0,91.51308673537565,98.56676089126304,88.55818222254874,82.68986367918212,87.43721039529072,74.4832365742485,0.0,0.0
250,250,0.0,0.0,0.0,0.0,0.0,0.0,0.0,0.0,0.0,0.0,0.0,0.0,0.0,0.0,79.76822255189059,0.0,91.1289489124899,98.49080745002377,88.77697609478153,82.82277328856387,87.88701245678556,74.94316242431593,0.0,0.0
251,251,0.0,0.0,0.0,0.0,0.0,0.0,0.0,0.0,0.0,0.0,0.0,0.0,0.0,0.0,79.29409513092807,0.0,90.73758001018116,98.39963064356826,88.98599148141149,82.94706393785908,88.33271400055447,75.40482321810477,0.0,0.0
252,252,0.0,0.0,0.0,0.0,0.0,0.0,0.0,0.0,0.0,0.0,0.0,0.0,0.0,0.0,78.82041663755685,0.0,90.33932786102855,98.29337019036858,89.18499207115018,83.06262468832638,88.77399381991772,75.86809917133068,0.0,0.0
253,253,0.0,0.0,0.0,0.0,0.0,0.0,0.0,0.0,0.0,0.0,0.0,0.0,0.0,0.0,78.34738303715055,0.0,89.93454604618098,98.17216810109592,89.37377320531623,83.169341663625,89.21049723700898,76.33286507168567,0.0,0.0
254,254,0.0,0.0,0.0,0.0,0.0,0.0,0.0,0.0,0.0,0.0,0.0,0.0,0.0,0.0,77.87514826145059,0.0,89.52361129295595,98.03620120415192,89.55213552331725,83.2671060205051,89.64188981809725,76.79899016309662,0.0,0.0
255,255,0.0,0.0,0.0,0.0,0.0,0.0,0.0,0.0,0.0,0.0,0.0,0.0,0.0,0.0,77.4038740638969,0.0,89.1068496435321,97.88563687343041,89.71985790005778,83.35582993516243,90.06781287511198,77.26633803302907,0.0,0.0
256,256,0.0,0.0,0.0,0.0,0.0,0.0,0.0,0.0,0.0,0.0,0.0,0.0,0.0,0.0,76.93370910787584,0.0,88.68462758805427,97.7206980322716,89.87677077664969,83.4354232105401,90.48792011973197,77.73477337001002,0.0,0.0
257,257,0.0,0.0,0.0,0.0,0.0,0.0,0.0,0.0,0.0,0.0,0.0,0.0,0.0,0.0,76.46480941754496,0.0,88.25726994188058,97.54160786921356,90.02269287950166,83.50579335675354,90.90185068937174,78.20412752498245,0.0,0.0
258,258,0.0,0.0,0.0,0.0,0.0,0.0,0.0,0.0,0.0,0.0,0.0,0.0,0.0,0.0,75.99730485921586,0.0,87.82512261584732,97.34858947978131,90.15745897758778,83.5668853681696,91.3092385546204,78.67426004399857,66.99133101726032,0.0
259,259,0.0,0.0,0.0,0.0,0.0,0.0,0.0,0.0,0.0,0.0,0.0,0.0,0.0,0.0,75.53132640304803,0.0,87.38850765652424,97.1419084322709,90.28091110674754,83.6186264671387,91.70970335558509,79.14499660171171,67.40353022925778,0.0
260,260,0.0,0.0,0.0,0.0,0.0,0.0,0.0,0.0,0.0,0.0,0.0,0.0,0.0,0.0,75.0669994295761,0.0,86.94775822990172,96.92182880036549,90.39290818330079,83.66096583732981,92.1028889745725,79.6161560360853,67.81841342366849,0.0
261,261,0.0,0.0,0.0,0.0,0.0,0.0,0.0,0.0,0.0,0.0,0.0,0.0,0.0,0.0,74.60444384760889,0.0,86.50318351375145,96.68864465483746,90.49331711994735,83.69386685637276,92.48841661407263,80.08757211976878,68.23593287166038,0.0
262,262,0.0,0.0,0.0,0.0,0.0,0.0,0.0,0.0,0.0,0.0,0.0,0.0,0.0,0.0,74.14376172082278,0.0,86.05509462295498,96.44264720161797,90.5820224330496,83.71729127376621,92.86590406171192,80.5590431416562,68.65604313222288,0.0
263,263,0.0,0.0,0.0,0.0,0.0,0.0,0.0,0.0,0.0,0.0,0.0,0.0,0.0,0.0,73.68506901025377,0.0,85.60379567230011,96.18414542080946,90.65891725230954,83.73121518732005,93.23497608416915,81.03037488058379,69.07870128587648,0.0
264,264,0.0,0.0,0.0,0.0,0.0,0.0,0.0,0.0,0.0,0.0,0.0,0.0,0.0,0.0,73.22845797676761,0.0,85.14958362821214,95.91346512788044,90.72391290586837,83.73562114274954,93.59526535587207,81.50136630557549,69.5038507107835,0.0
265,265,0.0,0.0,0.0,0.0,0.0,0.0,0.0,0.0,0.0,0.0,0.0,0.0,0.0,0.0,72.77402853701213,0.0,84.69274003245849,95.63092721573598,90.77692982726697,83.73051410155065,93.9463833044466,81.97180188645062,69.93143699407982,0.0
266,266,0.0,0.0,0.0,0.0,0.0,0.0,0.0,0.0,0.0,0.0,0.0,0.0,0.0,0.0,72.3218579090814,0.0,84.23355552805202,95.33687827625724,90.81789773079099,83.71588958026375,94.2879502571061,82.44145111193843,70.36139692319206,0.0
267,267,0.0,0.0,0.0,0.0,0.0,0.0,0.0,0.0,0.0,0.0,0.0,0.0,0.0,0.0,71.8720370650629,0.0,83.772289021632,95.03166876366282,90.84678390512954,83.69176551012889,94.61961677549893,82.91009926034769,70.7936694370053,0.0
268,268,0.0,0.0,0.0,0.0,0.0,0.0,0.0,0.0,0.0,0.0,0.0,0.0,0.0,0.0,71.42463495721299,0.0,83.30920837507472,94.71565231046456,90.86354649508324,83.65816626813374,94.9409936330196,83.3774934015715,71.22817857972792,0.0
269,269,0.0,0.0,0.0,0.0,0.0,0.0,0.0,0.0,0.0,0.0,0.0,0.0,0.0,0.0,70.97972835090054,0.0,82.84457388281504,94.38918505879266,90.86816268705417,83.61513057595337,95.25173355449054,83.84339654172666,71.66485604322042,0.0
270,270,0.0,0.0,0.0,0.0,0.0,0.0,0.0,0.0,0.0,0.0,0.0,0.0,0.0,0.0,70.53738425256103,0.0,82.37862282226727,94.05263506091993,90.86061939684242,83.56270345856535,95.55146059636924,84.3075404951631,72.10362405104871,0.0
271,271,0.0,0.0,0.0,0.0,0.0,0.0,0.0,0.0,0.0,0.0,0.0,0.0,0.0,0.0,70.09766037906584,0.0,81.91160081423854,93.70637129850516,90.84094143422568,83.50092823617099,95.83984290978475,84.7696735722162,72.5443889223399,0.0
272,272,0.0,0.0,0.0,0.0,0.0,0.0,0.0,0.0,0.0,0.0,0.0,0.0,0.0,0.0,69.66061664211131,0.0,81.44373834162965,93.35077295500811,90.8091445634113,83.42987022578492,96.11651068668147,85.22952067789237,72.9870705063395,0.0
273,273,0.0,0.0,0.0,0.0,0.0,0.0,0.0,0.0,0.0,0.0,0.0,0.0,0.0,0.0,69.22630945890985,0.0,80.9752586538397,92.98620877157927,90.76527295902423,83.34960860728677,96.38115065074801,85.68680751305823,73.43157253879482,0.0
274,274,0.0,0.0,0.0,0.0,0.0,0.0,0.0,0.0,0.0,0.0,0.0,0.0,0.0,0.0,68.79478648091762,0.0,80.50637043249851,92.61305633610121,90.70937098926713,83.2602204522487,96.633423304907,86.14122736761611,73.87779420719178,0.0
275,275,0.0,0.0,0.0,0.0,0.0,0.0,0.0,0.0,0.0,0.0,0.0,0.0,0.0,0.0,68.36608703360247,0.0,80.03729010106981,92.2317011256879,90.64150183904398,83.16178851900479,96.87302676249463,86.59249953481132,74.32562376723985,0.0
276,276,0.0,0.0,0.0,0.0,0.0,0.0,0.0,0.0,0.0,0.0,0.0,0.0,0.0,0.0,67.94025827798004,0.0,79.56819785717418,91.84249721419789,90.56175663462632,83.05440894329875,97.09964464840274,87.04031954875134,74.77495076536835,0.0
277,277,0.0,0.0,0.0,0.0,0.0,0.0,0.0,0.0,0.0,0.0,0.0,0.0,0.0,0.0,67.51733910483824,0.0,79.09930342277067,91.44584400461302,90.47023549813528,82.9381987896678,97.31298931569727,87.48437583725281,75.22565988290783,0.0
278,278,0.0,0.0,0.0,0.0,0.0,0.0,0.0,0.0,0.0,0.0,0.0,0.0,0.0,0.0,67.09736055757907,0.0,78.63077374379074,91.04209890110117,90.36702876803554,82.8132722572903,97.512781377009,87.9243498893552,75.67763083608904,0.0
279,279,0.0,0.0,0.0,0.0,0.0,0.0,0.0,0.0,0.0,0.0,0.0,0.0,0.0,0.0,0.0,0.0,78.1627907100681,90.6316438530684,90.25226328062054,82.67973282044339,97.69877203745682,88.35990757553668,76.13072510622615,0.0
280,280,0.0,0.0,0.0,0.0,0.0,0.0,0.0,0.0,0.0,0.0,0.0,0.0,0.0,0.0,0.0,0.0,77.69552254830013,90.21482816023055,90.12608331808188,82.53772747937003,97.87068968585288,88.79073476754586,76.58480505250846,0.0
281,281,0.0,0.0,0.0,0.0,0.0,0.0,0.0,0.0,0.0,0.0,0.0,0.0,0.0,0.0,0.0,0.0,77.22912433143054,89.79203348753073,89.98862257483219,82.38738416965735,98.02832729029541,89.21647556598984,77.03973420591338,0.0
282,282,0.0,0.0,0.0,0.0,0.0,0.0,0.0,0.0,0.0,0.0,0.0,0.0,0.0,0.0,0.0,0.0,76.76374518100323,89.36360823440968,89.84004082821492,82.22883499868527,98.17145622518034,89.63679476341844,77.495357103449,67.36601779412118
283,283,0.0,0.0,0.0,0.0,0.0,0.0,0.0,0.0,0.0,0.0,0.0,0.0,0.0,0.0,0.0,0.0,76.2995349803455,88.92989545179167,89.68051418730447,82.0622466386418,98.2998812135299,90.05135178335446,77.9515122106172,67.78065717198302
284,284,0.0,0.0,0.0,0.0,0.0,0.0,0.0,0.0,0.0,0.0,0.0,0.0,0.0,0.0,0.0,0.0,75.83663754137622,88.49126812411785,89.51021637060484,81.88775849662265,98.41343012294185,90.45978240310524,78.40803881982002,68.19793769436413
285,285,0.0,0.0,0.0,0.0,0.0,0.0,0.0,0.0,0.0,0.0,0.0,0.0,0.0,0.0,0.0,0.0,75.3751713500344,88.0480390100839,89.32934572547914,81.70553621857864,98.51195453762855,90.86173579988528,78.86476324170741,68.61780886337797
286,286,0.0,0.0,0.0,0.0,0.0,0.0,0.0,0.0,0.0,0.0,0.0,0.0,0.0,0.0,0.0,0.0,74.91526912799648,87.60055897120311,89.13808837089304,81.51574828677983,98.59529711636766,91.25683791116002,79.32151262519052,69.04023327439546
287,287,0.0,0.0,0.0,0.0,0.0,0.0,0.0,0.0,0.0,0.0,0.0,0.0,0.0,0.0,0.0,0.0,74.45704526522995,87.14915409366812,88.93666314895212,81.31855072970001,98.66335815538984,91.6447482976988,79.77808637392098,69.46514913733363
288,288,0.0,0.0,0.0,0.0,0.0,0.0,0.0,0.0,0.0,0.0,0.0,0.0,0.0,0.0,0.0,0.0,74.0006153823902,86.69414345595169,88.7252848409322,81.11413210044769,98.71604084062092,92.02507557820766,80.2342987403762,69.89250770584754
289,289,0.0,0.0,0.0,0.0,0.0,0.0,0.0,0.0,0.0,0.0,0.0,0.0,0.0,0.0,0.0,0.0,73.54607762053031,86.23583049759543,88.50417287117796,80.90266040124594,98.75326250480019,92.3974729291154,80.68994302556477,70.32224609893333
290,290,0.0,0.0,0.0,0.0,0.0,0.0,0.0,0.0,0.0,0.0,0.0,0.0,0.0,0.0,0.0,0.0,73.09353780032308,85.77452839604751,88.27356861649939,80.68431299828866,98.77496593386118,92.76156230709812,81.14482063675078,70.75429790148381
291,291,0.0,0.0,0.0,0.0,0.0,0.0,0.0,0.0,0.0,0.0,0.0,0.0,0.0,0.0,0.0,0.0,72.64309079181133,85.31054249264803,88.0337169135779,80.45929089032593,98.78114173713148,93.11697322432018,81.59869649791375,71.18859306343202
292,292,0.0,0.0,0.0,0.0,0.0,0.0,0.0,0.0,0.0,0.0,0.0,0.0,0.0,0.0,0.0,0.0,72.19482100606764,84.84414564307475,87.7848481157531,80.22775931526336,98.77176191650442,93.46334367661004,82.05135855604527,71.62505779857293
293,293,0.0,0.0,0.0,0.0,0.0,0.0,0.0,0.0,0.0,0.0,0.0,0.0,0.0,0.0,0.0,0.0,71.74880872517694,84.37561993308822,87.52721300622558,79.98992854081554,98.74683533224608,93.80030107764821,82.50256531414024,72.06362038457078
294,294,0.0,0.0,0.0,0.0,0.0,0.0,0.0,0.0,0.0,0.0,0.0,0.0,0.0,0.0,0.0,0.0,71.30514176515555,83.90524771069775,87.26108188470847,79.74597282837216,98.70641873259389,94.12749269388819,82.95208367150447,72.5041875287854
295,295,0.0,0.0,0.0,0.0,0.0,0.0,0.0,0.0,0.0,0.0,0.0,0.0,0.0,0.0,0.0,0.0,70.86388063172572,83.43328735969578,86.98670922161921,79.49609592866165,98.65056121519555,94.44454640162522,83.39965817512828,72.94667341202346
296,296,0.0,0.0,0.0,0.0,0.0,0.0,0.0,0.0,0.0,0.0,0.0,0.0,0.0,0.0,0.0,0.0,70.42509950546375,82.95998981100489,86.70434233081373,79.2404871344965,98.57933732280925,94.75111144130437,83.84504216643394,73.39098807037828
297,297,0.0,0.0,0.0,0.0,0.0,0.0,0.0,0.0,0.0,0.0,0.0,0.0,0.0,0.0,0.0,0.0,69.9888630221716,82.48560626170733,86.41426369548242,78.97934277339911,98.49283576543483,95.04684945615921,84.28795831577334,73.83702490489289
298,298,0.0,0.0,0.0,0.0,0.0,0.0,0.0,0.0,0.0,0.0,0.0,0.0,0.0,0.0,0.0,0.0,69.55522673146474,82.01037244824259,86.11673887261641,78.71286575207684,98.39120320030807,95.331394133891,84.7281463724944,74.2846786415257
299,299,0.0,0.0,0.0,0.0,0.0,0.0,0.0,0.0,0.0,0.0,0.0,0.0,0.0,0.0,0.0,0.0,69.12424840144284,81.534516664775,85.81203342144669,78.44123712884036,98.27456663149627,95.60442366013932,85.16531507053479,74.73383925311681
