,time,211,256,727,772,234,705,750,212,728,279,257,773,235,751
0,0,67.73118539272312,83.45500694004251,71.78458099829511,80.10906485047279,0.0,0.0,0.0,0.0,0.0,0.0,0.0,0.0,0.0,0.0
1,1,67.36757009385144,83.48878375627044,71.40129173050524,80.21564152140267,0.0,0.0,0.0,0.0,0.0,0.0,0.0,0.0,0.0,0.0
2,2,67.004899276408,83.51328231304461,71.01834823588808,80.3142770674629,0.0,0.0,0.0,0.0,0.0,0.0,0.0,0.0,0.0,0.0
3,3,0.0,83.52846246596334,70.63586728804825,80.40487509376761,0.0,0.0,0.0,0.0,0.0,0.0,0.0,0.0,0.0,0.0
4,4,0.0,83.53430611564148,70.25395046745221,80.48735090975859,0.0,0.0,0.0,0.0,0.0,0.0,0.0,0.0,0.0,0.0
5,5,0.0,83.53082520007294,69.87271256192271,80.56163175387982,0.0,0.0,0.0,0.0,0.0,0.0,0.0,0.0,0.0,0.0
6,6,0.0,83.51800619741569,69.49224778440157,80.62764221593714,0.0,0.0,0.0,0.0,0.0,0.0,0.0,0.0,0.0,0.0
7,7,0.0,83.49587354853573,69.11265244542948,80.68532649317366,0.0,0.0,0.0,0.0,0.0,0.0,0.0,0.0,0.0,0.0
8,8,0.0,83.46444206107093,68.73401934050332,80.73463379091217,0.0,0.0,0.0,0.0,0.0,0.0,0.0,0.0,0.0,0.0
9,9,0.0,83.42374065227506,68.35643249953762,80.77551099460264,0.0,0.0,0.0,0.0,0.0,0.0,0.0,0.0,0.0,0.0
10,10,0.0,83.37382016570169,67.97998854537192,80.8079175597625,0.0,0.0,0.0,0.0,0.0,0.0,0.0,0.0,0.0,0.0
11,11,0.0,83.3147216450416,67.60474914143889,80.83182562076776,0.0,0.0,0.0,0.0,0.0,0.0,0.0,0.0,0.0,0.0
12,12,0.0,83.24650785629458,67.23080442115882,80.84721264075569,0.0,0.0,0.0,0.0,0.0,0.0,0.0,0.0,0.0,0.0
13,13,0.0,83.16924733910389,66.85822561308233,80.8540688799488,0.0,0.0,0.0,0.0,0.0,0.0,0.0,0.0,0.0,0.0
14,14,0.0,83.08301428197015,66.48707098461912,80.85238256811607,0.0,0.0,0.0,0.0,0.0,0.0,0.0,0.0,0.0,0.0
15,15,0.0,82.98788838921169,0.0,80.84215477414264,0.0,0.0,0.0,0.0,0.0,0.0,0.0,0.0,0.0,0.0
16,16,0.0,82.8839703531573,0.0,80.82339197958254,66.69052368582155,0.0,0.0,0.0,0.0,0.0,0.0,0.0,0.0,0.0
17,17,0.0,82.77135035250248,0.0,80.79612090478435,67.10549082290471,0.0,0.0,0.0,0.0,0.0,0.0,0.0,0.0,0.0
18,18,0.0,82.65015466849398,0.0,80.76036618952587,67.52336423499175,0.0,0.0,0.0,0.0,0.0,0.0,0.0,0.0,0.0
19,19,0.0,82.52047539295687,0.0,80.71615777880875,67.94411380453761,0.0,0.0,0.0,0.0,0.0,0.0,0.0,0.0,0.0
20,20,0.0,82.38245568245158,0.0,80.66353826577426,68.36769638776168,66.39962949006745,0.0,0.0,0.0,0.0,0.0,0.0,0.0,0.0
21,21,0.0,82.23621193094176,0.0,80.60255539410619,68.79408195782953,66.47340029118371,0.0,0.0,0.0,0.0,0.0,0.0,0.0,0.0
22,22,0.0,82.08188768940512,0.0,80.53326934599023,69.22322184225492,66.5427207670077,0.0,0.0,0.0,0.0,0.0,0.0,0.0,0.0
23,23,0.0,81.91962251437945,0.0,80.4557452259115,69.65506967802419,66.60756254696118,67.05555842573665,0.0,0.0,0.0,0.0,0.0,0.0,0.0
24,24,0.0,81.74956707565913,0.0,80.37005294925216,70.08958165360598,66.66787375922942,67.47322214001905,0.0,0.0,0.0,0.0,0.0,0.0,0.0
25,25,0.0,81.57186764259991,0.0,80.2762744474324,70.52669415337712,66.72362437874997,67.89375368207885,0.0,0.0,0.0,0.0,0.0,0.0,0.0
26,26,0.0,81.38668106964295,0.0,80.17449614656773,70.9663512239236,66.77477097391763,68.31712561283567,0.0,0.0,0.0,0.0,0.0,0.0,0.0
27,27,0.0,81.19418188327137,0.0,80.06480882343308,71.4084877913801,66.8212921491436,68.74330289853793,0.0,0.0,0.0,0.0,0.0,0.0,0.0
28,28,0.0,80.99453185666802,0.0,79.94730745644915,71.85304093500403,66.86315315992982,69.1722316251041,0.0,0.0,0.0,0.0,0.0,0.0,0.0
29,29,0.0,80.7878949621495,0.0,79.8221055529427,72.2999263855295,66.90032619230635,69.60387642970713,0.0,0.0,0.0,0.0,0.0,0.0,0.0
30,30,0.0,80.57445189229101,0.0,79.68930588531785,72.74907941413514,66.93278533636538,70.03817717366667,0.0,0.0,0.0,0.0,0.0,0.0,0.0
31,31,0.0,80.35438475158671,0.0,79.54903651201339,73.20040749335935,66.96052190248234,70.47508697666842,0.0,0.0,0.0,0.0,0.0,0.0,0.0
32,32,0.0,80.12786951103607,0.0,79.40142155613252,73.65382568014286,66.98350371374052,70.91454458921218,0.0,0.0,0.0,0.0,0.0,0.0,0.0
33,33,0.0,79.89509048300577,0.0,79.2465740040079,74.10923229235688,67.0017260558292,71.35648516117566,0.0,0.0,0.0,0.0,0.0,0.0,0.0
34,34,0.0,79.65623266571755,0.0,79.0846384470509,74.56653962110029,67.01517094008958,71.80084013510307,0.0,0.0,0.0,0.0,0.0,0.0,0.0
35,35,0.0,79.41148151052549,0.0,78.91575492066636,75.02563020463667,67.02383260858737,72.24753713892856,0.0,0.0,0.0,0.0,0.0,0.0,0.0
36,36,0.0,79.16102981663157,0.0,78.74005179842726,75.48640048160324,67.02770735002227,72.69649987831598,0.0,0.0,0.0,0.0,0.0,0.0,0.0
37,37,0.0,78.90506313167202,0.0,78.55768799010959,75.94872252954126,67.02678839848554,73.14764194860996,0.0,0.0,0.0,0.0,0.0,0.0,0.0
38,38,0.0,78.6437738215789,0.0,78.36881021095726,76.4124759344117,67.02108125262706,73.60087866067143,0.0,0.0,0.0,0.0,0.0,0.0,0.0
39,39,0.0,78.3773536474371,0.0,78.17357393856499,76.87752161546929,67.01058325554774,74.0561086106889,0.0,0.0,0.0,0.0,0.0,0.0,0.0
40,40,0.0,78.10598662861011,0.0,77.97212230813432,77.34373489380178,66.99530911026575,74.51324434814924,0.0,0.0,0.0,0.0,0.0,0.0,0.0
41,41,0.0,77.82986974198425,0.0,77.76462750434133,77.81096533344652,66.97526534953211,74.97216871225673,0.0,0.0,0.0,0.0,0.0,0.0,0.0
42,42,0.0,77.54919857750095,0.0,77.55124198314036,78.2790493329691,66.95046053928444,75.43277195635837,0.0,0.0,0.0,0.0,0.0,0.0,0.0
43,43,0.0,77.26414680187892,0.0,77.3321328105564,78.74783779019249,66.92091544770473,75.89493932544578,0.0,0.0,0.0,0.0,0.0,0.0,0.0
44,44,0.0,76.97492060867918,0.0,77.10746756908107,79.21715447480152,66.8866528140355,76.35854432153612,0.0,0.0,0.0,0.0,0.0,0.0,0.0
45,45,0.0,76.68169046877956,0.0,76.87740744222226,79.68683075513233,66.8476871649782,76.82344819253633,0.0,0.0,0.0,0.0,0.0,0.0,0.0
46,46,0.0,76.38465192772728,0.0,76.64212057599688,80.15668445719989,66.80404513676041,77.28952656651818,0.0,0.0,0.0,0.0,0.0,0.0,0.0
47,47,0.0,76.0839915391143,0.0,76.401781689549,80.62651197615214,66.75575525640886,77.75662247852063,0.0,0.0,0.0,0.0,0.0,0.0,0.0
48,48,0.0,75.77988045896085,0.0,76.15655849896808,81.09613218448375,66.70284790841093,78.22458634305393,0.0,0.0,0.0,0.0,0.0,0.0,0.0
49,49,0.0,75.47250073671452,0.0,75.90661175053327,81.56532005721807,66.64535529964245,78.69326260478276,0.0,0.0,0.0,0.0,0.0,0.0,0.0
50,50,0.0,75.1620382509862,0.0,75.65211478179566,82.03387327780138,66.58332149840015,79.16248252465708,0.0,0.0,0.0,0.0,0.0,0.0,0.0
51,51,0.0,74.84866323264401,0.0,75.3932464614651,82.50155979511487,66.51677212850497,79.63206366945454,0.0,0.0,0.0,0.0,0.0,0.0,0.0
52,52,0.0,74.53254332225254,0.0,75.13016514549426,82.96814777381375,66.44575968456385,80.10183127350261,0.0,0.0,0.0,0.0,0.0,0.0,0.0
53,53,0.0,74.21385599678317,0.0,74.8630474126395,83.43340601520725,66.37031816799217,80.57158950533072,0.0,0.0,0.0,0.0,0.0,0.0,0.0
54,54,0.0,73.8927631275112,0.0,74.59205562397399,83.89707240212478,66.29050321497641,81.04114293060613,0.0,0.0,0.0,0.0,0.0,0.0,0.0
55,55,0.0,73.56942374491608,0.0,74.31735707209882,84.35890111027817,0.0,81.51028178104413,0.0,0.0,0.0,0.0,0.0,0.0,0.0
56,56,0.0,73.24400616414897,0.0,74.03911738977784,84.81862308531596,0.0,81.97879674316872,0.0,0.0,0.0,0.0,0.0,0.0,0.0
57,57,0.0,72.91666321417314,0.0,73.75750660737346,85.27596999720043,0.0,82.44645617961486,0.0,0.0,0.0,0.0,0.0,0.0,0.0
58,58,0.0,72.58755069064993,0.0,73.47268039442473,85.73064969121866,0.0,82.9130364732563,0.0,0.0,0.0,0.0,0.0,0.0,0.0
59,59,0.0,72.25681517248606,0.0,73.18479868566754,86.18237915075883,0.0,83.3782912869875,0.0,0.0,0.0,0.0,0.0,0.0,0.0
60,60,0.0,71.92460601253744,0.0,72.89401930250197,86.63086842917168,0.0,83.84198263422935,0.0,0.0,0.0,0.0,0.0,0.0,0.0
61,61,0.0,71.5910633851818,0.0,72.60050983708032,87.07580354392583,0.0,84.3038413907528,0.0,0.0,0.0,0.0,0.0,0.0,0.0
62,62,0.0,71.25633007227658,0.0,72.30441143182044,87.51687186058085,0.0,84.76360682246859,0.0,0.0,0.0,0.0,0.0,0.0,0.0
63,63,0.0,70.9205397407677,0.0,72.00588091667414,87.95376270694496,0.0,85.22101926082193,0.0,0.0,0.0,0.0,0.0,0.0,0.0
64,64,0.0,70.58382852300532,0.0,71.70506663111833,88.38615025183525,0.0,85.67577890235891,0.0,0.0,0.0,0.0,0.0,0.0,0.0
65,65,0.0,70.24631791551715,0.0,71.40212018859248,88.81369329523227,0.0,86.12761156290588,0.0,0.0,0.0,0.0,0.0,0.0,0.0
66,66,0.0,69.90814308322079,0.0,71.09718468075424,89.2360622397197,0.0,86.5762109232615,0.0,0.0,0.0,0.0,0.0,0.0,0.0
67,67,0.0,69.56941355435114,0.0,70.79039486962702,89.65291282313763,0.0,87.02128036189778,0.0,0.0,0.0,0.0,0.0,0.0,0.0
68,68,0.0,69.23025242451425,0.0,70.48189432265137,90.06390443400977,0.0,87.4625079039272,0.0,0.0,0.0,0.0,0.0,0.0,0.0
69,69,0.0,68.89077938408981,0.0,70.17181808881152,90.46867296027068,0.0,87.89956595593875,0.0,0.0,0.0,0.0,0.0,0.0,0.0
70,70,0.0,68.5510947142432,0.0,69.86029845589688,90.86686785417272,0.0,88.33214653740997,0.0,0.0,0.0,0.0,0.0,0.0,0.0
71,71,0.0,68.21131182289615,0.0,69.54746491982402,91.25812495456537,0.0,88.75990908564584,0.0,0.0,0.0,0.0,0.0,0.0,0.0
72,72,0.0,67.87153029939365,0.0,69.2334387123965,91.64208558641822,0.0,89.18252460322897,0.0,0.0,0.0,0.0,0.0,0.0,0.0
73,73,0.0,67.53185201192734,0.0,68.91835461814063,92.01838778347152,0.0,89.59963117533641,0.0,0.0,0.0,0.0,0.0,0.0,0.0
74,74,0.0,67.1923706117369,0.0,68.60232812914514,92.38666675625375,0.0,90.01090666247434,0.0,0.0,0.0,0.0,0.0,0.0,0.0
75,75,0.0,66.85318197975518,0.0,68.2854720718239,92.74655538766321,0.0,90.41597822947637,0.0,0.0,0.0,0.0,0.0,0.0,0.0
76,76,0.0,66.51437394517085,0.0,67.9679018494066,93.09768475579367,0.0,90.81450497529329,0.0,0.0,0.0,0.0,0.0,0.0,0.0
77,77,0.0,0.0,0.0,67.64972999301516,93.43968468353678,0.0,91.2061232474562,0.0,0.0,0.0,0.0,0.0,0.0,0.0
78,78,0.0,0.0,0.0,67.33106616371381,93.77220429894409,0.0,91.5904653076654,0.0,0.0,0.0,0.0,0.0,0.0,0.0
79,79,0.0,0.0,0.0,67.01200695249572,94.09487308045121,0.0,91.96716939265718,0.0,0.0,0.0,0.0,0.0,0.0,0.0
80,80,0.0,0.0,0.0,66.69266670173084,94.40735141462979,0.0,92.3358805794874,0.0,0.0,0.0,0.0,0.0,0.0,0.0
81,81,0.0,0.0,0.0,0.0,94.70927105825663,0.0,92.69622236559707,0.0,0.0,0.0,0.0,0.0,0.0,0.0
82,82,0.0,0.0,0.0,0.0,95.00029633615164,0.0,93.04782594812033,0.0,0.0,0.0,0.0,0.0,0.0,0.0
83,83,0.0,0.0,0.0,0.0,95.28007415388316,0.0,93.39034106152555,0.0,0.0,0.0,0.0,0.0,0.0,0.0
84,84,0.0,0.0,0.0,0.0,95.54829629787268,0.0,93.72339733256821,0.0,0.0,0.0,0.0,0.0,0.0,0.0
85,85,0.0,0.0,0.0,0.0,95.80462823449488,0.0,94.04663430607478,0.0,0.0,0.0,0.0,0.0,0.0,0.0
86,86,0.0,0.0,0.0,0.0,96.04875085325126,0.0,94.35969228446531,0.0,0.0,0.0,0.0,0.0,0.0,0.0
87,87,0.0,0.0,0.0,0.0,96.28036141021845,0.0,94.66223331873958,0.0,0.0,0.0,0.0,0.0,0.0,0.0
88,88,0.0,0.0,0.0,0.0,96.49918502051923,0.0,94.95389125362442,0.0,0.0,0.0,0.0,0.0,0.0,0.0
89,89,0.0,0.0,0.0,0.0,96.70493324832091,0.0,95.2343538884782,0.0,0.0,0.0,0.0,0.0,0.0,0.0
90,90,0.0,0.0,0.0,0.0,96.8973469506405,0.0,95.50326149064313,0.0,0.0,0.0,0.0,0.0,0.0,0.0
91,91,0.0,0.0,0.0,0.0,97.07616518700895,0.0,95.76031020246667,0.0,0.0,0.0,0.0,0.0,0.0,0.0
92,92,0.0,0.0,0.0,0.0,97.24115785046654,0.0,96.0051807886651,0.0,0.0,0.0,0.0,0.0,0.0,0.0
93,93,0.0,0.0,0.0,0.0,97.39211582047491,0.0,96.23758084093491,0.0,0.0,0.0,0.0,0.0,0.0,0.0
94,94,0.0,0.0,0.0,0.0,97.52881921193611,0.0,96.45720363770805,0.0,0.0,0.0,0.0,0.0,0.0,0.0
95,95,0.0,0.0,0.0,0.0,97.65109176139933,0.0,96.66377078120036,0.0,0.0,0.0,0.0,0.0,0.0,0.0
96,96,0.0,0.0,0.0,0.0,97.75877998820008,0.0,96.85702263493586,0.0,0.0,0.0,0.0,0.0,0.0,0.0
97,97,0.0,0.0,0.0,0.0,97.85171018102565,0.0,97.03671913559691,0.0,0.0,0.0,0.0,0.0,0.0,0.0
98,98,0.0,0.0,0.0,0.0,97.92977567070488,0.0,97.2026083436289,0.0,0.0,0.0,0.0,0.0,0.0,0.0
99,99,0.0,0.0,0.0,0.0,97.99286122006012,0.0,97.35448049657866,0.0,0.0,0.0,0.0,0.0,0.0,0.0
100,100,0.0,0.0,0.0,0.0,98.0408868377547,0.0,97.49212584904008,0.0,0.0,0.0,0.0,0.0,0.0,0.0
101,101,0.0,0.0,0.0,0.0,98.07377532880626,0.0,97.61535667042892,0.0,0.0,0.0,0.0,0.0,0.0,0.0
102,102,0.0,0.0,0.0,0.0,98.09147431262956,0.0,97.72401870926339,0.0,0.0,0.0,0.0,0.0,0.0,0.0
103,103,0.0,0.0,0.0,0.0,98.09397826705617,0.0,97.81794834856626,0.0,0.0,0.0,0.0,0.0,0.0,0.0
104,104,0.0,0.0,0.0,0.0,98.08127393308472,0.0,97.89703812511152,0.0,0.0,0.0,0.0,0.0,0.0,0.0
105,105,0.0,0.0,0.0,0.0,98.05337312517494,0.0,97.96115016631688,0.0,0.0,0.0,0.0,0.0,0.0,0.0
106,106,0.0,0.0,0.0,0.0,98.01032360558595,0.0,98.0102144463492,0.0,0.0,0.0,0.0,0.0,0.0,0.0
107,107,0.0,0.0,0.0,0.0,97.95218708867733,0.0,98.04416377074288,0.0,0.0,0.0,0.0,0.0,0.0,0.0
108,108,0.0,0.0,0.0,0.0,97.87903908143191,0.0,98.06294482131818,0.0,0.0,0.0,0.0,0.0,0.0,0.0
109,109,0.0,0.0,0.0,0.0,97.79096869288813,0.0,98.06654015340058,0.0,0.0,0.0,0.0,0.0,0.0,0.0
110,110,0.0,0.0,0.0,0.0,97.68812179044565,0.0,98.05493550046627,0.0,0.0,0.0,0.0,0.0,0.0,0.0
111,111,0.0,0.0,0.0,0.0,97.57061368257108,0.0,98.02814165155586,0.0,0.0,0.0,0.0,0.0,0.0,0.0
112,112,0.0,0.0,0.0,0.0,97.4386263988256,0.0,97.98620532385777,0.0,0.0,0.0,0.0,0.0,0.0,0.0
113,113,0.0,0.0,0.0,0.0,97.29233228073348,0.0,97.92919808005355,0.0,0.0,0.0,0.0,0.0,0.0,0.0
114,114,0.0,0.0,0.0,0.0,97.13191529567176,0.0,97.85717256378453,0.0,0.0,0.0,0.0,0.0,0.0,0.0
115,115,0.0,0.0,0.0,0.0,96.95760264394569,0.0,97.77023860604527,0.0,0.0,0.0,0.0,0.0,0.0,0.0
116,116,0.0,0.0,0.0,0.0,96.76961047152753,0.0,97.66853010083055,0.0,0.0,0.0,0.0,0.0,0.0,0.0
117,117,0.0,0.0,0.0,0.0,96.56819673487564,0.0,97.5521613069329,0.0,0.0,0.0,0.0,0.0,0.0,0.0
118,118,0.0,0.0,0.0,0.0,96.35361777724249,0.0,97.4213131928053,0.0,0.0,0.0,0.0,0.0,0.0,0.0
119,119,0.0,0.0,0.0,0.0,96.12614896691152,0.0,97.27615706119886,0.0,0.0,0.0,0.0,0.0,0.0,0.0
120,120,0.0,0.0,0.0,0.0,95.88606294985411,0.0,97.1168758560494,0.0,0.0,0.0,0.0,0.0,0.0,0.0
121,121,0.0,0.0,0.0,0.0,95.63368126967622,0.0,96.9436957624809,0.0,0.0,0.0,0.0,0.0,0.0,0.0
122,122,0.0,0.0,0.0,0.0,95.36928993987291,0.0,96.75683193943023,0.0,0.0,0.0,0.0,0.0,0.0,0.0
123,123,0.0,0.0,0.0,0.0,95.0932324307689,0.0,96.5565413710217,0.0,0.0,0.0,0.0,0.0,0.0,0.0
124,124,0.0,0.0,0.0,0.0,94.80581560419694,0.0,96.34307945764102,0.0,0.0,0.0,0.0,0.0,0.0,0.0
125,125,0.0,0.0,0.0,0.0,94.5073914982654,0.0,96.11671015219645,0.0,0.0,0.0,0.0,0.0,0.0,0.0
126,126,0.0,0.0,0.0,0.0,94.19828482050303,0.0,95.87773671014722,0.0,0.0,0.0,0.0,0.0,0.0,0.0
127,127,0.0,0.0,0.0,0.0,93.87886340860072,0.0,95.62643792822713,0.0,0.0,0.0,0.0,0.0,0.0,0.0
128,128,0.0,0.0,0.0,0.0,93.54947656410206,0.0,95.36313033810022,0.0,0.0,0.0,0.0,0.0,0.0,0.0
129,129,0.0,0.0,0.0,0.0,93.21048473900747,0.0,95.08813589650607,0.0,0.0,0.0,0.0,0.0,0.0,0.0
130,130,0.0,0.0,0.0,0.0,92.86223897400733,0.0,94.80177111254295,66.55699385051193,0.0,0.0,0.0,0.0,0.0,0.0
131,131,0.0,0.0,0.0,0.0,92.50511958021177,0.0,94.50437716353274,66.88146764692604,0.0,0.0,0.0,0.0,0.0,0.0
132,132,0.0,0.0,0.0,0.0,92.13947655144555,0.0,94.19630853230164,67.20583566599952,0.0,0.0,0.0,0.0,0.0,0.0
133,133,0.0,0.0,0.0,0.0,91.76567800966919,0.0,93.87789195913452,67.53000711213757,0.0,0.0,0.0,0.0,0.0,0.0
134,134,0.0,0.0,0.0,0.0,91.38409941593099,0.0,93.54950639878624,67.85387821539673,0.0,0.0,0.0,0.0,0.0,0.0
135,135,0.0,0.0,0.0,0.0,90.99510384299208,0.0,93.21148191744915,68.17734756494144,66.67309657969287,0.0,0.0,0.0,0.0,0.0
136,136,0.0,0.0,0.0,0.0,90.59905122202677,0.0,92.86419887796832,68.50030035046467,67.01597729437765,0.0,0.0,0.0,0.0,0.0
137,137,0.0,0.0,0.0,0.0,90.19629789295298,0.0,92.50801744911455,68.82263476351721,67.3593143311687,0.0,0.0,0.0,0.0,0.0
138,138,0.0,0.0,0.0,0.0,89.78720534364473,0.0,92.14329706726733,69.14423014971297,67.70302039330377,0.0,0.0,0.0,0.0,0.0
139,139,0.0,0.0,0.0,0.0,89.37213031675311,0.0,91.77041503274482,69.46497366843343,68.04700006294348,0.0,0.0,0.0,0.0,0.0
140,140,0.0,0.0,0.0,0.0,88.95142443576493,0.0,91.38972723385831,69.78473866448029,68.39116544685584,0.0,0.0,0.0,0.0,0.0
141,141,0.0,0.0,0.0,0.0,88.52541604933603,0.0,91.00159666437784,70.10340650774702,68.73540983527168,0.0,0.0,0.0,0.0,0.0
142,142,0.0,0.0,0.0,0.0,88.09446369341845,0.0,90.60639254869501,70.42084456999272,69.07962855883724,0.0,0.0,0.0,0.0,0.0
143,143,0.0,0.0,0.0,0.0,87.6588929498642,0.0,90.20447098460436,70.73692279273872,69.4237247058998,0.0,0.0,0.0,0.0,0.0
144,144,0.0,0.0,0.0,0.0,87.2190320649869,0.0,89.79618409074884,71.05151396242991,69.76757645436261,0.0,0.0,0.0,0.0,0.0
145,145,0.0,0.0,0.0,0.0,86.77520272363695,0.0,89.38189776864186,71.36447662874212,70.11108064997114,0.0,0.0,0.0,0.0,0.0
146,146,0.0,0.0,0.0,0.0,86.3277113719298,0.0,88.96196350375884,71.67566630676794,70.45410875552425,0.0,0.0,0.0,0.0,0.0
147,147,0.0,0.0,0.0,0.0,85.87688299704077,0.0,88.5367095331902,71.9849472931124,70.79653991565236,0.0,0.0,0.0,0.0,0.0
148,148,0.0,0.0,0.0,0.0,85.42299330710848,0.0,88.10648549837333,72.29216946007443,71.13826149568033,0.0,0.0,0.0,0.0,0.0
149,149,0.0,0.0,0.0,0.0,84.9663528415114,0.0,87.67162592509754,72.59718577009362,71.47912898782467,0.0,0.0,0.0,0.0,0.0
150,150,0.0,0.0,0.0,0.0,84.50723161031411,0.0,87.23245039224369,72.89984050674667,71.81901738199768,0.0,0.0,0.0,0.0,0.0
151,151,0.0,0.0,0.0,0.0,84.04591695862275,0.0,86.78928941269294,73.19998735636581,72.157786776364,0.0,0.0,0.0,0.0,0.0
152,152,0.0,0.0,0.0,0.0,83.58267247616897,0.0,86.34245793233558,73.49745928470435,72.49529975076445,0.0,0.0,0.0,0.0,0.0
153,153,0.0,0.0,0.0,0.0,83.11776237916283,0.0,85.89224719983953,73.79210499945704,72.83140960475801,0.0,0.0,0.0,0.0,0.0
154,154,0.0,0.0,0.0,0.0,82.65142774706109,0.0,85.43897526046509,74.08375235552658,73.16596618568357,0.0,0.0,0.0,0.0,0.0
155,155,0.0,0.0,0.0,0.0,82.18391808280609,0.0,84.98292760584454,74.37225171288591,73.49882205609447,0.0,0.0,0.0,0.0,0.0
156,156,0.0,0.0,0.0,0.0,81.71546767015737,0.0,84.5243827390837,74.65743267341819,73.82982041819056,0.0,0.0,0.0,0.0,0.0
157,157,0.0,0.0,0.0,0.0,81.24630352400301,0.0,84.06362011191543,74.93911622597074,74.15880112859583,0.0,0.0,0.0,0.0,0.0
158,158,0.0,0.0,0.0,0.0,80.77664541567754,0.0,83.60091166794174,75.21714677429557,74.48560074837715,0.0,0.0,0.0,0.0,0.0
159,159,0.0,0.0,0.0,0.0,80.30669858249551,0.0,83.13652178899592,75.49135435264276,74.81005896052784,0.0,0.0,0.0,0.0,0.0
160,160,0.0,0.0,0.0,0.0,79.83666869161489,0.0,82.67068396087271,75.76155428272318,75.13199966634562,0.0,0.0,0.0,0.0,0.0
161,161,0.0,0.0,0.0,0.0,79.36675431281648,0.0,82.2036634996771,76.02757969569443,75.45126285693806,0.0,0.0,0.0,0.0,0.0
162,162,0.0,0.0,0.0,0.0,78.89713284233018,0.0,81.73567944455404,76.2892625290376,75.76765984866788,0.0,0.0,0.0,0.0,0.0
163,163,0.0,0.0,0.0,0.0,78.42798938085024,0.0,81.26696678803765,76.54641370048589,76.0810249082359,0.0,0.0,0.0,0.0,0.0
164,164,0.0,0.0,0.0,0.0,77.95948835187794,0.0,80.79773810404802,76.79887622298938,76.39116338272919,66.28853576684574,0.0,0.0,0.0,0.0
165,165,0.0,0.0,0.0,0.0,77.49179489577398,0.0,80.32820644641158,77.04646576041928,76.69791089707358,66.33702692371159,0.0,0.0,0.0,0.0
166,166,0.0,0.0,0.0,0.0,77.02506780831821,0.0,79.85858496576834,77.28900387384783,77.0010674272972,66.38097702237567,0.0,0.0,0.0,0.0
167,167,0.0,0.0,0.0,0.0,76.55945298270845,0.0,79.38905073429459,77.52632525306399,77.30044363427334,66.42034781317044,0.0,0.0,0.0,0.0
168,168,0.0,0.0,0.0,0.0,76.09509050040997,0.0,78.91980313096383,77.75825083521639,77.5958615305378,66.45512791177296,0.0,0.0,0.0,0.0
169,169,0.0,0.0,0.0,0.0,75.63211473666831,0.0,78.45101327061293,77.98460831964614,77.88712756787443,66.48528272715376,0.0,0.0,0.0,0.0
170,170,0.0,0.0,0.0,0.0,75.1706544698863,0.0,77.98285298849788,78.20522561985418,78.17404616337326,66.51079961550711,0.0,0.0,0.0,0.0
171,171,0.0,0.0,0.0,0.0,74.71083299437538,0.0,77.51548768252475,78.41993805537801,78.45641986595008,66.53165780409542,0.0,0.0,0.0,0.0
172,172,0.0,0.0,0.0,0.0,74.25276197070544,0.0,77.04907640921886,78.62857469625246,78.7340565772194,66.54784850805774,0.0,0.0,0.0,0.0
173,173,0.0,0.0,0.0,0.0,73.79655430470396,0.0,76.58376532088685,78.83097250993785,79.00676998238329,66.5593649026418,0.0,0.0,0.0,0.0
174,174,0.0,0.0,0.0,0.0,73.34230554204464,0.0,76.11969476002402,79.02696256277255,79.27435141419137,66.56618702451036,0.0,0.0,0.0,0.0
175,175,0.0,0.0,0.0,0.0,72.89011285377381,0.0,75.65699285978533,79.21639858667143,79.5366052764584,66.56832205693695,0.0,0.0,0.0,0.0
176,176,0.0,0.0,0.0,0.0,72.44007477132809,0.0,75.19580175002847,79.39910755403109,79.7933497320757,66.56576406264172,0.0,0.0,0.0,0.0
177,177,0.0,0.0,0.0,0.0,71.99226737600866,0.0,74.73623205735937,79.57495400025103,80.04437369006928,66.55851915765959,0.0,0.0,0.0,0.0
178,178,0.0,0.0,0.0,0.0,71.54677459822827,0.0,74.27840847368084,79.74377599828334,80.28949472178687,66.54658536992983,0.0,0.0,0.0,0.0
179,179,0.0,0.0,0.0,0.0,71.10367610853459,0.0,73.82242535692933,79.90542829354966,80.52851597109246,66.52996774354996,0.0,0.0,0.0,0.0
180,180,0.0,0.0,0.0,0.0,70.66303041136082,0.0,73.36839731321595,80.05978282328277,80.76124077165163,66.50868837762182,0.0,0.0,0.0,0.0
181,181,0.0,0.0,0.0,0.0,70.22491524132033,0.0,72.91641549861612,80.2066926469512,80.98748780125965,66.48275120129799,0.0,0.0,0.0,0.0
182,182,0.0,0.0,0.0,0.0,69.78938198964453,0.0,72.46657870212192,80.34603576768126,81.2070692599406,66.45217716210843,0.0,0.0,0.0,0.0
183,183,0.0,0.0,0.0,0.0,69.35649546042033,0.0,72.01896324774097,80.47767892131377,81.41979844528895,66.4169790780478,0.0,0.0,0.0,0.0
184,184,0.0,0.0,0.0,0.0,68.92630055313356,0.0,71.57365331527942,80.60151444750089,81.62549000801971,66.37718670401591,0.0,0.0,0.0,0.0
185,185,0.0,0.0,0.0,0.0,68.4988500366352,0.0,71.13072307289897,80.71742380068814,81.82397542900404,66.33282161581629,0.0,0.0,0.0,0.0
186,186,0.0,0.0,0.0,0.0,68.07418291254463,0.0,70.6902428266072,80.82529978838467,82.01508070936335,0.0,0.0,0.0,0.0,0.0
187,187,0.0,0.0,0.0,0.0,67.65234077099068,0.0,70.25228473602266,80.92504685376292,82.19862644227065,0.0,0.0,0.0,0.0,0.0
188,188,0.0,0.0,0.0,0.0,67.23336755358939,0.0,69.81690041840952,81.01656641480334,82.37445103980895,0.0,0.0,0.0,0.0,0.0
189,189,0.0,0.0,0.0,0.0,66.8172890342806,0.0,69.38414944336566,81.0997793625207,82.54240358038932,0.0,0.0,0.0,0.0,0.0
190,190,0.0,0.0,0.0,0.0,0.0,0.0,68.95408793918563,81.17460389791223,82.70232866262535,0.0,0.0,0.0,0.0,0.0
191,191,0.0,0.0,0.0,0.0,0.0,0.0,68.52675802477538,81.24096309684643,82.8540664964141,0.0,0.0,0.0,0.0,0.0
192,192,0.0,0.0,0.0,0.0,0.0,0.0,68.10221492393485,81.29880757745536,82.99748432738697,0.0,0.0,0.0,0.0,0.0
193,193,0.0,0.0,0.0,0.0,0.0,0.0,67.68048443229648,81.3480781655195,83.13243781433863,0.0,0.0,0.0,0.0,0.0
194,194,0.0,0.0,0.0,0.0,0.0,0.0,67.26161604287378,81.38871342016647,83.25881039054816,0.0,0.0,0.0,0.0,0.0
195,195,0.0,0.0,0.0,0.0,0.0,0.0,66.84563572820231,81.42069490157488,83.37647434240596,0.0,0.0,0.0,0.0,0.0
196,196,0.0,0.0,0.0,0.0,0.0,0.0,66.43257738847952,81.44397954534453,83.48531455369131,0.0,0.0,0.0,0.0,0.0
197,197,0.0,0.0,0.0,0.0,0.0,0.0,0.0,81.4585448671351,83.58522087917025,0.0,0.0,0.0,0.0,0.0
198,198,0.0,0.0,0.0,0.0,0.0,0.0,0.0,81.46438150436386,83.67610425357967,0.0,66.51667660007567,0.0,0.0,0.0
199,199,0.0,0.0,0.0,0.0,0.0,0.0,0.0,81.4614781629548,83.75786514907567,0.0,66.88511751411123,0.0,0.0,0.0
200,200,0.0,0.0,0.0,0.0,0.0,0.0,0.0,81.44984425031204,83.83043351479765,0.0,67.25489222021392,0.0,0.0,0.0
201,201,0.0,0.0,0.0,0.0,0.0,0.0,0.0,81.4294872459215,83.89372114604163,0.0,67.62592504388577,0.0,0.0,0.0
202,202,0.0,0.0,0.0,0.0,0.0,0.0,0.0,81.40042775924788,83.94767770197049,0.0,67.99814766864101,0.0,0.0,0.0
203,203,0.0,0.0,0.0,0.0,0.0,0.0,0.0,81.36269947383298,83.99224293458208,0.0,68.37147309058093,0.0,0.0,0.0
204,204,0.0,0.0,0.0,0.0,0.0,0.0,0.0,81.31632651646864,84.02737879360937,0.0,68.74582691347564,0.0,0.0,0.0
205,205,0.0,0.0,0.0,0.0,0.0,0.0,0.0,81.26135350387875,84.05303746664146,0.0,69.12112101890817,0.0,0.0,0.0
206,206,0.0,0.0,0.0,0.0,0.0,0.0,0.0,81.19784537826477,84.06920156326682,0.0,69.4972584121298,0.0,0.0,0.0
207,207,0.0,0.0,0.0,0.0,0.0,0.0,0.0,81.12585727214488,84.07585208726424,0.0,69.87415505869032,0.0,0.0,0.0
208,208,0.0,0.0,0.0,0.0,0.0,0.0,0.0,81.04545692323448,84.07298452216355,0.0,70.25170707656622,0.0,0.0,0.0
209,209,0.0,0.0,0.0,0.0,0.0,0.0,0.0,80.9567095954952,84.06060081550245,0.0,70.62981245858525,0.0,0.0,0.0
210,210,0.0,0.0,0.0,0.0,0.0,0.0,0.0,80.85971519370588,84.03871740109503,0.0,71.00836559238002,66.93222534133153,0.0,0.0
211,211,0.0,0.0,0.0,0.0,0.0,0.0,0.0,80.7545558875669,84.00734911564128,0.0,71.38725142127556,67.29105115427475,0.0,0.0
212,212,0.0,0.0,0.0,0.0,0.0,0.0,0.0,80.64133319184445,83.96653322985094,0.0,71.76636264913131,67.65071811237276,0.0,0.0
213,213,0.0,0.0,0.0,0.0,0.0,0.0,0.0,80.52014549990292,83.91630531002355,0.0,72.14556482680719,68.01114393507532,0.0,0.0
214,214,0.0,0.0,0.0,0.0,0.0,0.0,0.0,80.39110271470705,83.8567231651339,0.0,72.5247488645138,68.37224335546108,0.0,0.0
215,215,0.0,0.0,0.0,0.0,0.0,0.0,0.0,80.25432595896396,83.78784270774885,0.0,72.90377215715469,68.73392270589207,0.0,0.0
216,216,0.0,0.0,0.0,0.0,0.0,0.0,0.0,80.10993267579464,83.70974179730143,0.0,73.28249970603724,69.096085015823,0.0,0.0
217,217,0.0,0.0,0.0,0.0,0.0,0.0,0.0,79.95805836393092,83.62248023136058,0.0,73.6608047175058,69.45862996641044,0.0,0.0
218,218,0.0,0.0,0.0,0.0,0.0,0.0,0.0,79.79882715673787,83.52616328928309,0.0,74.03853183947135,69.82145384770165,0.0,0.0
219,219,0.0,0.0,0.0,0.0,0.0,0.0,0.0,79.6323879400368,83.42087785685698,0.0,74.41553992660091,70.18444392107409,0.0,0.0
220,220,0.0,0.0,0.0,0.0,0.0,0.0,0.0,79.458870643848,83.30673197914454,0.0,74.79167119949523,70.54750071449386,0.0,0.0
221,221,0.0,0.0,0.0,0.0,0.0,0.0,0.0,79.27843649950388,83.18383087819723,0.0,75.1667634438746,70.91049886341752,0.0,0.0
222,222,0.0,0.0,0.0,0.0,0.0,0.0,0.0,79.09122741675829,83.05230039299782,0.0,75.54065649637629,71.27331477689387,0.0,0.0
223,223,0.0,0.0,0.0,0.0,0.0,0.0,0.0,78.89740871323258,82.91225527929653,0.0,75.91318602552114,71.63583273195866,0.0,0.0
224,224,0.0,0.0,0.0,0.0,0.0,0.0,0.0,78.69712615086722,82.76383818428177,0.0,76.2841769366407,71.99791598759542,0.0,0.0
225,225,0.0,0.0,0.0,0.0,0.0,0.0,0.0,78.49054826629096,82.60718798936546,0.0,76.6534497536637,72.35943562929275,0.0,0.0
226,226,0.0,0.0,0.0,0.0,0.0,0.0,0.0,78.27783775619424,82.44245516629394,0.0,77.02082065334311,72.72025311936831,0.0,0.0
227,227,0.0,0.0,0.0,0.0,0.0,0.0,0.0,78.05916529915288,82.2697783091242,0.0,77.38610150893226,73.08022606039201,0.0,0.0
228,228,0.0,0.0,0.0,0.0,0.0,0.0,0.0,77.83468849717401,82.08933016878966,0.0,77.74910681295985,73.43920819180985,0.0,0.0
229,229,0.0,0.0,0.0,0.0,0.0,0.0,0.0,77.60459313366906,81.90126337352234,0.0,78.10964019415572,73.7970493927006,0.0,0.0
230,230,0.0,0.0,0.0,0.0,0.0,0.0,0.0,77.36904453977638,81.70574863077879,0.0,78.46750116854159,74.1535894424164,0.0,0.0
231,231,0.0,0.0,0.0,0.0,0.0,0.0,0.0,77.12820829243931,81.50295902049743,0.0,78.82247816438213,74.50867666240076,0.0,0.0
232,232,0.0,0.0,0.0,0.0,0.0,0.0,0.0,76.88227017967387,81.29307724782286,0.0,79.17436967304944,74.86214306495822,0.0,0.0
233,233,0.0,0.0,0.0,0.0,0.0,0.0,0.0,76.63140199849472,81.07626531028532,0.0,79.5229562442103,75.21381664136463,0.0,0.0
234,234,0.0,0.0,0.0,0.0,0.0,0.0,0.0,76.3757684335304,80.85272428201174,0.0,79.86803622196962,75.56353437784463,0.0,0.0
235,235,0.0,0.0,0.0,0.0,0.0,0.0,0.0,76.1155600271525,80.62262655690996,0.0,80.20937563745946,75.9111167085975,0.0,0.0
236,236,0.0,0.0,0.0,0.0,0.0,0.0,0.0,75.85093980176357,80.38616784248185,0.0,80.54675872062823,76.25638018935499,0.0,0.0
237,237,0.0,0.0,0.0,0.0,0.0,0.0,0.0,75.5820894496851,80.14353707490115,0.0,80.87995925120599,76.59914423087886,0.0,0.0
238,238,0.0,0.0,0.0,0.0,0.0,0.0,0.0,75.30917626052799,79.89493090268742,0.0,81.20874791706483,76.93921801776597,0.0,0.0
239,239,0.0,0.0,0.0,0.0,0.0,0.0,0.0,75.03237263190798,79.64053160054844,0.0,81.53289249980774,77.27641386858726,0.0,0.0
240,240,0.0,0.0,0.0,0.0,0.0,0.0,0.0,74.75185569358128,79.38054310724311,0.0,81.85216568738612,77.61053393666117,0.0,0.0
241,241,0.0,0.0,0.0,0.0,0.0,0.0,0.0,74.46779432909129,79.11516164755886,0.0,82.16633023600504,77.94137692476451,0.0,0.0
242,242,0.0,0.0,0.0,0.0,0.0,0.0,0.0,74.18035554138636,78.84457574853741,0.0,82.47514663003271,78.26875212570816,0.0,0.0
243,243,0.0,0.0,0.0,0.0,0.0,0.0,0.0,73.88970433454638,78.56899433562192,0.0,82.77838110884464,78.59245205235257,0.0,0.0
244,244,0.0,0.0,0.0,0.0,0.0,0.0,0.0,73.59600360319342,78.2885970345347,0.0,83.07579835842222,78.91225907325084,0.0,0.0
245,245,0.0,0.0,0.0,0.0,0.0,0.0,0.0,73.29942013495089,78.00358337825188,0.0,83.36716176971431,79.2279738129939,0.0,0.0
246,246,0.0,0.0,0.0,0.0,0.0,0.0,0.0,73.00011215471777,77.71415127889674,0.0,83.65221780565973,79.53938740752304,0.0,0.0
247,247,0.0,0.0,0.0,0.0,0.0,0.0,0.0,72.6982354899072,77.42049684779808,0.0,83.93075178872645,79.84627414601235,0.0,0.0
248,248,0.0,0.0,0.0,0.0,0.0,0.0,0.0,72.39394944533072,77.12280746650438,0.0,84.20250894771263,80.14843490143745,0.0,0.0
249,249,0.0,0.0,0.0,0.0,0.0,0.0,0.0,72.08740466747923,76.82126859674867,0.0,84.46726639065709,80.44563223639314,0.0,0.0
250,250,0.0,0.0,0.0,0.0,0.0,0.0,0.0,71.77875503827724,76.51607694074116,0.0,84.72478549465458,80.73767073838361,0.0,0.0
251,251,0.0,0.0,0.0,0.0,0.0,0.0,0.0,71.46813994988622,76.20741337057335,0.0,84.97483634377613,81.02431677856156,0.0,0.0
252,252,0.0,0.0,0.0,0.0,0.0,0.0,0.0,71.15570777127063,75.8954629692237,0.0,85.21719830255088,81.30535751490174,0.0,0.0
253,253,0.0,0.0,0.0,0.0,0.0,0.0,0.0,70.84159818645509,75.58040165830272,0.0,85.451635685108,81.58057166102309,0.0,0.0
254,254,0.0,0.0,0.0,0.0,0.0,0.0,0.0,70.525953711252,75.26242210553126,0.0,85.67793101037745,81.84974470320539,0.0,0.0
255,255,0.0,0.0,0.0,0.0,0.0,0.0,0.0,70.20890260054574,74.94168812795067,0.0,85.89587740784202,82.11265408252919,0.0,0.0
256,256,0.0,0.0,0.0,0.0,0.0,0.0,0.0,69.89058152934888,74.618373655237,0.0,86.10525388819038,82.36909234595505,0.0,0.0
257,257,0.0,0.0,0.0,0.0,0.0,0.0,0.0,69.5711185620725,74.29264955279201,0.0,86.3058676024838,82.6188291128099,0.0,0.0
258,258,0.0,0.0,0.0,0.0,0.0,0.0,0.0,69.25063883714327,73.96468976141261,0.0,86.49750376067557,82.86166527465346,0.0,0.0
259,259,0.0,0.0,0.0,0.0,0.0,0.0,0.0,68.9292591545889,73.63465246745118,0.0,86.6799766397463,83.09737926918687,0.0,0.0
260,260,0.0,0.0,0.0,0.0,0.0,0.0,0.0,68.60710961443662,73.3026928077397,0.0,86.85310475175311,83.32577404436226,0.0,0.0
261,261,0.0,0.0,0.0,0.0,0.0,0.0,0.0,68.2842957681506,72.96897491857325,0.0,87.01671116384851,83.54664627622154,0.0,0.0
262,262,0.0,0.0,0.0,0.0,0.0,0.0,0.0,67.9609311141824,72.63365335060693,0.0,87.17061518185227,83.75977847822949,0.0,0.0
263,263,0.0,0.0,0.0,0.0,0.0,0.0,0.0,67.63712620303774,72.29686736852138,0.0,87.31466717732518,83.96499499358717,0.0,0.0
264,264,0.0,0.0,0.0,0.0,0.0,0.0,0.0,67.3129886454462,71.95877089513031,0.0,87.44870586846403,84.16209083117143,0.0,0.0
265,265,0.0,0.0,0.0,0.0,0.0,0.0,0.0,66.98861802481015,71.61949668259305,0.0,87.57259320162017,84.35088780747216,0.0,0.0
266,266,0.0,0.0,0.0,0.0,0.0,0.0,0.0,0.0,71.27919753879411,0.0,87.68618866799497,84.5312029164802,0.0,0.0
267,267,0.0,0.0,0.0,0.0,0.0,0.0,0.0,0.0,70.9379994629671,0.0,87.78937572974918,84.70285660383897,0.0,0.0
268,268,0.0,0.0,0.0,0.0,0.0,0.0,0.0,0.0,70.59603105904475,0.0,87.88204471957738,84.86568125395216,0.0,0.0
269,269,0.0,0.0,0.0,0.0,0.0,0.0,0.0,0.0,70.25341764914342,0.0,87.96408426439484,85.01952164152601,0.0,0.0
270,270,0.0,0.0,0.0,0.0,0.0,0.0,0.0,0.0,69.9102923839092,0.0,88.03541664811753,85.16421887281673,0.0,0.0
271,271,0.0,0.0,0.0,0.0,0.0,0.0,0.0,0.0,69.5667682077972,0.0,88.09594529401971,85.29962705646011,0.0,0.0
272,272,0.0,0.0,0.0,0.0,0.0,0.0,0.0,0.0,69.22296046936313,0.0,88.14561655855474,85.42561370537481,0.0,0.0
273,273,0.0,0.0,0.0,0.0,0.0,0.0,0.0,0.0,68.87897588233969,0.0,88.1843670562044,85.542043476938,0.0,0.0
274,274,0.0,0.0,0.0,0.0,0.0,0.0,0.0,0.0,68.53493416401828,0.0,88.21215906376426,85.64880331102701,0.0,0.0
275,275,0.0,0.0,0.0,0.0,0.0,0.0,0.0,0.0,68.19093554941475,0.0,88.22895413598289,85.74576944502122,0.0,0.0
276,276,0.0,0.0,0.0,0.0,0.0,0.0,0.0,0.0,67.84707731367207,0.0,88.23473970150187,85.83284930433938,0.0,0.0
277,277,0.0,0.0,0.0,0.0,0.0,0.0,0.0,0.0,67.50345379887192,0.0,88.22951142807787,85.90994841107599,0.0,0.0
278,278,0.0,0.0,0.0,0.0,0.0,0.0,0.0,0.0,67.16016669458648,0.0,88.21327323068984,85.97698728234266,0.0,0.0
279,279,0.0,0.0,0.0,0.0,0.0,0.0,0.0,0.0,66.81730425434128,0.0,88.18602842696669,86.033884836606,0.0,0.0
280,280,0.0,0.0,0.0,0.0,0.0,0.0,0.0,0.0,66.47495189819603,0.0,88.14783273027194,86.08060059217584,0.0,0.0
281,281,0.0,0.0,0.0,0.0,0.0,0.0,0.0,0.0,0.0,0.0,88.09870578996707,86.1170591141745,0.0,0.0
282,282,0.0,0.0,0.0,0.0,0.0,0.0,0.0,0.0,0.0,0.0,88.03871942880478,86.14324270378971,0.0,0.0
283,283,0.0,0.0,0.0,0.0,0.0,0.0,0.0,0.0,0.0,0.0,87.9679268938545,86.1591157176648,0.0,0.0
284,284,0.0,0.0,0.0,0.0,0.0,0.0,0.0,0.0,0.0,0.0,87.8864155964831,86.16464987533053,0.0,0.0
285,285,0.0,0.0,0.0,0.0,0.0,0.0,0.0,0.0,0.0,0.0,87.79427168316484,86.15985806338291,0.0,0.0
286,286,0.0,0.0,0.0,0.0,0.0,0.0,0.0,0.0,0.0,0.0,87.69160615945842,86.14473529387004,0.0,0.0
287,287,0.0,0.0,0.0,0.0,0.0,0.0,0.0,0.0,0.0,0.0,87.57851090058874,86.11930087177198,0.0,0.0
288,288,0.0,0.0,0.0,0.0,0.0,0.0,0.0,0.0,0.0,0.0,87.45511962270271,86.08357306304136,66.65229097936225,0.0
289,289,0.0,0.0,0.0,0.0,0.0,0.0,0.0,0.0,0.0,0.0,87.32157250672351,86.03760273427503,67.06323903403636,0.0
290,290,0.0,0.0,0.0,0.0,0.0,0.0,0.0,0.0,0.0,0.0,87.17799865072233,85.9814395383891,67.4769524034447,0.0
291,291,0.0,0.0,0.0,0.0,0.0,0.0,0.0,0.0,0.0,0.0,87.0245591217165,85.91513186117756,67.89339225245355,0.0
292,292,0.0,0.0,0.0,0.0,0.0,0.0,0.0,0.0,0.0,0.0,86.86141192632849,85.83876027760645,68.31251703446358,0.0
293,293,0.0,0.0,0.0,0.0,0.0,0.0,0.0,0.0,0.0,0.0,86.68872894818398,85.7524037714297,68.73429314004417,0.0
294,294,0.0,0.0,0.0,0.0,0.0,0.0,0.0,0.0,0.0,0.0,86.50667846303192,85.65614799435643,69.15865742612696,66.74750699957592
295,295,0.0,0.0,0.0,0.0,0.0,0.0,0.0,0.0,0.0,0.0,86.31545040677136,85.55010173656984,69.58557598551164,67.16073563595951
296,296,0.0,0.0,0.0,0.0,0.0,0.0,0.0,0.0,0.0,0.0,86.11524725253219,85.43437994008526,70.01497922743086,67.5767825833744
297,297,0.0,0.0,0.0,0.0,0.0,0.0,0.0,0.0,0.0,0.0,85.9062499237338,85.30908693975074,70.44681613613143,67.99560995616446
298,298,0.0,0.0,0.0,0.0,0.0,0.0,0.0,0.0,0.0,0.0,85.68868482864308,85.17435771759048,70.88102129241716,68.4171824777998
299,299,0.0,0.0,0.0,0.0,0.0,0.0,0.0,0.0,0.0,0.0,85.462739459555,85.03034085475011,71.31752564168956,68.84145695120743
