,time,1110,1132,1558,1580,1155,6,1088,1536,1133,1581,1111,1559,1178,1156
0,0,93.1564025072199,69.94578883429938,89.7018138420296,75.001785553872,0.0,0.0,0.0,0.0,0.0,0.0,0.0,0.0,0.0,0.0
1,1,93.41802101565771,69.52105366108928,90.08114468567311,74.56116307280449,0.0,0.0,0.0,0.0,0.0,0.0,0.0,0.0,0.0,0.0
2,2,93.66855891347878,69.09865670640939,90.45338525905849,74.12164170002701,0.0,0.0,0.0,0.0,0.0,0.0,0.0,0.0,0.0,0.0
3,3,93.90770558611054,68.6786600418815,90.81819765507413,73.6833414859485,0.0,0.0,0.0,0.0,0.0,0.0,0.0,0.0,0.0,0.0
4,4,94.13518540031737,68.26111178424152,91.17524161180006,73.24637767530314,0.0,0.0,0.0,0.0,0.0,0.0,0.0,0.0,0.0,0.0
5,5,94.35072867711058,67.84607298834273,91.52415592887242,72.81085477461316,0.0,0.0,0.0,0.0,0.0,0.0,0.0,0.0,0.0,0.0
6,6,94.55407225048577,67.43358060512136,91.86460618530657,72.37689081543013,0.0,0.0,0.0,0.0,0.0,0.0,0.0,0.0,0.0,0.0
7,7,94.74496002570172,0.0,92.19624767558068,71.944581089187,0.0,0.0,0.0,0.0,0.0,0.0,0.0,0.0,0.0,0.0
8,8,94.92315377432259,0.0,92.51872557978751,71.51402255893588,0.0,0.0,0.0,0.0,0.0,0.0,0.0,0.0,0.0,0.0
9,9,95.0884338643194,0.0,92.83171435175139,71.08530212020798,0.0,0.0,0.0,0.0,0.0,0.0,0.0,0.0,0.0,0.0
10,10,95.24058963449043,0.0,93.13486012414029,70.65850271902751,0.0,0.0,0.0,0.0,0.0,0.0,0.0,0.0,0.0,0.0
11,11,95.37943021195476,0.0,93.42784975909947,70.23370905175236,0.0,0.0,0.0,0.0,0.0,0.0,0.0,0.0,0.0,0.0
12,12,95.50476438540512,0.0,93.71034282118609,69.81099070918843,0.0,0.0,0.0,0.0,0.0,0.0,0.0,0.0,0.0,0.0
13,13,95.61644246421827,0.0,93.98202145289156,69.39042483104812,0.0,0.0,0.0,0.0,0.0,0.0,0.0,0.0,0.0,0.0
14,14,95.714304981451,0.0,94.24257138285766,68.97206850682055,0.0,0.0,0.0,0.0,0.0,0.0,0.0,0.0,0.0,0.0
15,15,95.79823498283741,0.0,94.49169267693678,68.55599189886308,0.0,0.0,0.0,0.0,0.0,0.0,0.0,0.0,0.0,0.0
16,16,95.86810640226824,0.0,94.72909041019741,68.14225097549891,0.0,0.0,0.0,0.0,0.0,0.0,0.0,0.0,0.0,0.0
17,17,95.92383647383977,0.0,94.95446501791186,67.73089346130573,0.0,0.0,0.0,0.0,0.0,0.0,0.0,0.0,0.0,0.0
18,18,95.96535476210624,0.0,95.1675538337438,67.32197983844408,0.0,0.0,0.0,0.0,0.0,0.0,0.0,0.0,0.0,0.0
19,19,95.99260333358313,0.0,95.36809102884288,0.0,0.0,0.0,0.0,0.0,0.0,0.0,0.0,0.0,0.0,0.0
20,20,96.00553690114636,0.0,95.55582871009621,0.0,0.0,0.0,0.0,0.0,0.0,0.0,0.0,0.0,0.0,0.0
21,21,96.00414388795618,0.0,95.73051685449974,0.0,0.0,0.0,0.0,0.0,0.0,0.0,0.0,0.0,0.0,0.0
22,22,95.98842554112383,0.0,95.89194546886586,0.0,0.0,0.0,0.0,0.0,0.0,0.0,0.0,0.0,0.0,0.0
23,23,95.95840639257457,0.0,96.03990370690018,0.0,0.0,0.0,0.0,0.0,0.0,0.0,0.0,0.0,0.0,0.0
24,24,95.91412372529585,0.0,96.1741906941853,0.0,0.0,0.0,0.0,0.0,0.0,0.0,0.0,0.0,0.0,0.0
25,25,95.85562748237481,0.0,96.2946370780968,0.0,67.2703723927284,0.0,0.0,0.0,0.0,0.0,0.0,0.0,0.0,0.0
26,26,95.78301142440984,0.0,96.4010845998391,0.0,67.6098860404639,0.0,0.0,0.0,0.0,0.0,0.0,0.0,0.0,0.0
27,27,95.6963710739884,0.0,96.49339705552592,0.0,67.94957523793933,0.0,0.0,0.0,0.0,0.0,0.0,0.0,0.0,0.0
28,28,95.59580356148685,0.0,96.5714289476809,0.0,68.28933508381662,0.0,0.0,0.0,0.0,0.0,0.0,0.0,0.0,0.0
29,29,95.48145929088307,0.0,96.63509993277272,0.0,68.62907342796139,0.0,0.0,0.0,0.0,0.0,0.0,0.0,0.0,0.0
30,30,95.35348947178285,0.0,96.68432107720396,0.0,68.96867380137148,0.0,0.0,0.0,0.0,0.0,0.0,0.0,0.0,0.0
31,31,95.21204588181935,0.0,96.71900557035526,0.0,69.30804345834851,0.0,0.0,0.0,0.0,0.0,0.0,0.0,0.0,0.0
32,32,95.05731145733336,0.0,96.73913270509327,0.0,69.64705956841775,0.0,0.0,0.0,0.0,0.0,0.0,0.0,0.0,0.0
33,33,94.88949956032735,0.0,96.7446523843709,0.0,69.98561238961658,0.0,0.0,0.0,0.0,0.0,0.0,0.0,0.0,0.0
34,34,94.70881237517001,0.0,96.73558087462816,0.0,70.32358358113738,0.0,0.0,0.0,0.0,0.0,0.0,0.0,0.0,0.0
35,35,94.51548142104885,0.0,96.71190512562107,0.0,70.66084592595257,0.0,0.0,0.0,0.0,0.0,0.0,0.0,0.0,0.0
36,36,94.30973632283767,0.0,96.67367843785881,0.0,70.99727451144597,0.0,0.0,0.0,0.0,0.0,0.0,0.0,0.0,0.0
37,37,94.09184476043147,0.0,96.62094592784436,0.0,71.33274121754127,0.0,0.0,0.0,0.0,0.0,0.0,0.0,0.0,0.0
38,38,93.8620611681987,0.0,96.55376569012407,0.0,71.66711472186685,0.0,0.0,0.0,0.0,0.0,0.0,0.0,0.0,0.0
39,39,93.62065654677016,0.0,96.47225096291366,0.0,72.00025461908224,0.0,0.0,0.0,0.0,0.0,0.0,0.0,0.0,0.0
40,40,93.36793747149228,0.0,96.37649565643181,0.0,72.33202305517479,0.0,0.0,0.0,0.0,0.0,0.0,0.0,0.0,0.0
41,41,93.10417574344213,0.0,96.26662705149104,0.0,72.66226702144569,0.0,0.0,0.0,0.0,0.0,0.0,0.0,0.0,0.0
42,42,92.82967747910884,0.0,96.14280527880813,0.0,72.99085416302921,0.0,0.0,0.0,0.0,0.0,0.0,0.0,0.0,0.0
43,43,92.54476221885322,0.0,96.0051807886651,0.0,73.31761892367736,0.0,0.0,0.0,0.0,0.0,0.0,0.0,0.0,0.0
44,44,92.24974269659835,0.0,95.8539464703636,0.0,73.64241053032912,0.0,0.0,0.0,0.0,0.0,0.0,0.0,0.0,0.0
45,45,91.94494378559276,0.0,95.68927430885431,0.0,73.96507520441047,0.0,0.0,0.0,0.0,0.0,0.0,0.0,0.0,0.0
46,46,91.63068253404653,0.0,95.51140878351136,0.0,74.28544994528201,0.0,0.0,0.0,0.0,0.0,0.0,0.0,0.0,0.0
47,47,91.30729636605261,0.0,95.32055164169611,0.0,74.60336232267396,0.0,0.0,0.0,0.0,0.0,0.0,0.0,0.0,0.0
48,48,90.97512305936105,0.0,95.11695494309845,0.0,74.9186557924508,0.0,0.0,0.0,0.0,0.0,0.0,0.0,0.0,0.0
49,49,90.63449087310677,0.0,94.90086849392537,0.0,75.23115842049104,67.48459012390632,0.0,0.0,0.0,0.0,0.0,0.0,0.0,0.0
50,50,90.28573691577562,0.0,94.67255989007656,0.0,75.5406889190651,67.79472988422509,0.0,0.0,0.0,0.0,0.0,0.0,0.0,0.0
51,51,89.9292062981102,0.0,94.43231370758005,0.0,75.84707609090721,68.10407013914359,0.0,0.0,0.0,0.0,0.0,0.0,0.0,0.0
52,52,89.5652421722014,0.0,94.18041049602147,0.0,76.15014628183498,68.41249656868571,0.0,0.0,0.0,0.0,0.0,0.0,0.0,0.0
53,53,89.19415814752652,0.0,93.91715653001721,0.0,76.44971020781725,68.71989746366572,0.0,0.0,0.0,0.0,0.0,0.0,0.0,0.0
54,54,88.816319675772,0.0,93.64284279239553,0.0,76.7455960237409,69.02615856093009,0.0,0.0,0.0,0.0,0.0,0.0,0.0,0.0
55,55,88.43204359217393,0.0,93.35780439418211,0.0,77.03760301700264,69.3311466709862,0.0,0.0,0.0,0.0,0.0,0.0,0.0,0.0
56,56,88.04166131413385,0.0,93.06234987086542,0.0,77.3255618800445,69.63474754911405,0.0,0.0,0.0,0.0,0.0,0.0,0.0,0.0
57,57,87.64550897440213,0.0,92.75682018236623,0.0,77.60927451996679,69.93683352879884,0.0,0.0,0.0,0.0,0.0,0.0,0.0,0.0
58,58,87.24390938371695,0.0,92.44153860537232,0.0,77.88855457783784,70.23726867694776,0.0,0.0,0.0,0.0,0.0,0.0,0.0,0.0
59,59,86.8371806809377,0.0,92.11683974339181,0.0,78.16321420637735,70.53592554997182,0.0,0.0,0.0,0.0,0.0,0.0,0.0,0.0
60,60,86.4256360435758,0.0,91.78307820418897,0.0,78.43305725194276,70.83266860630124,67.33892338223211,0.0,0.0,0.0,0.0,0.0,0.0,0.0
61,61,86.00959182877602,0.0,91.44058933459826,0.0,78.69790031319081,71.12735976129657,67.61143921013243,0.0,0.0,0.0,0.0,0.0,0.0,0.0
62,62,85.58935027276256,0.0,91.08971767880627,0.0,78.95754506636472,71.41985264136585,67.88222126055743,0.0,0.0,0.0,0.0,0.0,0.0,0.0
63,63,85.16521616431932,0.0,90.73080674843368,0.0,79.21180651976177,71.71001577864813,68.15115368286511,0.0,0.0,0.0,0.0,0.0,0.0,0.0
64,64,84.73747991697654,0.0,90.36421708442317,0.0,79.46048497804047,71.99769214670447,68.41812399214467,0.0,0.0,0.0,0.0,0.0,0.0,0.0
65,65,84.30642588368224,0.0,89.990288207192,0.0,79.70340190422296,72.28273391370345,68.68300187801181,0.0,0.0,0.0,0.0,0.0,0.0,0.0
66,66,83.87233220458329,0.0,89.609357172002,0.0,79.94036448809189,72.56500298753416,68.9456710462576,0.0,0.0,0.0,0.0,0.0,0.0,0.0
67,67,83.43548649667761,0.0,89.22176719120955,0.0,80.17118734986123,72.84434141017043,69.20600267701401,0.0,0.0,0.0,0.0,0.0,0.0,0.0
68,68,82.9961457721669,0.0,88.82787580247911,0.0,80.39567829376983,73.1205889796969,69.46387700789086,0.0,0.0,0.0,0.0,0.0,0.0,0.0
69,69,82.55456082521539,0.0,88.42800925037366,0.0,80.61366049776737,73.39359559144687,69.71916170947583,67.46253548586863,0.0,0.0,0.0,0.0,0.0,0.0
70,70,82.11100680317683,0.0,88.02249855062955,0.0,80.82495830626156,73.66320946250802,69.97172824125744,67.77845932784102,0.0,0.0,0.0,0.0,0.0,0.0
71,71,81.66570570259559,0.0,87.61167875624868,0.0,81.02938254321398,73.92926481546667,70.22144652349579,68.09381501556834,0.0,0.0,0.0,0.0,0.0,0.0
72,72,81.21891126972385,0.0,87.19587095843423,0.0,81.22676787521944,74.19160031366185,70.4681850158213,68.40848134570678,0.0,0.0,0.0,0.0,0.0,0.0
73,73,80.77084759826049,0.0,86.77539952922373,0.0,81.41694347656455,74.4500594077633,70.71181080090768,68.72235535877013,0.0,0.0,0.0,0.0,0.0,0.0
74,74,80.32173234991542,0.0,86.35057450116598,0.0,81.5997330946912,74.70448434041204,70.95218967326355,69.03532623937826,0.0,0.0,0.0,0.0,0.0,0.0
75,75,79.87179125289525,0.0,85.92170852974093,0.0,81.77499313275909,74.9547035098562,71.1891862331763,69.34726414798455,0.0,0.0,0.0,0.0,0.0,0.0
76,76,79.42122145867542,0.0,85.48910795904565,0.0,81.94255249747398,75.20055689430588,71.42266978264296,69.65805809165418,0.0,0.0,0.0,0.0,0.0,0.0
77,77,78.97022822395957,0.0,85.05305619310445,0.0,82.10225817596212,75.44189015540772,71.6525029481341,69.96757797846811,0.0,0.0,0.0,0.0,0.0,0.0
78,78,78.51901012154653,0.0,84.61384692143575,0.0,82.2539757879814,75.67852896075406,71.87854160072695,70.27570757255887,0.0,0.0,0.0,0.0,0.0,0.0
79,79,78.06773831197323,0.0,84.17177508039123,0.0,82.39755151930316,75.91031782528671,72.10065841829672,70.58230562555413,0.0,0.0,0.0,0.0,0.0,0.0
80,80,77.61660571999103,0.0,83.72709647654496,0.0,82.53286613478612,76.13708794153779,72.31871383139779,70.88725060576378,0.0,0.0,0.0,0.0,0.0,0.0
81,81,77.16577136834204,0.0,83.28009243333169,0.0,82.65978135736378,76.35869008749664,72.53257371947038,71.19040139817947,0.0,0.0,0.0,0.0,0.0,0.0
82,82,76.71540884779732,0.0,82.8310134374494,0.0,82.77817086957151,76.57494873176657,72.74209768701621,71.49161403367384,0.0,0.0,0.0,0.0,0.0,0.0
83,83,76.26566555269684,0.0,82.38011890634026,0.0,82.88793626369817,76.78571506479012,72.94715111532878,71.79075930557126,0.0,0.0,0.0,0.0,0.0,0.0
84,84,75.81669659415891,0.0,81.927653413255,0.0,82.98896058212983,76.99083424118358,73.14759938722261,72.08768811917078,0.0,0.0,0.0,0.0,0.0,0.0
85,85,75.36864474244179,0.0,81.47385462342368,0.0,83.08115527745188,77.19014537974438,73.34331413599867,72.38225463484963,0.0,0.0,0.0,0.0,0.0,0.0
86,86,74.92164728182561,0.0,81.01894582014512,0.0,83.1644134938419,77.38349519087959,73.53415511094131,72.67431057267522,0.0,0.0,0.0,0.0,0.0,0.0
87,87,74.47583610339717,0.0,80.56315107385187,0.0,83.23867299015731,77.57073150522038,73.72000088128911,72.96371133234224,0.0,0.0,0.0,0.0,0.0,0.0
88,88,74.03133157379926,0.0,80.10669483509353,0.0,83.30384566523706,77.75171033883046,73.9007122097161,73.2502919190611,0.0,0.0,0.0,0.0,0.0,0.0
89,89,73.58825531445181,0.0,79.64976549932392,0.0,83.35987271705253,77.9262893458026,74.0761629221026,73.53390318208774,0.0,0.0,0.0,0.0,0.0,0.0
90,90,73.146711689576,0.0,79.19258123898953,0.0,83.40669331131397,78.09432107858908,74.24623409179517,73.81438785015176,0.0,0.0,0.0,0.0,0.0,0.0
91,91,72.70681867679538,0.0,78.73531754087772,0.0,83.44426837914534,78.25566695526409,74.41079545055779,74.09159286905464,0.0,0.0,0.0,0.0,0.0,0.0
92,92,72.26867126821007,0.0,78.27815805445331,0.0,83.47255702147909,78.41020458915325,74.56973053634702,74.36534460013374,0.0,0.0,0.0,0.0,0.0,0.0
93,93,71.832360249735,0.0,77.82129383383862,0.0,83.4915323931491,78.55779318304037,74.72291807939683,74.63549255226837,0.0,0.0,0.0,0.0,0.0,0.0
94,94,71.39797809039455,0.0,77.36488179437293,0.0,83.50116593247319,78.69830851400334,74.8702447610397,74.90187216378315,0.0,0.0,0.0,0.0,0.0,0.0
95,95,70.96560724423371,0.0,76.90908000834114,0.0,83.50145909310963,78.831636318129,75.01159909471228,75.16431731197368,0.0,0.0,0.0,0.0,0.0,0.0
96,96,70.53533756288867,0.0,76.45405402399841,0.0,83.49241167831133,78.95765841732604,75.14687157169084,75.42266044692555,0.0,0.0,0.0,0.0,0.0,0.0
97,97,70.10723219833973,0.0,75.99994990912393,0.0,83.47402184097783,79.07625988700362,75.27596124622434,75.676732732741,0.0,0.0,0.0,0.0,0.0,0.0
98,98,69.68136769321573,0.0,75.54690161982,0.0,83.44631775106106,79.18734348689048,75.39876306615581,75.9263772980132,0.0,0.0,0.0,0.0,0.0,0.0
99,99,69.25780035652026,0.0,75.09504429882264,0.0,83.40931795821572,79.29080859144744,75.51517438813615,76.17142344222299,0.0,0.0,0.0,0.0,0.0,0.0
100,100,68.83660505373322,0.0,74.64450765288574,0.0,83.36307089849191,79.38656557388954,75.62511461931435,76.41169963845978,0.0,0.0,0.0,0.0,0.0,0.0
101,101,68.41783142841504,0.0,74.19542231106936,0.0,83.30761526271246,79.47452886505857,75.72848652661142,76.64704705492866,0.0,0.0,0.0,0.0,0.0,0.0
102,102,68.0015315799499,0.0,73.74788865242076,0.0,83.24301151269768,79.55460990035424,75.82521529622068,76.87729998535836,0.0,0.0,0.0,0.0,0.0,0.0
103,103,67.5877598259738,0.0,73.30202115329735,0.0,83.16931808247466,79.62673880366616,75.91520961224582,77.10228581992585,0.0,0.0,0.0,0.0,0.0,0.0
104,104,0.0,0.0,72.85792927333075,0.0,83.08660702433059,79.6908574301582,75.99840748791581,77.32185220982339,0.0,0.0,0.0,0.0,0.0,0.0
105,105,0.0,0.0,72.41569969077673,0.0,82.9949638090086,79.74690507245596,76.07473062845594,77.53582683853304,0.0,0.0,0.0,0.0,0.0,0.0
106,106,0.0,0.0,71.97543870870174,0.0,82.89448709271606,79.79482574079522,76.14411727855388,77.74405138740444,0.0,0.0,0.0,0.0,0.0,0.0
107,107,0.0,0.0,71.53721857928872,0.0,82.78525730034265,79.83457550187144,76.20652244697759,77.94636829269287,0.0,0.0,0.0,0.0,0.0,0.0
108,108,0.0,0.0,71.10113109780066,0.0,82.66738336782974,79.86611534845223,76.26187843752584,78.14261400008401,0.0,0.0,0.0,0.0,0.0,0.0
109,109,0.0,0.0,70.66724656637486,0.0,82.54098675873738,79.8894257720564,76.31014106276439,78.33265385690405,67.19753226226067,0.0,0.0,0.0,0.0,0.0
110,110,0.0,0.0,70.23564858231738,0.0,82.4061857079581,79.90447782877742,76.35127660635929,78.51631292391002,67.61684209523386,0.0,0.0,0.0,0.0,0.0
111,111,0.0,0.0,69.80638880762437,0.0,82.26310282962638,79.91125491908258,76.38524202403532,78.69345964349002,68.03903461269398,0.0,0.0,0.0,0.0,0.0
112,112,0.0,0.0,69.37953800323325,0.0,82.11187257431732,79.9097528309619,76.41201811694216,78.86394338715976,68.46407689885118,0.0,0.0,0.0,0.0,0.0
113,113,0.0,0.0,68.95515775568828,0.0,81.95263324054682,79.89997975261876,76.4315764551139,79.02762967580891,68.89192813632461,0.0,0.0,0.0,0.0,0.0
114,114,0.0,0.0,68.53330091500523,0.0,81.78553435090028,79.8819345008078,76.44389265852836,79.18436504712145,69.32254464470346,0.0,0.0,0.0,0.0,0.0
115,115,0.0,0.0,68.11401201980105,0.0,81.61072869477735,79.85564277667144,76.44897300360891,79.3340340571993,69.75588531593431,0.0,0.0,0.0,0.0,0.0
116,116,0.0,0.0,67.6973433331541,0.0,81.42837208768651,79.82112086813451,76.44680132249492,79.47650272681172,70.19189506949796,0.0,0.0,0.0,0.0,0.0
117,117,0.0,0.0,67.28333885617407,0.0,81.23862313088853,79.77840460234364,76.43737885109756,79.61165435008031,70.63050973155993,0.0,0.0,0.0,0.0,0.0
118,118,0.0,0.0,0.0,0.0,81.04165043531339,79.72753477388909,76.42072422357197,79.73935379952584,71.0716842737342,0.0,0.0,0.0,0.0,0.0
119,119,0.0,0.0,0.0,0.0,80.837624770118,79.66856428737103,76.39684026141263,79.85951259742974,71.51534764057459,0.0,0.0,0.0,0.0,0.0
120,120,0.0,0.0,0.0,0.0,80.6267188150511,79.6015292177413,76.36574715075493,79.97200252893282,71.96142475116476,0.0,0.0,0.0,0.0,0.0
121,121,0.0,0.0,0.0,0.0,80.40909956885189,79.52651359740715,76.32748236921893,80.07673535157645,72.40984829889929,0.0,0.0,0.0,0.0,0.0
122,122,0.0,0.0,0.0,0.0,80.18496484527127,79.44357001348284,76.28206750754933,80.17361961753721,72.86053524839522,67.37279480421006,0.0,0.0,0.0,0.0
123,123,0.0,0.0,0.0,0.0,79.95449135723749,79.35277710823873,76.2295479587806,80.26256072592379,73.31341041405331,67.79227000182037,0.0,0.0,0.0,0.0
124,124,0.0,0.0,0.0,0.0,79.71785676367966,79.2542178104041,76.16996635537963,80.34347566240913,73.76837000068403,68.21456363880047,0.0,0.0,0.0,0.0
125,125,0.0,0.0,0.0,0.0,79.4752537992558,79.14797919919154,76.10336913074386,80.41630056688922,74.22532379110565,68.6396349744212,0.0,0.0,0.0,0.0
126,126,0.0,0.0,0.0,0.0,79.22686820781531,79.03415946183486,76.02981958642197,80.48095418219279,74.68417716410771,69.06743501048688,0.0,0.0,0.0,0.0
127,127,0.0,0.0,0.0,0.0,78.97289291347515,78.91285348698862,75.94936490364313,80.53738939150524,75.14481173748297,69.49791703686154,0.0,0.0,0.0,0.0
128,128,0.0,0.0,0.0,0.0,78.7135134912726,78.78417397837518,75.86208858502292,80.58554925278881,75.60712305016318,69.93103687225174,0.0,0.0,0.0,0.0
129,129,0.0,0.0,0.0,0.0,78.44892916765954,78.64822997242932,75.76805126466348,80.62538915493232,76.07098217924865,70.3667306097677,0.0,0.0,0.0,0.0
130,130,0.0,0.0,0.0,0.0,78.17932435828766,78.50513378969795,75.66733646590374,80.6568695455792,76.53626771064455,70.80494195966033,0.0,0.0,0.0,0.0
131,131,0.0,0.0,0.0,0.0,77.90488963842836,78.35501481889219,75.5600177943842,80.67996339696752,77.00283947970581,71.2456113108237,0.0,0.0,0.0,0.0
132,132,0.0,0.0,0.0,0.0,77.6258213120634,78.19799822010692,75.44618487933283,80.69465628065308,77.47057174690505,71.6886639530335,0.0,0.0,0.0,0.0
133,133,0.0,0.0,0.0,0.0,77.34230738469624,78.03421179460508,75.32593661168359,80.70091680826773,77.93929910251126,72.13402698943801,0.0,0.0,0.0,0.0
134,134,0.0,0.0,0.0,0.0,77.05453438352826,77.86379269048336,75.1993551997107,80.69875585444255,78.4088841542595,72.58162360308211,0.0,0.0,0.0,0.0
135,135,0.0,0.0,0.0,0.0,76.76268719300921,77.68688020435887,75.06655118928875,80.68816737366618,78.87914880793437,73.03136688908867,0.0,0.0,0.0,0.0
136,136,0.0,0.0,0.0,0.0,76.46696218830373,77.50361558770332,74.9276182179011,80.66915799916286,79.34992931093512,73.4831716439129,0.0,0.0,0.0,0.0
137,137,0.0,0.0,0.0,0.0,76.1675336061112,77.31414864734504,74.78267771444762,80.64175441268473,79.82104846579863,73.93693599455891,0.0,0.0,0.0,0.0
138,138,0.0,0.0,0.0,0.0,75.86459342526398,77.11862386723257,74.63182129546085,80.60598111035472,80.29232244812752,74.39256568039315,0.0,0.0,0.0,0.0
139,139,0.0,0.0,0.0,0.0,75.55831152588809,76.91718711049748,74.47518059596563,80.56186776098978,80.76356072956294,74.84995560887292,0.0,0.0,0.0,0.0
140,140,0.0,0.0,0.0,0.0,75.24888139972497,76.71001218207296,74.31285729811793,80.50945652182862,81.2345510115594,75.30898291538702,0.0,0.0,0.0,0.0
141,141,0.0,0.0,0.0,0.0,74.93646792578666,76.49723340801087,74.14498613910037,80.4487945708034,81.70508863934381,75.76953868232984,0.0,0.0,0.0,0.0
142,142,0.0,0.0,0.0,0.0,74.62124629692065,76.27901929105066,73.97167809374986,80.37994136831323,82.17496207345359,76.23148939178186,0.0,0.0,0.0,0.0
143,143,0.0,0.0,0.0,0.0,74.30338884246804,76.05552537341966,73.79305793484593,80.30296117169321,82.64393732997536,76.69470904119063,0.0,0.0,0.0,0.0
144,144,0.0,0.0,0.0,0.0,73.98306494014854,75.8269205731102,73.60926379276583,80.21792292643734,83.11178062267724,77.15905954329553,0.0,0.0,0.0,0.0
145,145,0.0,0.0,0.0,0.0,73.66044093642175,75.59335414154941,73.4204099395216,80.12490744662679,83.57825084967264,77.6243902185153,0.0,0.0,0.0,0.0
146,146,0.0,0.0,0.0,0.0,73.3356678520933,75.35500126433703,73.22663602242898,80.02399264797755,84.04309156714484,78.09054421122782,0.0,0.0,0.0,0.0
147,147,0.0,0.0,0.0,0.0,73.00891214812711,75.11201078608475,73.0280699154144,79.91527527815511,84.50605490684887,78.55736540021184,0.0,0.0,0.0,0.0
148,148,0.0,0.0,0.0,0.0,72.68033084416965,74.86455683032314,72.82484598372629,79.79884886533291,84.9668614757257,79.02468452762231,0.0,0.0,0.0,0.0
149,149,0.0,0.0,0.0,0.0,72.35007769000671,74.61279351655521,72.61710477748757,79.67482530841853,85.42524053757715,79.49233305480907,0.0,0.0,0.0,0.0
150,150,0.0,0.0,0.0,0.0,72.01828544267389,74.35689314593368,72.40496888972412,79.54329853585193,85.88090582495052,79.96011444109652,0.0,0.0,0.0,0.0
151,151,0.0,0.0,0.0,0.0,71.6851192037999,74.09700797123823,72.18858480267866,79.40440201762976,86.33356365427608,80.42784689901296,0.0,0.0,0.0,0.0
152,152,0.0,0.0,0.0,0.0,71.35070533820843,73.83330788321584,71.96808084763352,79.25824371297492,86.78292159439161,80.89532742153958,0.0,0.0,0.0,0.0
153,153,0.0,0.0,0.0,0.0,71.01518466046187,73.56594271369882,71.74360271262562,79.10494907529012,87.22866310079857,81.36234591312314,0.0,0.0,0.0,0.0
154,154,0.0,0.0,0.0,0.0,70.67869457414922,73.29508551454232,71.5152778982115,78.94465351819541,87.67047299316062,81.82870035659646,0.0,0.0,0.0,0.0
155,155,0.0,0.0,0.0,0.0,70.34136343943689,73.02088305979406,71.28325080136955,78.77749502426123,88.10803807628915,82.29415146687455,0.0,0.0,0.0,0.0
156,156,0.0,0.0,0.0,0.0,70.00331640711478,72.74349873579239,71.04764762046088,78.60359990195988,88.54102996359252,82.7584676254047,0.0,0.0,0.0,0.0
157,157,0.0,0.0,0.0,0.0,69.66467541802763,72.46308191251482,70.80861100299835,78.42312484070303,88.96910487172576,83.22141786410151,0.0,0.0,0.0,0.0
158,158,0.0,0.0,0.0,0.0,69.32556466854109,72.1797919876822,70.5662767291825,78.23620737893681,89.39193069199817,83.68275638827505,0.0,0.0,0.0,0.0
159,159,0.0,0.0,0.0,0.0,68.98609412807613,71.89377433410229,70.32077380340213,78.04300080659216,89.80916063644078,84.14221411057281,0.0,0.0,0.0,0.0
160,160,0.0,0.0,0.0,0.0,68.64638150491746,71.60518398748601,70.07223571599373,77.84365985505157,90.22043312369385,84.59953033801646,0.0,0.0,0.0,0.0
161,161,0.0,0.0,0.0,0.0,68.30652522144705,71.31416197958389,69.82080015589081,77.63833364491596,90.62540903726878,85.05443725616318,0.0,0.0,0.0,0.0
162,162,0.0,0.0,0.0,0.0,67.96664197212009,71.0208586647788,69.56659772458727,77.42718611040748,91.02371685004154,85.5066599971472,0.0,0.0,0.0,0.0
163,163,0.0,0.0,0.0,0.0,67.62681892127692,70.72541044246219,69.30975205538857,77.21036833469431,91.41499926919941,85.95589153890252,0.0,0.0,0.0,0.0
164,164,0.0,0.0,0.0,0.0,67.28716648695386,70.4279570818432,69.05039619626476,76.9880524166156,91.79889532547506,86.40185088474023,0.0,0.0,0.0,0.0
165,165,0.0,0.0,0.0,0.0,0.0,70.12864142970624,68.78865600020386,76.76039721761005,92.17502151186936,86.84423351822274,0.0,0.0,0.0,0.0
166,166,0.0,0.0,0.0,0.0,0.0,69.82759250013568,68.52465559936374,76.52756853478579,92.54302987983077,87.28271934072981,0.0,0.0,0.0,0.0
167,167,0.0,0.0,0.0,0.0,0.0,69.52494238910455,68.25851734433412,76.28973210427107,92.90254143347778,87.71700739075594,0.0,0.0,0.0,0.0
168,168,0.0,0.0,0.0,0.0,0.0,69.22082599795783,67.99036174812801,76.0470468512029,93.25318504663984,88.14675553328736,0.0,0.0,0.0,0.0
169,169,0.0,0.0,0.0,0.0,0.0,68.91535917393038,67.72031264621431,75.7996845182676,93.59459840046831,88.57164137342409,0.0,0.0,0.0,0.0
170,170,0.0,0.0,0.0,0.0,0.0,68.6086768458034,67.44848660158807,75.54780961574238,93.92641889731237,88.99133679448958,0.0,0.0,0.0,0.0
171,171,0.0,0.0,0.0,0.0,0.0,68.30088963461043,0.0,75.2915988008444,94.2482842528253,89.40549006603408,0.0,0.0,0.0,0.0
172,172,0.0,0.0,0.0,0.0,0.0,67.99212156744092,0.0,75.03120189583385,94.55983311049091,89.81375281254829,0.0,0.0,0.0,0.0
173,173,0.0,0.0,0.0,0.0,0.0,67.68247811394775,0.0,74.766793450191,94.8607159030433,90.21579001864802,0.0,0.0,0.0,0.0
174,174,0.0,0.0,0.0,0.0,0.0,67.37207784139251,0.0,74.49854016724245,95.15058553291573,90.61123455747739,0.0,0.0,0.0,0.0
175,175,0.0,0.0,0.0,0.0,0.0,0.0,0.0,74.22660099186983,95.42910837222341,90.99973341214462,0.0,0.0,0.0,0.0
176,176,0.0,0.0,0.0,0.0,0.0,0.0,0.0,73.95113342717283,95.69593399938428,91.38092043224421,0.0,0.0,0.0,0.0
177,177,0.0,0.0,0.0,0.0,0.0,0.0,0.0,73.67231191919218,95.95075807095799,91.75443551889272,0.0,0.0,0.0,0.0
178,178,0.0,0.0,0.0,0.0,0.0,0.0,0.0,73.3902903144749,96.19326100620337,92.11992548754209,0.0,0.0,0.0,0.0
179,179,0.0,0.0,0.0,0.0,0.0,0.0,0.0,73.105226749568,96.4231398004041,92.47701578351466,0.0,0.0,0.0,0.0
180,180,0.0,0.0,0.0,0.0,0.0,0.0,0.0,72.81727126378098,96.64009832690732,92.82534942151348,0.0,0.0,0.0,0.0
181,181,0.0,0.0,0.0,0.0,0.0,0.0,0.0,72.52658387757117,96.84386930435619,93.16455867736816,0.0,0.0,0.0,0.0
182,182,0.0,0.0,0.0,0.0,0.0,0.0,0.0,72.23331623811515,97.03419396782522,93.49429509498117,0.0,0.0,0.0,0.0
183,183,0.0,0.0,0.0,0.0,0.0,0.0,0.0,71.93761765990037,97.21080118049262,93.81419076092263,0.0,0.0,0.0,0.0
184,184,0.0,0.0,0.0,0.0,0.0,0.0,0.0,71.63963505141732,97.37348307604603,94.12388842896534,0.0,0.0,0.0,0.0
185,185,0.0,0.0,0.0,0.0,0.0,0.0,0.0,71.3395128484084,97.52199924531271,94.42305261574388,0.0,0.0,0.0,0.0
186,186,0.0,0.0,0.0,0.0,0.0,0.0,0.0,71.0373872190663,97.65616330241184,94.7113402838542,0.0,0.0,0.0,0.0
187,187,0.0,0.0,0.0,0.0,0.0,0.0,0.0,70.73340899664659,97.77580053381142,94.98841141380751,0.0,0.0,0.0,0.0
188,188,0.0,0.0,0.0,0.0,0.0,0.0,0.0,70.42770344142572,97.8807265508367,95.25393996815271,0.0,0.0,0.0,0.0
189,189,0.0,0.0,0.0,0.0,0.0,0.0,0.0,70.120415877812,97.97081293619974,95.50760446741161,0.0,0.0,0.0,0.0
190,190,0.0,0.0,0.0,0.0,0.0,0.0,0.0,69.81166637036374,98.0459334056422,95.74909906082102,0.0,0.0,0.0,0.0
191,191,0.0,0.0,0.0,0.0,0.0,0.0,0.0,69.50158360937836,98.10597496603081,95.9781239679625,0.0,0.0,0.0,0.0
192,192,0.0,0.0,0.0,0.0,0.0,0.0,0.0,69.19030439409539,98.15087104994328,96.19438611748855,0.0,0.0,0.0,0.0
193,193,0.0,0.0,0.0,0.0,0.0,0.0,0.0,68.87793538388686,98.18053615498243,96.39762090671603,0.0,0.0,0.0,0.0
194,194,0.0,0.0,0.0,0.0,0.0,0.0,0.0,68.56460238646889,98.1949426256993,96.58756145383597,0.0,0.0,0.0,0.0
195,195,0.0,0.0,0.0,0.0,0.0,0.0,0.0,68.25042290056076,98.19407702254135,96.76396026300004,0.0,0.0,0.0,0.0
196,196,0.0,0.0,0.0,0.0,0.0,0.0,0.0,67.93550635343664,98.17791824657809,96.92659000360831,0.0,0.0,0.0,0.0
197,197,0.0,0.0,0.0,0.0,0.0,0.0,0.0,67.61996473311476,98.14651423174645,97.07522281797237,0.0,0.0,0.0,0.0
198,198,0.0,0.0,0.0,0.0,0.0,0.0,0.0,67.30390719831348,98.09989423047767,97.20968438224793,0.0,0.0,0.0,0.0
199,199,0.0,0.0,0.0,0.0,0.0,0.0,0.0,0.0,98.03811253906345,97.32977961662243,0.0,0.0,0.0,0.0
200,200,0.0,0.0,0.0,0.0,0.0,0.0,0.0,0.0,97.96128102631363,97.43533587676468,0.0,0.0,0.0,0.0
201,201,0.0,0.0,0.0,0.0,0.0,0.0,0.0,0.0,97.86949236651323,97.52622513441442,0.0,0.0,0.0,0.0
202,202,0.0,0.0,0.0,0.0,0.0,0.0,0.0,0.0,97.76287437070705,97.60232133811895,0.0,0.0,0.0,0.0
203,203,0.0,0.0,0.0,0.0,0.0,0.0,0.0,0.0,97.64156779070973,97.66351146935862,0.0,0.0,0.0,0.0
204,204,0.0,0.0,0.0,0.0,0.0,0.0,0.0,0.0,97.50574757601265,97.70971753119966,0.0,0.0,0.0,0.0
205,205,0.0,0.0,0.0,0.0,0.0,0.0,0.0,0.0,97.35558985373318,97.7408751673535,0.0,0.0,0.0,0.0
206,206,0.0,0.0,0.0,0.0,0.0,0.0,0.0,0.0,97.19130385226568,97.75693382710953,0.0,0.0,0.0,0.0
207,207,0.0,0.0,0.0,0.0,0.0,0.0,0.0,0.0,97.01309897320454,97.75787861848566,0.0,0.0,0.0,0.0
208,208,0.0,0.0,0.0,0.0,0.0,0.0,0.0,0.0,96.821216433157,97.74369780847522,0.0,0.0,0.0,0.0
209,209,0.0,0.0,0.0,0.0,0.0,0.0,0.0,0.0,96.61590708448216,97.71442625808713,0.0,0.0,0.0,0.0
210,210,0.0,0.0,0.0,0.0,0.0,0.0,0.0,0.0,96.39744139282034,97.67010191653156,0.0,0.0,0.0,0.0
211,211,0.0,0.0,0.0,0.0,0.0,0.0,0.0,0.0,96.1660875756147,97.61077658468324,67.26412496940628,0.0,0.0,0.0
212,212,0.0,0.0,0.0,0.0,0.0,0.0,0.0,0.0,95.92214261289955,97.53653740858721,67.66151649756927,0.0,0.0,0.0
213,213,0.0,0.0,0.0,0.0,0.0,0.0,0.0,0.0,95.66591028994489,97.44748494131835,68.06095198555066,0.0,0.0,0.0
214,214,0.0,0.0,0.0,0.0,0.0,0.0,0.0,0.0,95.3977005468348,97.34375442471611,68.4623564789779,0.0,0.0,0.0
215,215,0.0,0.0,0.0,0.0,0.0,0.0,0.0,0.0,95.11783911293102,97.22546153644734,68.86568358816506,0.0,0.0,0.0
216,216,0.0,0.0,0.0,0.0,0.0,0.0,0.0,0.0,94.82666655172525,97.09279886983981,69.27084641181345,0.0,0.0,0.0
217,217,0.0,0.0,0.0,0.0,0.0,0.0,0.0,0.0,94.52450682107103,96.94591717778096,69.67778695113995,0.0,0.0,0.0
218,218,0.0,0.0,0.0,0.0,0.0,0.0,0.0,0.0,94.21172779705252,96.78503219477108,70.08642213354698,0.0,0.0,0.0
219,219,0.0,0.0,0.0,0.0,0.0,0.0,0.0,0.0,93.88866916332286,96.61033844797248,70.496676322041,0.0,0.0,0.0
220,220,0.0,0.0,0.0,0.0,0.0,0.0,0.0,0.0,93.55568258810739,96.42208328676584,70.90845903267808,0.0,0.0,0.0
221,221,0.0,0.0,0.0,0.0,0.0,0.0,0.0,0.0,93.21315051127414,96.22051292312561,71.32167575140019,0.0,0.0,0.0
222,222,0.0,0.0,0.0,0.0,0.0,0.0,0.0,0.0,92.86142563815321,96.00587206824795,71.73624539013105,0.0,0.0,0.0
223,223,0.0,0.0,0.0,0.0,0.0,0.0,0.0,0.0,92.50088007229364,95.77843487588856,72.15205389430461,67.35610229830503,0.0,0.0
224,224,0.0,0.0,0.0,0.0,0.0,0.0,0.0,0.0,92.13187505326374,95.53849349040875,72.56900632166757,67.75891992281643,0.0,0.0
225,225,0.0,0.0,0.0,0.0,0.0,0.0,0.0,0.0,91.75477992876701,95.28634684165283,72.98697970339916,68.16396563079901,0.0,0.0
226,226,0.0,0.0,0.0,0.0,0.0,0.0,0.0,0.0,91.36996175128805,95.02230000613325,73.40587669097319,68.5711845648757,0.0,0.0
227,227,0.0,0.0,0.0,0.0,0.0,0.0,0.0,0.0,90.977803586986,94.74667377266721,73.82555909647918,68.98051347526491,0.0,0.0
228,228,0.0,0.0,0.0,0.0,0.0,0.0,0.0,0.0,90.5786472778955,94.45979356456161,74.24590835439429,69.39189672971762,0.0,0.0
229,229,0.0,0.0,0.0,0.0,0.0,0.0,0.0,0.0,90.17286856187494,94.16198879536535,74.66678884868479,69.80525919168683,0.0,0.0
230,230,0.0,0.0,0.0,0.0,0.0,0.0,0.0,0.0,89.76082921054025,93.85360224523413,75.08806635600686,70.22053317014507,67.1722959467855,0.0
231,231,0.0,0.0,0.0,0.0,0.0,0.0,0.0,0.0,89.34286797713025,93.53498910104797,75.50959538183315,70.63764198065701,67.33752698187924,0.0
232,232,0.0,0.0,0.0,0.0,0.0,0.0,0.0,0.0,88.91935499516602,93.2064962385883,75.93122529269115,71.05651100096095,67.4990734218103,0.0
233,233,0.0,0.0,0.0,0.0,0.0,0.0,0.0,0.0,88.49062743474921,92.86847175537348,76.35280026064069,71.47704470036295,67.6568450967316,0.0
234,234,0.0,0.0,0.0,0.0,0.0,0.0,0.0,0.0,88.0570169184547,92.52129356543841,76.77415251586716,71.89916664780675,67.81075743691365,0.0
235,235,0.0,0.0,0.0,0.0,0.0,0.0,0.0,0.0,87.61886669177744,92.16530979431322,77.19512225075714,72.32276730576982,67.96071592598368,0.0
236,236,0.0,0.0,0.0,0.0,0.0,0.0,0.0,0.0,87.17650458474117,91.80087763725405,77.61553093830032,72.74775633105949,68.10663176717748,0.0
237,237,0.0,0.0,0.0,0.0,0.0,0.0,0.0,0.0,86.73025176806517,91.42838144751907,78.03519440473468,73.17402737789604,68.24841679184047,0.0
238,238,0.0,0.0,0.0,0.0,0.0,0.0,0.0,0.0,86.28041409108192,91.04816510012091,78.45392980191988,73.60146962061705,68.38598886101038,0.0
239,239,0.0,0.0,0.0,0.0,0.0,0.0,0.0,0.0,85.82731583067284,90.66060779077509,78.87154183019442,74.02996143964384,68.51926138727835,0.0
240,240,0.0,0.0,0.0,0.0,0.0,0.0,0.0,0.0,85.37123195150292,90.26604789290836,79.28782950738021,74.45938887625806,68.64814867254373,0.0
241,241,0.0,0.0,0.0,0.0,0.0,0.0,0.0,0.0,84.9124721272398,89.86486672784966,79.7025861768363,74.88962715688508,68.77257674746038,0.0
242,242,0.0,0.0,0.0,0.0,0.0,0.0,0.0,0.0,84.45131357780389,89.45740424703092,80.11559952688097,75.32052736009597,68.89246746983801,0.0
243,243,0.0,0.0,0.0,0.0,0.0,0.0,0.0,0.0,83.98803437744776,89.04400534506878,80.52665162221398,75.75196739910784,69.00773851211318,0.0
244,244,0.0,0.0,0.0,0.0,0.0,0.0,0.0,0.0,83.52288916303802,88.62503693549124,80.9355189479707,76.18378784754309,69.11831964568064,0.0
245,245,0.0,0.0,0.0,0.0,0.0,0.0,0.0,0.0,83.05615700482886,88.20082445720662,81.34196494826837,76.61584337283838,69.2241421083534,0.0
246,246,0.0,0.0,0.0,0.0,0.0,0.0,0.0,0.0,82.58807760388713,87.77171454763307,81.745754910435,77.04797681206117,69.32512775912039,0.0
247,247,0.0,0.0,0.0,0.0,0.0,0.0,0.0,0.0,82.1188913576399,87.33803013439933,82.14664875745258,77.48001873959907,69.42122186241518,0.0
248,248,0.0,0.0,0.0,0.0,0.0,0.0,0.0,0.0,81.64883134543172,86.90010536637776,82.54439340657898,77.91180772924089,69.51234954032195,0.0
249,249,0.0,0.0,0.0,0.0,0.0,0.0,0.0,0.0,81.17813083294851,86.45825053891491,82.9387381493031,78.34315620005067,69.59845409179198,0.0
250,250,0.0,0.0,0.0,0.0,0.0,0.0,0.0,0.0,80.70700066280625,86.01277798010328,83.3294193757566,78.77387743644022,69.67948072317166,0.0
251,251,0.0,0.0,0.0,0.0,0.0,0.0,0.0,0.0,80.23564479461226,85.56399311598783,83.7161762864798,79.20378594096798,69.75537108430602,0.0
252,252,0.0,0.0,0.0,0.0,0.0,0.0,0.0,0.0,79.76428204396336,85.11218608231992,84.09874339275356,79.63269059496298,69.82606881692342,0.0
253,253,0.0,0.0,0.0,0.0,0.0,0.0,0.0,0.0,79.29308770617442,84.65765646250094,84.4768344840582,80.06037279930639,69.8915362779167,0.0
254,254,0.0,0.0,0.0,0.0,0.0,0.0,0.0,0.0,78.82225223837281,84.20068813012375,84.85019120219222,80.48662947879511,69.95172138865296,0.0
255,255,0.0,0.0,0.0,0.0,0.0,0.0,0.0,0.0,78.35195216114718,83.74154162849132,85.21851868135188,80.91124450228781,70.00658539220315,0.0
256,256,0.0,0.0,0.0,0.0,0.0,0.0,0.0,0.0,77.88235746001914,83.28048650188929,85.58152598279442,81.33398080111384,70.05608626579088,0.0
257,257,0.0,0.0,0.0,0.0,0.0,0.0,0.0,0.0,77.41362486835285,82.8177925745567,85.9389435056917,81.75462519824336,70.10018989982126,0.0
258,258,0.0,0.0,0.0,0.0,0.0,0.0,0.0,0.0,76.94591856113931,82.35369094737347,86.29046508011187,82.17292863290487,70.13887018076221,0.0
259,259,0.0,0.0,0.0,0.0,0.0,0.0,0.0,0.0,76.47937620639698,81.88842906261291,86.63580659855714,82.58864342334431,70.17209786743008,0.0
260,260,0.0,0.0,0.0,0.0,0.0,0.0,0.0,0.0,76.01414312236558,81.4222467969367,86.97467297522961,83.00153156689726,70.19984619851878,0.0
261,261,0.0,0.0,0.0,0.0,0.0,0.0,0.0,0.0,75.55035212044511,80.95536158160282,87.30676681017385,83.41132608274062,70.22209653176257,0.0
262,262,0.0,0.0,0.0,0.0,0.0,0.0,0.0,0.0,75.08812401964134,80.48799873633841,87.63179747654281,83.8177698815512,70.23883278384749,0.0
263,263,0.0,0.0,0.0,0.0,0.0,0.0,0.0,0.0,74.62758081043347,80.02034699186693,87.94946423784894,84.22060055030506,70.25004705954856,0.0
264,264,0.0,0.0,0.0,0.0,0.0,0.0,0.0,0.0,74.16883912534374,79.55263215703617,88.25947402769401,84.6195260902673,70.25572845650001,0.0
265,265,0.0,0.0,0.0,0.0,0.0,0.0,0.0,0.0,73.71199800977605,79.08502224041578,88.56153325777426,85.01428964619662,70.25587428924807,0.0
266,266,0.0,0.0,0.0,0.0,0.0,0.0,0.0,0.0,73.257170295283,78.61772177456278,88.85535721065261,85.4045887109109,70.25047888075021,0.0
267,267,0.0,0.0,0.0,0.0,0.0,0.0,0.0,0.0,72.80443941615803,78.15089303380701,89.14064367648429,85.7901487172228,70.2395559966103,0.0
268,268,0.0,0.0,0.0,0.0,0.0,0.0,0.0,0.0,72.35390267084566,77.68471306091894,89.41711825698398,86.1706657036442,70.22310518910444,0.0
269,269,0.0,0.0,0.0,0.0,0.0,0.0,0.0,0.0,71.90563496679512,77.21934541160894,89.68448996430558,86.5458565187716,70.20113982718873,0.0
270,270,0.0,0.0,0.0,0.0,0.0,0.0,0.0,0.0,71.45973065528248,76.7549339685153,89.942487911423,86.91540868958528,70.17367586061434,0.0
271,271,0.0,0.0,0.0,0.0,0.0,0.0,0.0,0.0,71.01624488531724,76.2916369194304,90.1908345819127,87.27903155980027,70.14073179897825,0.0
272,272,0.0,0.0,0.0,0.0,0.0,0.0,0.0,0.0,70.57526378707827,75.82958644697803,90.42927392897316,87.63641404540842,70.10233427230631,0.0
273,273,0.0,0.0,0.0,0.0,0.0,0.0,0.0,0.0,70.13683537179138,75.36891585497342,90.65754431994942,87.98724184993175,70.05850681438396,0.0
274,274,0.0,0.0,0.0,0.0,0.0,0.0,0.0,0.0,69.70103247030518,74.90975927748856,90.87538815666504,88.33122442535017,70.00928100309298,0.0
275,275,0.0,0.0,0.0,0.0,0.0,0.0,0.0,0.0,69.2679020334616,74.45222620616836,91.08256178813285,88.66803383370653,69.95469082371729,0.0
276,276,0.0,0.0,0.0,0.0,0.0,0.0,0.0,0.0,68.83749891463603,73.99644009853635,91.27884567112149,88.99737579101473,69.89477262555346,0.0
277,277,0.0,0.0,0.0,0.0,0.0,0.0,0.0,0.0,68.4098640182928,73.54250660775243,91.46399769178129,89.3189279495673,69.82957615827826,0.0
278,278,0.0,0.0,0.0,0.0,0.0,0.0,0.0,0.0,67.98505132330584,73.09052053324518,91.63781030202678,89.63239412504473,69.75913676239126,0.0
279,279,0.0,0.0,0.0,0.0,0.0,0.0,0.0,0.0,67.5630854955568,72.64057829824752,91.80008278698374,89.93745973893404,69.68350307205266,0.0
280,280,0.0,0.0,0.0,0.0,0.0,0.0,0.0,0.0,0.0,72.19277768685316,91.95062168024297,90.23382866236551,69.60273684288788,0.0
281,281,0.0,0.0,0.0,0.0,0.0,0.0,0.0,0.0,0.0,71.74720004513551,92.08925080894652,90.52118704958637,69.51687980436687,0.0
282,282,0.0,0.0,0.0,0.0,0.0,0.0,0.0,0.0,0.0,71.3039226799709,92.21580216273301,90.79925008073911,69.42599768511633,0.0
283,283,0.0,0.0,0.0,0.0,0.0,0.0,0.0,0.0,0.0,70.86301896592335,92.33011625830525,91.06771619449954,69.33014708784626,0.0
284,284,0.0,0.0,0.0,0.0,0.0,0.0,0.0,0.0,0.0,70.42456408795388,92.43206190931448,91.32631442176381,69.22939190475546,0.0
285,285,0.0,0.0,0.0,0.0,0.0,0.0,0.0,0.0,0.0,69.98861810098133,92.5215075706775,91.5747485128469,69.12380316651429,0.0
286,286,0.0,0.0,0.0,0.0,0.0,0.0,0.0,0.0,0.0,69.55524322441035,92.59835076023772,91.81274456880665,69.01344805459716,0.0
287,287,0.0,0.0,0.0,0.0,0.0,0.0,0.0,0.0,0.0,69.1244927401216,92.66248920297728,92.04004243882683,68.89839530156789,0.0
288,288,0.0,0.0,0.0,0.0,0.0,0.0,0.0,0.0,0.0,68.69641679489997,92.71384052229078,92.25638678909509,68.77872048914175,0.0
289,289,0.0,0.0,0.0,0.0,0.0,0.0,0.0,0.0,0.0,68.27107308860585,92.7523424972999,92.46152759892543,68.6545005170542,0.0
290,290,0.0,0.0,0.0,0.0,0.0,0.0,0.0,0.0,0.0,67.8484949276311,92.77796304084413,92.65522065840801,68.52580818209051,0.0
291,291,0.0,0.0,0.0,0.0,0.0,0.0,0.0,0.0,0.0,67.42872362483332,92.79064164201476,92.83723786008056,68.39273345859566,0.0
292,292,0.0,0.0,0.0,0.0,0.0,0.0,0.0,0.0,0.0,0.0,92.79038725330015,93.00736787457872,68.25535133588907,67.27792226815895
293,293,0.0,0.0,0.0,0.0,0.0,0.0,0.0,0.0,0.0,0.0,92.77719030604875,93.16540692214738,68.11374841180798,67.6436042972137
294,294,0.0,0.0,0.0,0.0,0.0,0.0,0.0,0.0,0.0,0.0,92.75106184155968,93.31115920877227,67.96800684128884,68.01027666194125
295,295,0.0,0.0,0.0,0.0,0.0,0.0,0.0,0.0,0.0,0.0,92.7120432417398,93.44444727609435,67.81822004299676,68.37785353215126
296,296,0.0,0.0,0.0,0.0,0.0,0.0,0.0,0.0,0.0,0.0,92.660176804041,93.56510259838795,67.66446636687719,68.74625655149872
297,297,0.0,0.0,0.0,0.0,0.0,0.0,0.0,0.0,0.0,0.0,92.59553491703966,93.6729859030672,67.50684561606326,69.11538279083517
298,298,0.0,0.0,0.0,0.0,0.0,0.0,0.0,0.0,0.0,0.0,92.51819060071956,93.76795776264964,67.34544755488578,69.48514743129597
299,299,0.0,0.0,0.0,0.0,0.0,0.0,0.0,0.0,0.0,0.0,92.42823682635046,93.84989881807785,0.0,69.85544606155392
