,time,1197,1242,1264,1309,1331,1376,1398,1443,1175,1421,1354,1287,1220,1399,1332,1265,1153,1466,1198,1377,1444,1310,1243
0,0,87.17425062834803,70.27615654588857,94.98877027645942,82.07790667014503,85.71455844242621,89.86967569404155,72.0357827927962,74.61795606494748,0.0,0.0,0.0,0.0,0.0,0.0,0.0,0.0,0.0,0.0,0.0,0.0,0.0,0.0,0.0
1,1,87.15544629431879,70.7076972720649,94.69033623785181,82.55325200712285,85.25235083357424,90.22047012246608,71.63358768683749,74.71209524297902,0.0,0.0,0.0,0.0,0.0,0.0,0.0,0.0,0.0,0.0,0.0,0.0,0.0,0.0,0.0
2,2,87.12592656690286,71.14148205654179,94.38111674096857,83.02771899268507,84.78771564743803,90.56338763054379,71.23222027592773,74.7998085124902,0.0,0.0,0.0,0.0,0.0,0.0,0.0,0.0,0.0,0.0,0.0,0.0,0.0,0.0,0.0
3,3,87.08573907687533,71.57743739272026,94.06146168304815,83.50107877700525,84.32091813214986,90.89809486889551,70.8317791928751,74.88101151993308,0.0,0.0,0.0,0.0,0.0,0.0,0.0,0.0,0.0,0.0,0.0,0.0,0.0,0.0,0.0
4,4,87.03492197121439,72.01548594822381,93.73173296340543,83.97307937583955,83.85223254663423,91.22426698191562,70.4323707175818,74.95564840213297,0.0,0.0,0.0,0.0,0.0,0.0,0.0,0.0,0.0,0.0,0.0,0.0,0.0,0.0,0.0
5,5,86.9735211091654,72.45554049815983,93.39228367481655,84.44346907972835,83.3819254137307,91.54156939074612,70.03409705516171,75.02366016055234,0.0,0.0,0.0,0.0,0.0,0.0,0.0,0.0,0.0,0.0,0.0,0.0,0.0,0.0,0.0
6,6,86.9016242999852,72.89751553669718,93.04348736294986,84.91197233722326,82.91025548983662,91.84967714838483,69.63705640997235,75.08498468394298,0.0,0.0,0.0,0.0,0.0,0.0,0.0,0.0,0.0,0.0,0.0,0.0,0.0,0.0,0.0
7,7,86.81929235173337,73.34132142559194,92.68570740049032,85.37833030062389,82.43746602967487,92.14825649215882,69.24132671732457,75.1395696159147,0.0,0.0,0.0,0.0,0.0,0.0,0.0,0.0,0.0,0.0,0.0,0.0,0.0,0.0,0.0
8,8,86.72662761734557,73.78685192085622,92.31931614886196,85.8422519856386,81.96378523290149,92.43699420945256,68.84699896713855,75.18737890987185,0.0,0.0,0.0,0.0,0.0,0.0,0.0,0.0,0.0,0.0,0.0,0.0,0.0,0.0,0.0
9,9,86.62371377320002,74.23400210858308,91.94468440613973,86.30345530594134,81.48945688480808,92.71556949379617,68.45415504663868,75.2283736805328,0.0,0.0,0.0,0.0,0.0,0.0,0.0,0.0,0.0,0.0,0.0,0.0,0.0,0.0,0.0
10,10,86.51067546650636,74.68266233507225,91.56218086548111,86.76163384776409,81.01469431636808,92.98367386314514,68.06286812440314,75.26251222160568,0.0,0.0,0.0,0.0,0.0,0.0,0.0,0.0,0.0,0.0,0.0,0.0,0.0,0.0,0.0
11,11,86.38763525923113,75.13271810451764,91.17216215507784,87.21648201219524,80.53971124866113,93.2410120167533,67.67321343485546,75.28977580244783,0.0,0.0,0.0,0.0,0.0,0.0,0.0,0.0,0.0,0.0,0.0,0.0,0.0,0.0,0.0
12,12,86.25471350153852,75.58403699495047,90.77501021734632,87.66769559982885,80.06470684034642,93.48727287638879,67.28525776179413,75.31013655610512,0.0,0.0,0.0,0.0,0.0,0.0,0.0,0.0,0.0,0.0,0.0,0.0,0.0,0.0,0.0
13,13,86.11205350533302,76.03650063088695,90.3710842106517,88.11494594698785,79.58988058081077,93.72217955614667,0.0,75.3235703714736,0.0,0.0,0.0,0.0,0.0,0.0,0.0,0.0,0.0,0.0,0.0,0.0,0.0,0.0,0.0
14,14,85.95980421873136,76.48996586374513,89.96074848978394,88.55790595170515,79.11541770692952,93.94546060338394,0.0,75.33008272612722,0.0,0.0,0.0,0.0,0.0,0.0,0.0,0.0,0.0,0.0,0.0,0.0,0.0,0.0,0.0
15,15,85.79812831383083,76.94429713789074,89.54435355692559,88.99624172916461,78.64150376853661,94.15683039861828,0.0,75.32965713192945,0.0,0.0,0.0,0.0,0.0,0.0,0.0,0.0,0.0,0.0,0.0,0.0,0.0,0.0,0.0
16,16,85.6271850744032,77.39933315197263,89.12226318695542,89.42961284802728,78.16830346356646,94.35604998125746,0.0,75.32229382405123,0.0,0.0,0.0,0.0,0.0,0.0,0.0,0.0,0.0,0.0,0.0,0.0,0.0,0.0,0.0
17,17,85.44714686150688,77.85492001070504,88.69480852151499,89.85767259437992,77.69598901519981,94.54286750880726,0.0,75.30800331526369,0.0,0.0,0.0,0.0,0.0,0.0,0.0,0.0,0.0,0.0,0.0,0.0,0.0,0.0,0.0
18,18,85.25819038134536,78.31089800263605,88.26235986469781,90.2800590021222,77.2247055522896,94.7170591558622,0.0,75.28679349012207,0.0,0.0,0.0,0.0,0.0,0.0,0.0,0.0,0.0,0.0,0.0,0.0,0.0,0.0,0.0
19,19,85.06052104402123,78.76710152372273,87.8252277966846,90.69642278879545,76.75461262513946,94.87838908570762,0.0,75.2586824787439,0.0,0.0,0.0,0.0,0.0,0.0,0.0,0.0,0.0,0.0,0.0,0.0,0.0,0.0,0.0
20,20,84.85430660194469,79.2233376107934,87.38375230201572,91.10640026603069,76.28584340198105,95.02667117899374,0.0,75.2236986107807,0.0,0.0,0.0,0.0,0.0,0.0,0.0,0.0,0.0,0.0,0.0,0.0,0.0,0.0,0.0
21,21,84.63976737914113,79.67943514524067,86.93826642132952,91.5096132928528,75.81853866659314,95.16170839922111,0.0,75.1818610774193,0.0,0.0,0.0,0.0,0.0,0.0,0.0,0.0,0.0,0.0,0.0,0.0,0.0,0.0,0.0
22,22,84.41710183043136,80.13518806226104,86.48907903381871,91.90570766820493,75.35282676710513,95.2833238807945,0.0,75.13321203873117,0.0,0.0,0.0,0.0,0.0,0.0,0.0,0.0,0.0,0.0,0.0,0.0,0.0,0.0,0.0
23,23,84.18651100580782,80.5904053092959,86.03650078992261,92.29429672637373,74.88882413653185,95.39136148838274,0.0,75.07779723449228,0.0,0.0,0.0,0.0,0.0,0.0,0.0,0.0,0.0,0.0,0.0,0.0,0.0,0.0,0.0
24,24,83.94821425454033,81.04487473133163,85.58083518337055,92.67500938334469,74.42664209910872,95.48568631584864,0.0,75.01564672949681,0.0,0.0,0.0,0.0,0.0,0.0,0.0,0.0,0.0,0.0,0.0,0.0,0.0,0.0,0.0
25,25,83.70242456437882,81.49837730247965,85.1223784121136,93.04747176273571,73.96639941822065,95.56616436511487,0.0,74.94681969558135,0.0,0.0,0.0,0.0,0.0,0.0,0.0,0.0,0.0,0.0,0.0,0.0,0.0,0.0,0.0
26,26,83.44937221416598,81.95069473701463,84.6614192621084,93.41129779925106,73.5081909425379,95.63270434182259,0.0,74.87137225867616,0.0,0.0,0.0,0.0,0.0,0.0,0.0,0.0,0.0,0.0,0.0,0.0,0.0,0.0,0.0
27,27,83.18926465227644,82.40158675491875,84.19823901296701,93.76612937253837,73.05211920047113,95.68520611028329,0.0,74.7893574744314,0.0,0.0,0.0,0.0,0.0,0.0,0.0,0.0,0.0,0.0,0.0,0.0,0.0,0.0,0.0
28,28,82.92234162515916,82.85082144706492,83.73310339715667,94.11156755221374,72.59826381252093,95.72360244900135,0.0,74.70085702255966,0.0,0.0,0.0,0.0,0.0,0.0,0.0,0.0,0.0,0.0,0.0,0.0,0.0,0.0,0.0
29,29,82.64882729297196,83.29815248484068,83.26627086801776,94.44726295588379,72.14671822205563,95.74784891032962,0.0,74.60592387991498,0.0,0.0,0.0,0.0,0.0,0.0,0.0,0.0,0.0,0.0,0.0,0.0,0.0,0.0,0.0
30,30,82.36894585907908,83.74331873439864,82.79800035302057,94.77282630445642,71.69755948840206,95.75790312825835,0.0,74.50463939542873,0.0,0.0,0.0,0.0,0.0,0.0,0.0,0.0,0.0,0.0,0.0,0.0,0.0,0.0,0.0
31,31,82.08292894276721,84.18606804759881,82.32854309071269,95.08790985320373,71.25086644697109,95.7537561587075,0.0,74.39708769218544,0.0,0.0,0.0,0.0,0.0,0.0,0.0,0.0,0.0,0.0,0.0,0.0,0.0,0.0,0.0
32,32,81.7910074319213,84.62611748547724,81.85812740045469,95.39213702126563,70.8067023693371,95.73541169109969,0.0,74.28334927752267,0.0,0.0,0.0,0.0,0.0,0.0,0.0,0.0,0.0,0.0,0.0,0.0,0.0,0.0,0.0
33,33,81.49341121140048,85.06320147538257,81.38698967929734,95.68515408952369,70.36513266945963,95.702896448161,0.0,74.16351352342171,0.0,0.0,0.0,0.0,0.0,0.0,0.0,0.0,0.0,0.0,0.0,0.0,0.0,0.0,0.0
34,34,81.190368903203,85.49703164993241,80.9153437927449,95.96662106434617,69.92621909807414,95.65626009893684,0.0,74.03767221856661,67.18755344464478,0.0,0.0,0.0,0.0,0.0,0.0,0.0,0.0,0.0,0.0,0.0,0.0,0.0,0.0
35,35,80.88211505260278,85.92731291426973,80.44341139665576,96.23620213451896,69.49001985124555,95.59555432874593,0.0,73.90591323731331,67.47967404863628,0.0,0.0,0.0,0.0,0.0,0.0,0.0,0.0,0.0,0.0,0.0,0.0,0.0,0.0
36,36,80.56887485200046,86.35376054435841,79.97139205202502,96.4935557655996,69.0565842588812,95.52086387332542,0.0,73.76834526536318,67.77059837279712,0.0,0.0,0.0,0.0,0.0,0.0,0.0,0.0,0.0,0.0,0.0,0.0,0.0,0.0
37,37,80.250871519905,86.7760584065983,79.49947851052308,96.73837765343475,68.62595322813755,95.43228547960905,0.0,73.62506652401252,68.06020977394111,67.09523238052512,0.0,0.0,0.0,0.0,0.0,0.0,0.0,0.0,0.0,0.0,0.0,0.0,0.0
38,38,79.92834060953716,87.19390110368653,79.0278567806889,96.97033809589925,68.19817552830918,95.32992767166726,0.0,73.47618327965954,68.34839975425643,67.4467806578575,0.0,0.0,0.0,0.0,0.0,0.0,0.0,0.0,0.0,0.0,0.0,0.0,0.0
39,39,79.60149321546524,87.60696885562302,78.55672022836438,97.1891570475171,67.77329678196213,95.21395170034265,0.0,73.32180347973615,68.63504166731987,67.79887187299855,0.0,0.0,0.0,0.0,0.0,0.0,0.0,0.0,0.0,0.0,0.0,0.0,0.0
40,40,79.27055951773234,88.01495374064054,78.08622724884563,97.3945518594446,67.35133894844508,95.08447823689174,0.0,73.16204270085994,68.92002246479458,68.15141758046359,0.0,0.0,0.0,0.0,0.0,0.0,0.0,0.0,0.0,0.0,0.0,0.0,0.0
41,41,78.93575230750282,88.4175163539751,77.61655095332529,97.5862376790444,0.0,94.9416901584415,0.0,72.99700571259635,69.20321074587456,68.5043210268175,0.0,0.0,0.0,0.0,0.0,0.0,0.0,0.0,0.0,0.0,0.0,0.0,0.0
42,42,78.59728848286244,88.81433867127694,77.14783743653166,97.76398219362379,0.0,94.78575994752316,0.0,72.8268167539085,69.4844835621031,68.8574876140638,0.0,0.0,0.0,0.0,0.0,0.0,0.0,0.0,0.0,0.0,0.0,0.0,0.0
43,43,78.25538163593409,89.20507130830387,76.68025388483514,97.92753073394348,0.0,94.61690047076208,0.0,72.65159498320924,69.7637103131693,69.21080880930904,67.3148989442729,0.0,0.0,0.0,0.0,0.0,0.0,0.0,0.0,0.0,0.0,0.0,0.0
44,44,77.91024880992094,89.5893874040579,76.21392764492208,98.07667188404841,0.0,94.43531331276074,0.0,72.47145448232652,70.04076929915693,69.56417805299193,67.73441244515148,0.0,0.0,0.0,0.0,0.0,0.0,0.0,0.0,0.0,0.0,0.0,0.0
45,45,77.56208271819844,89.96693817257315,75.74900052206556,98.21119469230992,0.0,94.24122905983987,0.0,72.28652208759861,70.31552012150522,69.91749100447917,68.15676986479401,0.0,0.0,0.0,0.0,0.0,0.0,0.0,0.0,0.0,0.0,0.0,0.0
46,46,77.2110864240361,90.33739889268934,75.28560836032993,98.33092199095088,0.0,94.03488630167098,0.0,72.09691923309852,70.58783139583106,70.27062896125716,68.58193674921776,0.0,0.0,0.0,0.0,0.0,0.0,0.0,0.0,0.0,0.0,0.0,0.0
47,47,76.8574726206171,90.70040501853586,74.82385571579859,98.43568911190539,0.0,93.81653111244017,0.0,71.9027678480237,70.85756984301827,70.62346960747074,69.00986527392212,0.0,0.0,0.0,0.0,0.0,0.0,0.0,0.0,0.0,0.0,0.0,0.0
48,48,76.50141636287056,91.05561708133014,74.36387409756692,98.5253443012941,0.0,93.58643643268923,0.0,71.70420191512146,71.12458886148526,70.97589843994169,69.44051540013085,0.0,0.0,0.0,0.0,0.0,0.0,0.0,0.0,0.0,0.0,0.0,0.0
49,49,76.14312242005686,91.40269378279915,73.90577047857514,98.59976015608342,0.0,93.34486142371917,0.0,71.50133796878674,71.38875133935032,71.3277804115921,69.87383881391699,0.0,0.0,0.0,0.0,0.0,0.0,0.0,0.0,0.0,0.0,0.0,0.0
50,50,75.78277144140037,91.74128291010022,73.4496347090923,98.65884511301259,0.0,93.09211051768416,0.0,71.29431589863245,71.64992433198047,71.67899409609448,70.3097728746654,0.0,0.0,0.0,0.0,0.0,0.0,0.0,0.0,0.0,0.0,0.0,0.0
51,51,75.42054021847446,92.07105039257841,72.99558277184799,98.70249956228805,0.0,92.82845343999041,0.0,71.08325222034192,71.90795585537904,72.02939716141968,70.74826825524399,0.0,0.0,0.0,0.0,0.0,0.0,0.0,0.0,0.0,0.0,0.0,0.0
52,52,75.05661443664509,92.3916427139583,72.54369521096201,98.73068244442808,0.0,92.55420363313114,0.0,70.86828058974973,72.1627039365165,72.3788552741197,71.18926109996306,0.0,0.0,0.0,0.0,0.0,0.0,0.0,0.0,0.0,0.0,0.0,0.0
53,53,74.69116265197424,92.70272584991281,72.0940604652885,98.74333398339361,0.0,92.26966817101176,0.0,70.6495284826384,72.41401925538145,72.7272186326473,71.63268387723298,0.0,0.0,0.0,0.0,0.0,0.0,0.0,0.0,0.0,0.0,0.0,0.0
54,54,74.32435571129886,93.00397665980657,71.64675673858102,98.74044223375566,0.0,91.97514747901347,0.0,70.42712852990972,72.66176904324598,73.07435174123309,72.0784593687991,0.0,0.0,0.0,0.0,0.0,0.0,0.0,0.0,0.0,0.0,0.0,0.0
55,55,73.95635398536504,93.29504419905727,71.20186400007054,98.72202100131503,0.0,91.67097329259947,0.0,70.20120142974321,72.90578948188175,73.4200914080138,72.52651214893253,0.0,0.0,0.0,0.0,0.0,0.0,0.0,0.0,0.0,0.0,0.0,0.0
56,56,73.58731381468857,93.57561904259595,70.75945235721848,98.68807659630207,0.0,91.3574692153878,0.0,69.97188402478277,73.14594561166717,73.76429508031549,72.9767688407773,0.0,0.0,0.0,0.0,0.0,0.0,0.0,0.0,0.0,0.0,0.0,0.0
57,57,73.21739968238624,93.84536502007863,70.31958252542393,98.63868526289843,0.0,91.03495990737606,0.0,69.73929549363692,73.38208349747015,74.10679209802645,73.42913387666442,0.0,0.0,0.0,0.0,0.0,0.0,0.0,0.0,0.0,0.0,0.0,0.0
58,58,72.84674741342309,94.10398939961334,69.88232293288486,98.5738823570001,0.0,90.703770555742,0.0,69.50357074594707,73.61405439526514,74.44742666547776,73.8835192735235,0.0,0.0,0.0,0.0,0.0,0.0,0.0,0.0,0.0,0.0,0.0,0.0
59,59,72.4755131595766,94.35118389828428,69.44772720869618,98.49379483496301,0.0,90.36423564281729,0.0,69.26483251291238,73.84170888510431,74.78602697871929,74.3398201584587,0.0,0.0,0.0,0.0,0.0,0.0,0.0,0.0,0.0,0.0,0.0,0.0
60,60,72.10383082737016,94.5866552417452,69.01584580291505,98.39850836806633,0.0,90.01669809749708,0.0,69.02320787711673,74.0649032430412,75.1224303540375,74.79793295912268,0.0,0.0,0.0,0.0,0.0,0.0,0.0,0.0,0.0,0.0,0.0,0.0
61,61,71.73184224570227,94.81010559367772,68.58672608355532,98.2881554060831,0.0,89.6614810405704,0.0,68.77881724975863,74.28348722817836,75.45645150945487,75.25775567518308,0.0,0.0,0.0,0.0,0.0,0.0,0.0,0.0,0.0,0.0,0.0,0.0
62,62,71.3596734321854,95.02128422777335,68.16041771182535,98.1629145193994,0.0,89.29891523127962,0.0,68.5317904958244,74.49731665744763,75.78792093838537,75.71916210207752,0.0,0.0,0.0,0.0,0.0,0.0,0.0,0.0,0.0,0.0,0.0,0.0
63,63,70.98745240311483,95.21991689032528,67.736956767888,98.02293313354477,0.0,88.92934725050671,0.0,68.28224528161927,74.70623471068993,76.11665950622259,76.18202691112786,0.0,0.0,0.0,0.0,0.0,0.0,0.0,0.0,0.0,0.0,0.0,0.0
64,64,70.61530323495123,95.40574709042285,67.31638194641953,97.86841480415472,0.0,88.55310267933513,0.0,68.0303031708615,74.91010999613276,76.44247825124627,76.6462326068577,0.0,0.0,0.0,0.0,0.0,0.0,0.0,0.0,0.0,0.0,0.0,0.0
65,65,70.24334049230045,95.57855764570897,0.0,97.69956384916297,0.0,88.17051295500369,0.0,67.7760841458569,75.10879252544609,76.76519159152474,77.11162968682075,0.0,0.0,0.0,0.0,0.0,0.0,0.0,0.0,0.0,0.0,0.0,0.0
66,66,69.87167511068508,95.73810927243171,0.0,97.51660663485262,0.0,87.78189709846914,0.0,67.51970654707904,75.30213269331085,77.08460420734777,77.57808278110375,67.09835307092388,0.0,0.0,0.0,0.0,0.0,0.0,0.0,0.0,0.0,0.0,0.0
67,67,69.50042541368352,95.88421371022221,0.0,97.31979084207498,0.0,87.3875877848041,0.0,67.26128701721109,75.49000087757126,77.40052449409961,78.04543716663845,67.51882585989445,0.0,0.0,0.0,0.0,0.0,0.0,0.0,0.0,0.0,0.0,0.0
68,68,69.12968941837343,96.01667198577206,0.0,97.10938467300511,0.0,86.98791302948456,0.0,67.00093534828494,75.6722555500225,77.71276496630843,78.51353185182462,67.94225680242894,0.0,0.0,0.0,0.0,0.0,0.0,0.0,0.0,0.0,0.0,0.0
69,69,68.75956724916178,96.13530607351183,0.0,96.8856440027291,0.0,86.58317031755755,0.0,0.0,75.84875620106678,78.0211219135886,78.98220656539593,68.36861529391939,0.0,0.0,0.0,0.0,0.0,0.0,0.0,0.0,0.0,0.0,0.0
70,70,68.39015557905518,96.23996999062754,0.0,96.64886533682953,0.0,86.17368659061056,0.0,0.0,76.01937664802234,78.32538894341008,79.45128056504306,68.79786288820465,0.0,0.0,0.0,0.0,0.0,0.0,0.0,0.0,0.0,0.0,0.0
71,71,68.02154768036088,96.33051876721018,0.0,96.39935272216437,0.0,85.75976623446994,0.0,0.0,76.18397251974852,78.625378217107,79.92058073926718,69.22995832041828,0.0,0.0,0.0,0.0,0.0,0.0,0.0,0.0,0.0,0.0,0.0
72,72,67.65383347762307,96.40682981039406,0.0,96.13741707601541,0.0,85.34169992326036,0.0,0.0,76.3424339876516,78.92087187115737,80.38991300258425,69.66486292725737,0.0,0.0,0.0,0.0,0.0,0.0,0.0,0.0,0.0,0.0,0.0
73,73,67.2870944576232,96.468803304495,0.0,95.86337551721287,0.0,84.91979759366244,0.0,0.0,76.4946267740234,79.21166391751186,80.85908365892132,70.10251856043841,0.0,0.0,0.0,0.0,0.0,0.0,0.0,0.0,0.0,0.0,0.0
74,74,0.0,96.51635195389677,0.0,95.57757146297004,0.0,84.49433835124086,0.0,0.0,76.64042515927491,79.49756096062684,81.3278847347283,70.5428860265044,0.0,0.0,0.0,0.0,0.0,0.0,0.0,0.0,0.0,0.0,0.0
75,75,0.0,96.54941179465168,0.0,95.28035269321826,0.0,84.06561168145171,0.0,0.0,76.7797189862285,79.77834674244158,81.79610869884884,70.98589486069382,0.0,0.0,0.0,0.0,0.0,0.0,0.0,0.0,0.0,0.0,0.0
76,76,0.0,96.56794240600126,0.0,94.97205015732983,0.0,83.63389263499033,0.0,0.0,76.91240062131236,80.05381799855449,82.26352578293142,71.43148782779038,0.0,0.0,0.0,0.0,0.0,0.0,0.0,0.0,0.0,0.0,0.0
77,77,0.0,96.57191644773376,0.0,94.65302888616833,0.0,83.1994499759998,0.0,0.0,77.03835161739393,80.32376318290943,82.7299141874564,71.87960427664042,0.0,0.0,0.0,0.0,0.0,0.0,0.0,0.0,0.0,0.0,0.0
78,78,0.0,96.56133032544788,0.0,94.32365597633077,0.0,82.76254607310999,0.0,0.0,77.15746971547394,80.5879772078885,83.19502947514808,72.33016814873646,0.0,0.0,0.0,0.0,0.0,0.0,0.0,0.0,0.0,0.0,0.0
79,79,0.0,96.5361936129899,0.0,93.98429992269791,0.0,82.32344451020965,0.0,0.0,77.26966242904032,80.8462544940871,83.65862754789242,72.78310518862486,0.0,0.0,0.0,0.0,0.0,0.0,0.0,0.0,0.0,0.0,0.0
80,80,0.0,96.496550193503,0.0,93.63532000881449,0.0,81.88238674502811,0.0,0.0,77.37482687382487,81.09838921089148,84.12045705320877,73.2383371069109,0.0,0.0,0.0,0.0,0.0,0.0,0.0,0.0,0.0,0.0,0.0
81,81,0.0,96.44243581153133,0.0,93.27710561141289,0.0,81.43962302338863,0.0,0.0,77.47287700987093,81.34416800676561,84.58025128023745,73.69576912589449,0.0,0.0,0.0,0.0,0.0,0.0,0.0,0.0,0.0,0.0,0.0
82,82,0.0,96.37394140617684,0.0,92.91002540350138,0.0,80.9953742437287,0.0,0.0,77.56373028305738,81.58340029970775,85.03774419602901,74.15531409199556,0.0,0.0,0.0,0.0,0.0,0.0,0.0,0.0,0.0,0.0,0.0
83,83,0.0,96.29114942088532,0.0,92.53445672967878,0.0,80.54987739942524,0.0,0.0,77.64730775166308,81.81587356249277,85.49265433512849,74.61687414821235,0.0,0.0,0.0,0.0,0.0,0.0,0.0,0.0,0.0,0.0,0.0
84,84,0.0,96.19417581431375,0.0,92.15077500372531,0.0,80.10334788301415,0.0,0.0,77.72354107393267,82.0413988356834,85.94469283220285,75.0803402299745,0.0,0.0,0.0,0.0,0.0,0.0,0.0,0.0,0.0,0.0,0.0
85,85,0.0,96.08314860984062,0.0,91.75935317163598,0.0,79.6560019349167,0.0,0.0,77.79235893394412,82.25978087490007,86.39357200408446,75.54561100603404,0.0,0.0,0.0,0.0,0.0,0.0,0.0,0.0,0.0,0.0,0.0
86,86,0.0,95.95821804716739,0.0,91.36057068795755,0.0,79.2080419925035,0.0,0.0,77.85370775186713,82.47081821641673,86.83898020248877,76.0125672959557,0.0,0.0,0.0,0.0,0.0,0.0,0.0,0.0,0.0,0.0,0.0
87,87,0.0,95.81953522952207,0.0,90.95480321463215,0.0,78.75966416879199,0.0,0.0,77.90752429984376,82.67433433538383,87.28061570920161,76.48107779915965,0.0,0.0,0.0,0.0,0.0,0.0,0.0,0.0,0.0,0.0,0.0
88,88,0.0,95.66730390512848,0.0,90.54241284418207,0.0,78.31106525563179,0.0,0.0,77.95377022523856,82.87013167404729,87.71816154694966,76.95102548171998,0.0,0.0,0.0,0.0,0.0,0.0,0.0,0.0,0.0,0.0,0.0
89,89,0.0,95.50169645740799,0.0,90.12376655896193,0.0,77.86242170181417,0.0,0.0,77.99239769103507,83.0580462482303,88.15128523572155,77.42226101155704,0.0,0.0,0.0,0.0,0.0,0.0,0.0,0.0,0.0,0.0,0.0
90,90,0.0,95.32293677836203,0.0,89.69922626262873,0.0,77.41390408258937,0.0,0.0,78.02337704504369,83.2378935213299,88.57967424623479,77.89464236224,0.0,0.0,0.0,0.0,0.0,0.0,0.0,0.0,0.0,0.0,0.0
91,91,0.0,95.1312578935972,0.0,89.26915746551877,0.0,76.96569735076197,0.0,0.0,78.04668309135462,83.40950769812886,89.00297451986435,78.36802157257902,0.0,0.0,0.0,0.0,0.0,0.0,0.0,0.0,0.0,0.0,0.0
92,92,0.0,94.92690143168106,0.0,88.83390160110993,0.0,76.51795315518737,0.0,0.0,78.06228820614547,83.57272645858387,89.42086172445694,78.8422446422887,0.0,0.0,0.0,0.0,0.0,0.0,0.0,0.0,0.0,0.0,0.0
93,93,0.0,94.71010689219439,0.0,88.39380323278236,0.0,76.07082435791254,0.0,0.0,78.07018314289088,83.72739122574998,89.83297905452218,79.3171299853633,67.03744467887236,0.0,0.0,0.0,0.0,0.0,0.0,0.0,0.0,0.0,0.0
94,94,0.0,94.48116206675824,0.0,87.949209331611,0.0,75.62446472058565,0.0,0.0,78.07035629536287,83.87334743295136,90.23897331018293,79.79251769240402,67.43220094489371,0.0,0.0,0.0,0.0,0.0,0.0,0.0,0.0,0.0,0.0
95,95,0.0,94.24033083496505,0.0,87.50045117420136,0.0,75.17900933714752,0.0,0.0,78.06281448558424,84.01046082983623,90.6385050084984,80.26821990536924,67.82897786509217,0.0,0.0,0.0,0.0,0.0,0.0,0.0,0.0,0.0,0.0
96,96,0.0,93.98790354320512,0.0,87.04785317242934,0.0,74.7346008717961,0.0,0.0,78.04756218439518,84.13859385669707,91.03119307964319,80.7440490718288,68.22772211748146,0.0,0.0,0.0,0.0,0.0,0.0,0.0,0.0,0.0,0.0
97,97,0.0,93.72417592752053,0.0,86.59172415340353,0.0,74.29136380624372,0.0,0.0,78.0246084295127,84.25761382437649,91.41669912998312,81.21980330778725,68.62836159067129,0.0,0.0,0.0,0.0,0.0,0.0,0.0,0.0,0.0,0.0
98,98,0.0,93.44946836809831,0.0,86.13239135818057,0.0,73.84942387798598,0.0,0.0,77.99397372471654,84.36740932996172,91.79464369909049,81.69527347353542,69.03084227433092,0.0,0.0,0.0,0.0,0.0,0.0,0.0,0.0,0.0,0.0
99,99,0.0,93.16407538201771,0.0,85.67014889861288,0.0,73.40888943278203,0.0,0.0,77.95569689159632,84.46785825218339,92.16467271539224,82.17024311093553,69.4350801332112,0.0,0.0,0.0,0.0,0.0,0.0,0.0,0.0,0.0,0.0
100,100,0.0,92.86833454677772,0.0,85.20529198449613,0.0,72.96988251019712,0.0,0.0,77.90979356206587,84.5588683947873,92.52642023586456,82.64450391509554,69.84100378030305,0.0,0.0,0.0,0.0,0.0,0.0,0.0,0.0,0.0,0.0
101,101,0.0,92.56257598283048,0.0,84.73810005046731,0.0,72.53250197898338,0.0,0.0,77.85631828795373,84.6403453787766,92.87950857452013,83.11780163237695,70.24853853104399,0.0,0.0,0.0,0.0,0.0,0.0,0.0,0.0,0.0,0.0
102,102,0.0,92.24712207323729,0.0,84.26886940384085,0.0,72.09684835181689,0.0,0.0,77.7953161031442,84.71220088651319,93.22357810737492,83.58991320517353,70.65759498086986,0.0,0.0,0.0,0.0,0.0,0.0,0.0,0.0,0.0,0.0
103,103,0.0,91.92230643094723,0.0,83.79784797603915,0.0,71.66301185306216,0.0,0.0,77.7268362766337,84.77435282970046,93.55826867446963,84.06057672624365,71.06808548715395,0.0,0.0,0.0,0.0,0.0,0.0,0.0,0.0,0.0,0.0
104,104,0.0,91.58848254016493,0.0,83.32531642788913,0.0,71.2310901691706,0.0,0.0,77.65093908663259,84.82675821530285,93.88323017202183,84.52954648649579,71.47992441647811,0.0,0.0,0.0,0.0,0.0,0.0,0.0,0.0,0.0,0.0
105,105,0.0,91.24598465823195,0.0,82.85151567903738,0.0,70.80115936898467,0.0,0.0,77.56769566385123,84.86933979369036,94.19809323791495,84.99654508361633,71.8930049086583,0.0,0.0,0.0,0.0,0.0,0.0,0.0,0.0,0.0,0.0
106,106,0.0,90.89515615581247,0.0,82.37669495900496,0.0,70.37329755597536,0.0,0.0,77.47716734671957,84.9020678766948,94.5024996448102,85.46129530771846,72.30722155228486,0.0,0.0,0.0,0.0,0.0,0.0,0.0,0.0,0.0,0.0
107,107,0.0,90.53634864642501,0.0,81.90108805595483,0.0,69.94758461849435,0.0,0.0,77.37944655933609,84.92490322421256,94.7961134886144,85.92352903556208,72.72247064016186,0.0,0.0,0.0,0.0,0.0,0.0,0.0,0.0,0.0,0.0
108,108,0.0,90.16990263904763,0.0,81.42492131854335,0.0,69.5240855133611,0.0,0.0,77.2746020599477,84.93782165373939,95.07860191237643,86.38294580765894,73.1386443569422,0.0,0.0,0.0,0.0,0.0,0.0,0.0,0.0,0.0,0.0
109,109,0.0,89.79617492784674,0.0,80.9484136916515,0.0,69.10286731354279,0.0,0.0,77.16272654494247,84.94080591064458,95.34961507468746,86.83924585246388,73.55561226396067,0.0,0.0,0.0,0.0,0.0,0.0,0.0,0.0,0.0,0.0
110,110,0.0,89.41549194523911,0.0,80.47176940595008,0.0,68.6839936089544,0.0,0.0,77.04392274035428,84.93386209809995,95.60883816791737,87.29212199510509,73.97326370880089,0.0,0.0,0.0,0.0,0.0,0.0,0.0,0.0,0.0,0.0
111,111,0.0,89.0282045398719,0.0,79.99520028798273,0.0,68.26751401132543,0.0,0.0,76.91827625443656,84.91698689055416,95.8559511622643,87.74125105065163,74.39145255735833,0.0,0.0,0.0,0.0,0.0,0.0,0.0,0.0,0.0,0.0
112,112,0.0,88.63465068933081,0.0,79.51889621988855,0.0,67.85348581862146,0.0,0.0,76.78590266671333,84.89020031386222,96.09065017226979,88.18632889432082,74.81005260081824,0.0,0.0,0.0,0.0,0.0,0.0,0.0,0.0,0.0,0.0
113,113,0.0,88.23516436005241,0.0,79.04304028275851,0.0,67.44195278787406,0.0,0.0,76.64690686181434,84.85353749094453,96.31264836799312,88.62701842998848,75.2289203222294,0.0,0.0,0.0,0.0,0.0,0.0,0.0,0.0,0.0,0.0
114,114,0.0,87.83008391964906,0.0,78.56780884023557,0.0,67.03297138575738,0.0,0.0,76.50139641128472,84.80703219910995,96.52166626229939,89.06297551911824,75.64791363484012,0.0,0.0,0.0,0.0,0.0,0.0,0.0,0.0,0.0,0.0
115,115,0.0,87.41973403141964,0.0,78.09337162984949,0.0,0.0,0.0,0.0,76.34949467045823,84.75074132821747,96.71742169817988,89.49385833142566,76.06687246213252,0.0,0.0,0.0,0.0,0.0,0.0,0.0,0.0,0.0,0.0
116,116,0.0,87.00444296097476,0.0,77.61989186137794,0.0,0.0,0.0,0.0,76.19131396509728,84.68470393120832,96.89966227164301,89.91932805738489,76.48563790934158,0.0,0.0,0.0,0.0,0.0,0.0,0.0,0.0,0.0,0.0
117,117,0.0,86.58451632708483,0.0,77.14752632155246,0.0,0.0,0.0,0.0,76.02698854420153,84.60900639797923,97.06816634042204,90.33902181728439,76.90404586067906,0.0,0.0,0.0,0.0,0.0,0.0,0.0,0.0,0.0,0.0
118,118,0.0,86.16027985642174,0.0,76.67641212247105,0.0,0.0,0.0,0.0,75.85664129204548,84.52372513729823,97.22270097037094,90.75258956842298,77.32192694325599,0.0,0.0,0.0,0.0,0.0,0.0,0.0,0.0,0.0,0.0
119,119,0.0,85.73203614267798,0.0,76.20670063003024,0.0,0.0,0.0,0.0,75.68039686800118,84.42893467858048,97.3630544383391,91.15965754217196,77.73909963104846,0.0,0.0,0.0,0.0,0.0,0.0,0.0,0.0,0.0,0.0
120,120,0.0,85.30009007883376,0.0,75.7385172446706,0.0,0.0,0.0,0.0,75.49840097818473,84.32474801992556,97.48903691466695,91.55986589809095,78.15538373804945,0.0,0.0,0.0,0.0,0.0,0.0,0.0,0.0,0.0,0.0
121,121,0.0,84.86472370167581,0.0,75.27198204900087,0.0,0.0,0.0,0.0,75.3107875086447,84.2112596387203,97.6004919064792,91.95284114948157,78.57058674371345,0.0,0.0,0.0,0.0,0.0,0.0,0.0,0.0,0.0,0.0
122,122,0.0,84.42623737204148,0.0,74.80722899657408,0.0,0.0,0.0,0.0,75.117685084641,84.0885938313563,97.69725353036797,92.33821557657555,78.98451759846856,0.0,0.0,0.0,0.0,0.0,0.0,0.0,0.0,0.0,0.0
123,123,0.0,83.9849163090309,0.0,74.34435460229572,0.0,0.0,0.0,0.0,74.91924259029535,83.95686410808759,97.77919014385762,92.71560856734366,79.39695844688,0.0,0.0,0.0,0.0,0.0,0.0,0.0,0.0,0.0,0.0
124,124,0.0,83.54101503092727,0.0,73.88348205462574,0.0,0.0,0.0,0.0,74.71559677894271,83.81621314158215,97.8462048903978,93.08463657113433,79.80771419551601,0.0,0.0,0.0,0.0,0.0,0.0,0.0,0.0,0.0,0.0
125,125,0.0,83.09481344836678,0.0,73.42469200636225,0.0,0.0,0.0,0.0,74.50689768772077,83.66676440465963,97.89818166364832,93.44494340740616,80.21657015458645,67.38955235264585,0.0,0.0,0.0,0.0,0.0,0.0,0.0,0.0,0.0
126,126,0.0,82.64656852386655,0.0,72.96809155107442,0.0,0.0,0.0,0.0,74.29328930667982,83.50867783272587,97.93506148652513,93.7961419728249,80.62329872242304,67.78455203924048,0.0,0.0,0.0,0.0,0.0,0.0,0.0,0.0,0.0
127,127,0.0,82.19652273214889,0.0,72.5137706122453,0.0,0.0,0.0,0.0,74.07491583448129,83.34209372386681,97.956799270489,94.13786404609674,81.02766652842857,68.18146248307279,0.0,0.0,0.0,0.0,0.0,0.0,0.0,0.0,0.0
128,128,0.0,81.74493480980787,0.0,72.0618028225298,0.0,0.0,0.0,0.0,73.85192152629094,83.16718011374435,97.96335302285408,94.46973120033562,81.42945710610813,68.58022109016366,0.0,0.0,0.0,0.0,0.0,0.0,0.0,0.0,0.0
129,129,0.0,81.29203340843917,0.0,71.61226968822703,0.0,0.0,0.0,0.0,73.6244628656197,82.98410071780303,97.95470574406394,94.79138570356321,81.8284264328506,68.98076220606748,0.0,0.0,0.0,0.0,0.0,0.0,0.0,0.0,0.0
130,130,0.0,80.83804061817584,0.0,71.16524270137762,0.0,0.0,0.0,0.0,73.39267742909121,82.7930304074339,97.93089817768404,95.10245073611999,82.22431728121558,69.38301156961718,0.0,0.0,0.0,0.0,0.0,0.0,0.0,0.0,0.0
131,131,0.0,80.38318665076419,0.0,70.72079518462105,0.0,0.0,0.0,0.0,73.15672081649551,82.59413149924305,97.89193064579196,95.40258209256675,82.61689774675554,69.78689145235879,0.0,0.0,0.0,0.0,0.0,0.0,0.0,0.0,0.0
132,132,0.0,79.92767998192181,0.0,70.27898520978756,0.0,0.0,0.0,0.0,72.91674175848169,82.38760014189393,97.8378828504756,95.69142820109032,83.00590021030676,70.19232617608239,0.0,0.0,0.0,0.0,0.0,0.0,0.0,0.0,0.0
133,133,0.0,79.47172256132666,0.0,69.83987304380896,0.0,0.0,0.0,0.0,72.67288818161285,82.17361922407,97.76881563634444,95.96864093791025,83.39107533549746,70.59923102996656,0.0,0.0,0.0,0.0,0.0,0.0,0.0,0.0,0.0
134,134,0.0,79.01551694151047,0.0,69.40350995632784,0.0,0.0,0.0,0.0,72.42530112053463,81.95237375050569,97.68482523962753,96.23388683857246,83.77214547604235,71.0075118685425,0.0,0.0,0.0,0.0,0.0,0.0,0.0,0.0,0.0
135,135,0.0,78.55925188738603,0.0,68.9699440739966,0.0,0.0,0.0,0.0,72.17413848068354,81.72405816041189,97.58603206765729,96.48682691666697,84.14885205187892,71.41707049773802,0.0,0.0,0.0,0.0,0.0,0.0,0.0,0.0,0.0
136,136,0.0,78.1031097729445,0.0,68.5392258167325,0.0,0.0,0.0,0.0,71.919533157234,81.48886829648724,97.47258029857623,96.72717024443615,84.52091623746689,71.82782218043148,0.0,0.0,0.0,0.0,0.0,0.0,0.0,0.0,0.0
137,137,0.0,77.6472597929077,0.0,68.11139711877954,0.0,0.0,0.0,0.0,71.66164627974264,81.24700863286398,97.34460510114491,96.95459021591566,84.88806303093021,72.23964912545696,0.0,0.0,0.0,0.0,0.0,0.0,0.0,0.0,0.0
138,138,0.0,77.19187874769861,0.0,67.6864918606609,0.0,0.0,0.0,0.0,71.40060812222485,80.99867686820457,97.20229697864333,97.16881004866832,85.25001358672091,72.65244671149433,0.0,0.0,0.0,0.0,0.0,0.0,0.0,0.0,0.0
139,139,0.0,76.73712355426824,0.0,67.26454656969157,0.0,0.0,0.0,0.0,71.13657081795174,80.74407870639178,97.04582581090335,97.36955052777063,85.60648546951509,73.06610622749065,0.0,0.0,0.0,0.0,0.0,0.0,0.0,0.0,0.0
140,140,0.0,76.28314535172555,0.0,0.0,0.0,0.0,0.0,0.0,70.86966746019219,80.48342000391625,96.87542623811473,97.55654122151876,85.95718453102785,73.48050253315682,66.96968929032144,0.0,0.0,0.0,0.0,0.0,0.0,0.0,0.0
141,141,0.0,75.83009612067877,0.0,0.0,0.0,0.0,0.0,0.0,70.60004664416718,80.21690651521715,96.69131123087159,97.72954281897758,86.30183025587218,73.89550570893165,67.3892065924104,0.0,0.0,0.0,0.0,0.0,0.0,0.0,0.0
142,142,0.0,75.37810901507622,0.0,0.0,0.0,0.0,0.0,0.0,70.32784363243312,79.94473638404871,96.49372505692034,97.88831543886725,86.64013115740582,74.31099353460579,67.81168756011544,0.0,0.0,0.0,0.0,0.0,0.0,0.0,0.0
143,143,0.0,74.9273247522247,0.0,0.0,0.0,0.0,0.0,0.0,70.05319744286724,79.66713621993924,96.28291070241447,98.03265177988862,86.97180196283497,74.72682674398402,68.23710750965651,0.0,0.0,0.0,0.0,0.0,0.0,0.0,0.0
144,144,0.0,74.47786572842611,0.0,0.0,0.0,0.0,0.0,0.0,69.77623396098113,79.38429540484006,96.0591514789507,98.16235607502281,87.2965383053738,75.14286109517646,68.66542886827278,0.0,0.0,0.0,0.0,0.0,0.0,0.0,0.0
145,145,0.0,74.0298555677518,0.0,0.0,0.0,0.0,0.0,0.0,69.49708826943642,79.09643113307435,95.82272795328642,98.27723359861858,87.61405134243147,75.55895380042219,69.09660584909051,0.0,0.0,0.0,0.0,0.0,0.0,0.0,0.0
146,146,0.0,73.58340654046108,0.0,0.0,0.0,0.0,0.0,0.0,69.21589870316149,78.80374482559388,95.57393833374006,98.37714600521153,87.92405998938716,75.97494415409929,69.5306059900459,0.0,0.0,0.0,0.0,0.0,0.0,0.0,0.0
147,147,0.0,73.13862612082866,0.0,0.0,0.0,0.0,0.0,0.0,68.93279037272116,78.506443460953,95.31307692166055,98.46194608022434,88.22626507942269,76.39067929543488,69.96736658415819,0.0,0.0,0.0,0.0,0.0,0.0,0.0,0.0
148,148,0.0,72.6956170903761,0.0,0.0,0.0,0.0,0.0,0.0,68.6478809140247,78.20473911832156,95.04047482221222,98.53151099303751,88.5203847860417,76.80598807412476,70.40685481138443,0.0,0.0,0.0,0.0,0.0,0.0,0.0,0.0
149,149,0.0,72.25447764282248,0.0,0.0,0.0,0.0,0.0,0.0,68.36130722045333,77.89882783509243,94.75644739558135,98.58574270913621,88.80611979118048,77.22070739959531,70.8490012947655,0.0,0.0,0.0,0.0,0.0,0.0,0.0,0.0
150,150,0.0,71.81530149042865,0.0,0.0,0.0,0.0,0.0,0.0,68.07317711828449,77.58891049916386,94.4613347751568,98.62457937457447,89.08320725866169,77.63464869659805,71.29374985518457,0.0,0.0,0.0,0.0,0.0,0.0,0.0,0.0
151,151,0.0,71.37817218183362,0.0,0.0,0.0,0.0,0.0,0.0,67.78361743912261,77.27519241522911,94.1554703686315,98.64795135669517,89.35134981459595,78.04763140516069,71.74103508128462,0.0,0.0,0.0,0.0,0.0,0.0,0.0,0.0
152,152,0.0,70.94316928128524,0.0,0.0,0.0,0.0,0.0,0.0,67.49274203760127,76.95786268426052,93.83921056484486,98.65583664745942,89.61028791276358,78.45946971027593,72.19078778279203,0.0,0.0,0.0,0.0,0.0,0.0,0.0,0.0
153,153,0.0,70.51037411923127,0.0,0.0,0.0,0.0,0.0,0.0,67.200662476349,76.63712798879357,93.51290361178712,98.6482167597267,89.85973711942358,78.86995840595569,72.64294087681846,0.0,0.0,0.0,0.0,0.0,0.0,0.0,0.0
154,154,0.0,70.07985280682553,0.0,0.0,0.0,0.0,0.0,0.0,0.0,76.31316529579026,93.17689920197162,98.62509887726533,90.09944316496409,79.2789078825937,73.09739929421139,0.0,0.0,0.0,0.0,0.0,0.0,0.0,0.0
155,155,0.0,69.65167907640607,0.0,0.0,0.0,0.0,0.0,0.0,0.0,75.9861753515699,92.83157725174858,98.58652687395903,90.32914606417948,79.68609474024687,73.5540936865178,0.0,0.0,0.0,0.0,0.0,0.0,0.0,0.0
156,156,0.0,69.22590647391237,0.0,0.0,0.0,0.0,0.0,0.0,0.0,75.65634241304014,92.47728789335687,98.5325480438546,90.5485896594128,80.09131866533642,74.01291996444688,0.0,0.0,0.0,0.0,0.0,0.0,0.0,0.0
157,157,0.0,68.80260173911086,0.0,0.0,0.0,0.0,0.0,0.0,0.0,75.3238411598228,92.11439058113608,98.46323505881948,90.75755017732271,80.49435240647014,74.47379398365149,0.0,0.0,0.0,0.0,0.0,0.0,0.0,0.0
158,158,0.0,68.3818173369354,0.0,0.0,0.0,0.0,0.0,0.0,0.0,74.98886244963391,91.74326273446006,98.37868572112751,90.95577151579448,80.89497047471467,74.9366083129053,0.0,0.0,0.0,0.0,0.0,0.0,0.0,0.0
159,159,0.0,67.96359746149786,0.0,0.0,0.0,0.0,0.0,0.0,0.0,74.65158071328906,91.36426996729783,98.27903360886084,91.14304040547053,81.29293456315993,75.40125032409685,0.0,0.0,0.0,0.0,0.0,0.0,0.0,0.0
160,160,0.0,67.54799400112407,0.0,0.0,0.0,0.0,0.0,0.0,0.0,74.31216072909687,90.97776596445271,98.1644037354679,91.31914026350138,81.68801601530686,75.86760860900792,0.0,0.0,0.0,0.0,0.0,0.0,0.0,0.0
161,161,0.0,67.1350455007771,0.0,0.0,0.0,0.0,0.0,0.0,0.0,73.97077649982053,90.58412037723757,98.03494522464541,91.48387045800776,82.07997368963753,76.33556001848709,0.0,0.0,0.0,0.0,0.0,0.0,0.0,0.0
162,162,0.0,0.0,0.0,0.0,0.0,0.0,0.0,0.0,0.0,73.6275983012105,90.18368982877602,97.8908525892798,91.63703735792095,82.46854598113438,76.80498254868607,0.0,0.0,0.0,0.0,0.0,0.0,0.0,0.0
163,163,0.0,0.0,0.0,0.0,0.0,0.0,0.0,0.0,0.0,73.28278042863431,89.7768453681575,97.73232138918499,91.77846430850245,82.8534970342685,77.27573527862118,0.0,0.0,0.0,0.0,0.0,0.0,0.0,0.0
164,164,0.0,0.0,0.0,0.0,0.0,0.0,0.0,0.0,0.0,72.93647986832977,89.36392585475072,97.55955872481232,91.9079633654858,83.23455535533022,77.74767803909047,0.0,0.0,0.0,0.0,0.0,0.0,0.0,0.0
165,165,0.0,0.0,0.0,0.0,0.0,0.0,0.0,0.0,0.0,72.58885597735821,88.94529278263529,97.37280428475746,92.02540277584171,83.61146020479298,78.22065780906604,67.1406542536313,0.0,0.0,0.0,0.0,0.0,0.0,0.0
166,166,0.0,0.0,0.0,0.0,0.0,0.0,0.0,0.0,0.0,72.24005238060525,88.52128413803204,97.17228646390049,92.13063076503495,83.98395448375064,78.69452226209908,67.5592004767837,0.0,0.0,0.0,0.0,0.0,0.0,0.0
167,167,0.0,0.0,0.0,0.0,0.0,0.0,0.0,0.0,0.0,71.8902151453567,88.09224138595523,96.95828634161843,92.22351416652737,84.35175294445129,79.1691129622689,67.98061872560133,0.0,0.0,0.0,0.0,0.0,0.0,0.0
168,168,0.0,0.0,0.0,0.0,0.0,0.0,0.0,0.0,0.0,71.53949248258135,87.65850001563906,96.73108297262532,92.30394851117927,84.71459028799207,79.64424364441199,68.40487070663242,0.0,0.0,0.0,0.0,0.0,0.0,0.0
169,169,0.0,0.0,0.0,0.0,0.0,0.0,0.0,0.0,0.0,71.18801142114569,87.22038927252645,96.49095298631825,92.37182936319911,85.07218955321245,80.11974259711788,68.8319099728677,0.0,0.0,0.0,0.0,0.0,0.0,0.0
170,170,0.0,0.0,0.0,0.0,0.0,0.0,0.0,0.0,0.0,70.83591287408103,86.77823191719148,96.23821232271253,92.42708159704334,85.42427031656098,80.59542434132015,69.26170329954884,0.0,0.0,0.0,0.0,0.0,0.0,0.0
171,171,0.0,0.0,0.0,0.0,0.0,0.0,0.0,0.0,0.0,70.48331691926393,86.33234401045328,95.97317288072968,92.46962083987846,85.77054060684411,81.07108911914511,69.69419848860211,67.11539920887722,0.0,0.0,0.0,0.0,0.0,0.0
172,172,0.0,0.0,0.0,0.0,0.0,0.0,0.0,0.0,0.0,70.13036278117893,85.88302634217847,95.6961629427266,92.4994118929437,86.11073057126642,81.54652994031814,70.12934560873148,67.19006710913361,0.0,0.0,0.0,0.0,0.0,0.0
173,173,0.0,0.0,0.0,0.0,0.0,0.0,0.0,0.0,0.0,69.77715792402489,85.43058958756441,95.40750551330702,92.51640089753525,86.44453433802839,82.0215325164113,70.56708592336591,67.26003777721166,0.0,0.0,0.0,0.0,0.0,0.0
174,174,0.0,0.0,0.0,0.0,0.0,0.0,0.0,0.0,0.0,69.42382876675747,84.97532866863841,95.10755908394992,92.52057373689968,86.7716860438688,82.49589067344583,71.0073628987013,67.32528133169406,0.0,0.0,0.0,0.0,0.0,0.0
175,175,0.0,0.0,0.0,0.0,0.0,0.0,0.0,0.0,0.0,69.07047621738677,84.51752307568486,94.7966649240598,92.5119366680102,87.09188421411103,82.96936026380484,71.45010505195275,67.38574402514347,0.0,0.0,0.0,0.0,0.0,0.0
176,176,0.0,0.0,0.0,0.0,0.0,0.0,0.0,0.0,0.0,68.71722510474497,84.05744524015641,94.47517750597555,92.49047742218109,87.4048429434296,83.44170482781378,71.89524862275664,67.4413894091115,0.0,0.0,0.0,0.0,0.0,0.0
177,177,0.0,0.0,0.0,0.0,0.0,0.0,0.0,0.0,0.0,68.36416971715879,83.59537633973466,94.14347358392972,92.45624298173065,87.71027541823848,83.91268046470842,72.34272034934958,67.49217780998313,0.0,0.0,0.0,0.0,0.0,0.0
178,178,0.0,0.0,0.0,0.0,0.0,0.0,0.0,0.0,0.0,68.0114120057918,83.13156609479077,93.80192082883377,92.4092714222018,88.00790310969924,84.38202774039983,72.79243699814577,67.5380870681064,0.0,0.0,0.0,0.0,0.0,0.0
179,179,0.0,0.0,0.0,0.0,0.0,0.0,0.0,0.0,0.0,67.65905586861965,82.66628064018647,93.45086762227966,92.34961128159642,88.2974387521806,84.84948761515666,73.24431707331689,67.57907635068688,0.0,0.0,0.0,0.0,0.0,0.0
180,180,0.0,0.0,0.0,0.0,0.0,0.0,0.0,0.0,0.0,67.30718632709579,82.1997551194568,93.09071213865862,92.27734080612018,88.57859538505518,85.314785381932,73.69826873554457,67.61511723424051,0.0,0.0,0.0,0.0,0.0,0.0
181,181,0.0,0.0,0.0,0.0,0.0,0.0,0.0,0.0,0.0,0.0,81.73223294503711,92.72181191064358,92.19255798623796,88.85110473223004,85.77764698852714,74.154189311432,67.64619380234797,0.0,0.0,0.0,0.0,0.0,0.0
182,182,0.0,0.0,0.0,0.0,0.0,0.0,0.0,0.0,0.0,0.0,81.26393491793081,92.34455263681475,92.09535134062575,89.11468208944765,86.23777420304782,74.6119900959366,67.67228190242473,0.0,0.0,0.0,0.0,0.0,0.0
183,183,0.0,0.0,0.0,0.0,0.0,0.0,0.0,0.0,0.0,0.0,80.79508978859322,91.95930800620725,91.98585759251269,89.3690625429073,86.69486942718237,75.07155257354667,67.69336475023418,0.0,0.0,0.0,0.0,0.0,0.0
184,184,0.0,0.0,0.0,0.0,0.0,0.0,0.0,0.0,0.0,0.0,80.32590409999844,91.56645862351057,91.86419382175715,89.61398369188431,87.1486362575365,75.53277212483644,67.70942776069612,0.0,0.0,0.0,0.0,0.0,0.0
185,185,0.0,0.0,0.0,0.0,0.0,0.0,0.0,0.0,0.0,0.0,79.85657758665437,91.16636276152443,91.73051492716077,89.8491860991057,87.59876262766026,75.99551971867841,67.72045856600698,0.0,0.0,0.0,0.0,0.0,0.0
186,186,0.0,0.0,0.0,0.0,0.0,0.0,0.0,0.0,0.0,0.0,79.38731755125488,90.75939416454224,91.58497477718572,90.07441374863096,88.04491170946301,76.45967382129376,67.72644703133818,0.0,0.0,0.0,0.0,0.0,0.0
187,187,0.0,0.0,0.0,0.0,0.0,0.0,0.0,0.0,0.0,0.0,78.9183026968895,90.3459314917068,91.42775451564798,90.2894330377654,88.48677459572856,76.92509418953294,67.72739569307637,67.06743523915104,0.0,0.0,0.0,0.0,0.0
188,188,0.0,0.0,0.0,0.0,0.0,0.0,0.0,0.0,0.0,0.0,78.44971943527612,89.92632989801128,91.25904294152785,90.49399644317461,88.92400938148299,77.39164817475314,67.72330412765844,67.08942662250251,0.0,0.0,0.0,0.0,0.0
189,189,0.0,0.0,0.0,0.0,0.0,0.0,0.0,0.0,0.0,0.0,77.98173348785532,89.50094881176302,91.07901725740379,90.68787993584246,89.35626729627633,77.85918388003456,67.71416895131452,67.10653475047083,0.0,0.0,0.0,0.0,0.0
190,190,0.0,0.0,0.0,0.0,0.0,0.0,0.0,0.0,0.0,0.0,77.51451128906368,89.07014212963067,90.88789938131161,90.87086506585246,89.78322045473976,78.32755014921399,67.6999994537841,67.1187470211289,0.0,0.0,0.0,0.0,0.0
191,191,0.0,0.0,0.0,0.0,0.0,0.0,0.0,0.0,0.0,0.0,77.0482196651747,88.63425788600647,90.68590801790181,91.04274881233182,90.2044987238626,78.79657571571914,67.6808071613062,67.1260580840255,0.0,0.0,0.0,0.0,0.0
192,192,0.0,0.0,0.0,0.0,0.0,0.0,0.0,0.0,0.0,0.0,76.58299220541787,88.19363795148628,90.47326771965214,91.20331582091482,90.6197536440211,79.26610396740362,67.65660582185093,67.12845449320115,0.0,0.0,0.0,0.0,0.0
193,193,0.0,0.0,0.0,0.0,0.0,0.0,0.0,0.0,0.0,0.0,76.11898365933018,87.74862650963783,90.25020844721439,91.35239539475965,91.02863181483782,79.73594354985146,67.6274061907972,67.1259454365227,0.0,0.0,0.0,0.0,0.0
194,194,0.0,0.0,0.0,0.0,0.0,0.0,0.0,0.0,0.0,0.0,75.6563294042193,87.29955204417357,90.01698354520228,91.48981494833372,91.43074676789712,80.20591775666965,67.59322642133193,67.11852177557473,0.0,0.0,0.0,0.0,0.0
195,195,0.0,0.0,0.0,0.0,0.0,0.0,0.0,0.0,0.0,0.0,75.1951527837331,86.84672756596058,89.77385048920118,91.61540021562935,91.8257356232724,80.67582875161855,67.55409720589346,67.10619700564523,0.0,0.0,0.0,0.0,0.0
196,196,0.0,0.0,0.0,0.0,0.0,0.0,0.0,0.0,0.0,0.0,74.73557830517883,86.39047631389114,89.52105219789442,91.72899460748172,92.21324144423541,81.14547909028542,67.51004096785464,67.08897652640573,0.0,0.0,0.0,0.0,0.0
197,197,0.0,0.0,0.0,0.0,0.0,0.0,0.0,0.0,0.0,0.0,74.27772508936117,85.93110551734333,89.25887141894422,91.83048843175858,92.59287512556594,81.61466452292147,67.46108223827898,67.06687298875593,67.01817190115399,0.0,0.0,0.0,0.0
198,198,0.0,0.0,0.0,0.0,0.0,0.0,0.0,0.0,0.0,0.0,73.82170079494227,85.46890670311268,88.98757521093341,91.91973318208359,92.96426379750777,82.08315097815134,67.40726311728106,0.0,67.3729340721388,0.0,0.0,0.0,0.0
199,199,0.0,0.0,0.0,0.0,0.0,0.0,0.0,0.0,0.0,0.0,73.36760823431347,85.00418066015791,88.70743290668754,91.99662790542078,93.32703234460412,82.55072742200083,67.34860702799551,0.0,67.72836523198235,0.0,0.0,0.0,0.0
200,200,0.0,0.0,0.0,0.0,0.0,0.0,0.0,0.0,0.0,0.0,72.91554548658159,84.53721207994492,88.41873343781481,92.06109090300421,93.68080395162663,83.01715275882508,67.28516515793702,0.0,68.08438471483899,0.0,0.0,0.0,0.0
201,201,0.0,0.0,0.0,0.0,0.0,0.0,0.0,0.0,0.0,0.0,72.46560601174669,84.06826993136876,88.12175783279757,92.11302142119716,94.02522076961566,83.48217826253095,67.21696482864677,0.0,68.44089312254576,0.0,0.0,0.0,0.0
202,202,0.0,0.0,0.0,0.0,0.0,0.0,0.0,0.0,0.0,0.0,72.017872871923,83.59762373754526,87.81678783553872,92.15237688730424,94.35988452494678,83.94557159922896,67.14406093994971,0.0,68.79779296680162,0.0,0.0,0.0,0.0
203,203,0.0,0.0,0.0,0.0,0.0,0.0,0.0,0.0,0.0,0.0,71.57243667384668,83.12552738660239,87.50412288601723,92.17909602265009,94.68444740165971,84.40705339868357,0.0,0.0,69.15498890376769,0.0,0.0,0.0,0.0
204,204,0.0,0.0,0.0,0.0,0.0,0.0,0.0,0.0,0.0,0.0,71.12936621148182,82.65223508549809,87.18404452726928,92.19313749904533,94.99854263599366,84.86636874070749,0.0,0.0,69.51237699468925,0.0,0.0,0.0,0.0
205,205,0.0,0.0,0.0,0.0,0.0,0.0,0.0,0.0,0.0,0.0,70.68873236868383,82.17798556356915,86.85684235502853,92.19450904171455,95.3018051136566,85.32323933556466,0.0,0.0,69.8698499370298,0.0,0.0,0.0,0.0
206,206,0.0,0.0,0.0,0.0,0.0,0.0,0.0,0.0,0.0,0.0,70.25060225921146,81.70301011529686,86.52282181991512,92.18319020670927,95.59388242604237,85.77738779391672,0.0,0.0,70.22729142674005,0.0,0.0,0.0,0.0
207,207,0.0,0.0,0.0,0.0,0.0,0.0,0.0,0.0,0.0,0.0,69.81503933363449,81.2275401236357,86.18226098769964,92.15919999111921,95.8744358661035,86.22850436071265,0.0,0.0,70.58458716558847,0.0,0.0,0.0,0.0
208,208,0.0,0.0,0.0,0.0,0.0,0.0,0.0,0.0,0.0,0.0,69.38210348561496,80.75177702085222,85.83546141876458,92.12256782026803,96.14312039707983,86.67630546581766,0.0,0.0,70.94161940046915,0.0,0.0,0.0,0.0
209,209,0.0,0.0,0.0,0.0,0.0,0.0,0.0,0.0,0.0,0.0,68.95184035204302,80.27594491172748,85.48269699074679,92.07333348051117,96.39960616379082,87.1204838671674,0.0,0.0,71.298261124534,0.0,0.0,0.0,0.0
210,210,0.0,0.0,0.0,0.0,0.0,0.0,0.0,0.0,0.0,0.0,68.5243034290418,79.80023100353233,85.12427224792987,92.0115662721148,96.64357946732476,87.56072535304882,0.0,0.0,71.65438160436604,0.0,0.0,0.0,0.0
211,211,0.0,0.0,0.0,0.0,0.0,0.0,0.0,0.0,0.0,0.0,68.09953768926351,79.324823161983,84.76046355882795,91.93734553481207,96.8747330440595,87.99670012374536,0.0,0.0,72.00985225705881,0.0,0.0,0.0,0.0
212,212,0.0,0.0,0.0,0.0,0.0,0.0,0.0,0.0,0.0,0.0,67.67758521453949,78.84991662069329,84.39155225218036,91.85075087988844,97.09276673231095,88.42809810856318,0.0,0.0,72.36454098020403,0.0,0.0,0.0,0.0
213,213,0.0,0.0,0.0,0.0,0.0,0.0,0.0,0.0,0.0,0.0,67.25848528846744,78.3756713366098,84.01782399946228,91.75189079272903,97.29740965548535,88.85456769021744,0.0,0.0,72.71829412137046,0.0,0.0,0.0,0.0
214,214,0.0,0.0,0.0,0.0,0.0,0.0,0.0,0.0,0.0,0.0,0.0,77.90226894784576,83.63955230789088,91.64089266560445,97.48838891131614,89.2757776452844,0.0,0.0,73.07097807580035,0.0,0.0,0.0,0.0
215,215,0.0,0.0,0.0,0.0,0.0,0.0,0.0,0.0,0.0,0.0,0.0,77.42985668877377,83.25699864953363,91.51787385675456,97.66544081740646,89.69138214623732,0.0,0.0,73.42243145390265,0.0,0.0,0.0,0.0
216,216,0.0,0.0,0.0,0.0,0.0,0.0,0.0,0.0,0.0,0.0,0.0,76.95858954494824,82.87044383243784,91.38299860848616,97.82835503733209,90.10103910047218,0.0,0.0,73.77251340102856,0.0,0.0,0.0,0.0
217,217,0.0,0.0,0.0,0.0,0.0,0.0,0.0,0.0,0.0,0.0,0.0,76.48861623401345,82.48014805936396,91.23642041784,97.97687767954235,90.50438298328363,0.0,0.0,74.12106108678827,0.0,0.0,0.0,0.0
218,218,0.0,0.0,0.0,0.0,0.0,0.0,0.0,0.0,0.0,0.0,0.0,76.0200727546651,82.08636679770636,91.07831026964872,98.11084228492571,90.90106194132646,0.0,0.0,74.46790775897209,67.33879456058644,0.0,0.0,0.0
219,219,0.0,0.0,0.0,0.0,0.0,0.0,0.0,0.0,0.0,0.0,0.0,75.5530829092058,81.68935820662897,90.90885612382199,98.23003979544487,91.29072007007808,0.0,0.0,74.81289549879713,67.75241972377647,0.0,0.0,0.0
220,220,0.0,0.0,0.0,0.0,0.0,0.0,0.0,0.0,0.0,0.0,0.0,75.08777163214705,81.28936010031846,90.72824365069832,98.3343172352234,91.67297873322319,0.0,0.0,75.15585017407973,68.16865979950047,0.0,0.0,0.0
221,221,0.0,0.0,0.0,0.0,0.0,0.0,0.0,0.0,0.0,0.0,0.0,74.62425837903221,80.88662030515214,90.53669328719802,98.42353458821104,92.04748436840207,0.0,0.0,75.49660033661189,68.58746378601397,0.0,0.0,0.0
222,222,0.0,0.0,0.0,0.0,0.0,0.0,0.0,0.0,0.0,0.0,0.0,74.1626572480092,80.48138108976545,90.33442213686075,98.49755412664457,92.41387132208546,0.0,0.0,75.83496450320428,69.00878834761515,0.0,0.0,0.0
223,223,0.0,0.0,0.0,0.0,0.0,0.0,0.0,0.0,0.0,0.0,0.0,73.70307093057916,80.07387178644443,90.12164373685299,98.55627378440076,92.77177174264604,0.0,0.0,76.17076412000392,69.43257647090941,0.0,0.0,0.0
224,224,0.0,0.0,0.0,0.0,0.0,0.0,0.0,0.0,0.0,0.0,0.0,73.24559121885241,79.6643090859317,89.89859540595702,98.59961653712769,93.1208161108324,0.0,0.0,76.50381062872657,69.85877334503573,0.0,0.0,0.0
225,225,0.0,0.0,0.0,0.0,0.0,0.0,0.0,0.0,0.0,0.0,0.0,72.79031756430362,79.25291875891371,89.66552822013621,98.62753066475628,93.46064372292828,0.0,0.0,76.83392539111524,70.28732098997455,0.0,0.0,0.0
226,226,0.0,0.0,0.0,0.0,0.0,0.0,0.0,0.0,0.0,0.0,0.0,72.33733265621206,78.83991367387816,89.42267905468847,98.63995675982986,93.79089362897643,0.0,0.0,77.16090653192502,70.71814679881852,0.0,0.0,0.0
227,227,0.0,0.0,0.0,0.0,0.0,0.0,0.0,0.0,0.0,0.0,0.0,71.88671503281097,78.42549413185696,89.17032484546681,98.63688311036168,94.11119515763679,0.0,0.0,77.48456912416022,71.15118575876676,67.23790359551633,0.0,0.0
228,228,0.0,0.0,0.0,0.0,0.0,0.0,0.0,0.0,0.0,0.0,0.0,71.43855079106423,78.00987587299035,88.90870924457604,98.61832366556241,94.42120872022781,0.0,0.0,77.80471176493003,71.58636940209844,67.5233953218564,0.0,0.0
229,229,0.0,0.0,0.0,0.0,0.0,0.0,0.0,0.0,0.0,0.0,0.0,70.99290433988499,77.59323422267231,88.63811465118535,98.58430694672077,94.720566256767,0.0,0.0,78.12113000794172,72.02360802919182,67.80750220663334,0.0,0.0
230,230,0.0,0.0,0.0,0.0,0.0,0.0,0.0,0.0,0.0,0.0,0.0,70.5498422208898,77.17577361258569,88.35880744527377,98.53486493837259,95.0089324591216,0.0,0.0,78.43363048686696,72.46281936855405,68.09011107199369,0.0,0.0
231,231,0.0,0.0,0.0,0.0,0.0,0.0,0.0,0.0,0.0,0.0,0.0,70.10942168650125,76.75766549585059,88.07106454197891,98.47007712556892,95.28597540950501,0.0,0.0,78.74200343637261,72.9039171108973,68.37110655683574,0.0,0.0
232,232,0.0,0.0,0.0,0.0,0.0,0.0,0.0,0.0,0.0,0.0,0.0,69.67170770501791,76.33908956093313,87.77516391762501,98.39002611360739,95.55135684555437,0.0,0.0,79.0460365014835,73.34679858310655,68.6503657933326,0.0,0.0
233,233,0.0,0.0,0.0,0.0,0.0,0.0,0.0,0.0,0.0,0.0,0.0,69.23675058396871,75.92021337721062,87.4713928785563,98.29484140853381,95.80476382655985,0.0,0.0,79.34552922205675,73.79137484483896,68.92777442320573,0.0,0.0
234,234,0.0,0.0,0.0,0.0,0.0,0.0,0.0,0.0,0.0,0.0,0.0,68.8045975232065,75.50120574567607,87.16004733979116,98.18463307844752,96.04587849672482,0.0,0.0,79.64027213080988,74.23753412606646,69.2031998615936,0.0,0.0
235,235,0.0,0.0,0.0,0.0,0.0,0.0,0.0,0.0,0.0,0.0,0.0,68.37529271229712,75.08221716080861,86.84138825037991,98.05957921743106,96.27439954313421,0.0,0.0,79.93004667642236,74.68515961746262,69.47651812113389,0.0,0.0
236,236,0.0,0.0,0.0,0.0,0.0,0.0,0.0,0.0,0.0,0.0,0.0,67.94887742663393,74.66339957730335,86.51572752697447,97.91982680653179,96.49005368465362,0.0,0.0,80.21465441521511,75.1341421922179,69.74760876664035,0.0,0.0
237,237,0.0,0.0,0.0,0.0,0.0,0.0,0.0,0.0,0.0,0.0,0.0,67.52539012218642,74.24490610339531,86.18334134773117,97.7655788061112,96.69254364239933,0.0,0.0,80.49386645884614,75.58435510354585,70.01633290092944,0.0,0.0
238,238,0.0,0.0,0.0,0.0,0.0,0.0,0.0,0.0,0.0,0.0,0.0,67.10486141168496,73.82686593208935,85.8445213294858,97.5970389058396,96.88162276718136,0.0,0.0,80.76748198380355,76.03565968754356,70.28255503922725,0.0,0.0
239,239,0.0,0.0,0.0,0.0,0.0,0.0,0.0,0.0,0.0,0.0,0.0,0.0,73.4094160756444,85.49954860124683,97.41444355098673,97.0570322562429,0.0,0.0,81.03528469675354,76.48792481654196,70.54615470146432,67.1373964529635,0.0
240,240,0.0,0.0,0.0,0.0,0.0,0.0,0.0,0.0,0.0,0.0,0.0,0.0,72.99268862098728,85.14871028731883,97.21802877410607,97.21855504503539,0.0,0.0,81.29705760081298,76.94100740609656,70.8069872335002,67.55844842196515,0.0
241,241,0.0,0.0,0.0,0.0,0.0,0.0,0.0,0.0,0.0,0.0,0.0,0.0,72.5767988303919,84.79229068493093,97.00806192112782,97.36597380080802,0.0,0.0,81.55259836772474,77.39475193223034,71.0649174790948,67.98246206984194,0.0
242,242,0.0,0.0,0.0,0.0,0.0,0.0,0.0,0.0,0.0,0.0,0.0,0.0,72.16186956971681,84.43057906712654,96.78479801177629,97.4990820683012,0.0,0.0,81.80169725507898,77.84900371852844,71.31980872027302,68.40941730257624,0.0
243,243,0.0,0.0,0.0,0.0,0.0,0.0,0.0,0.0,0.0,0.0,0.0,0.0,71.74801315075857,84.06383693144068,96.54853258847604,97.61770643205287,0.0,0.0,82.04414478442108,78.30360228603807,71.57151694366199,68.83927055092772,0.0
244,244,0.0,0.0,0.0,0.0,0.0,0.0,0.0,0.0,0.0,0.0,0.0,0.0,71.33533174941877,83.69234655364903,96.2995686983067,97.72168553028341,0.0,0.0,82.27972432178366,78.7583671815316,71.81990245388204,69.27198060951314,0.0
245,245,0.0,0.0,0.0,0.0,0.0,0.0,0.0,0.0,0.0,0.0,0.0,0.0,70.92392925015676,83.31638602299458,96.03822670652835,97.81087045561526,0.0,0.0,82.5082508250825,79.21313274527783,72.06482427483952,69.70750887701362,0.0
246,246,0.0,0.0,0.0,0.0,0.0,0.0,0.0,0.0,0.0,0.0,0.0,0.0,70.51390534213347,82.93621338130565,95.76480164715458,97.88513601973898,0.0,0.0,82.72951753461525,79.66769157341247,72.30614619497533,70.1457972424571,0.0
247,247,0.0,0.0,0.0,0.0,0.0,0.0,0.0,0.0,0.0,0.0,0.0,0.0,70.10534443313377,82.55210585731582,95.47965670289433,97.94439207140145,0.0,0.0,82.94331908059215,80.12187265211047,72.54371315160638,70.58680657185629,0.0
248,248,0.0,0.0,0.0,0.0,0.0,0.0,0.0,0.0,0.0,0.0,0.0,0.0,69.69833846289343,82.16430489418218,95.18310742127547,97.98855115130424,0.0,0.0,83.14947535515692,80.57545525132217,72.77739289380034,71.03046641994342,0.0
249,249,0.0,0.0,0.0,0.0,0.0,0.0,0.0,0.0,0.0,0.0,0.0,0.0,69.29296996834807,81.77307822115307,94.87552492849026,98.01755048794918,0.0,0.0,83.34778501840613,81.02824101224162,73.007028419811,71.47672539129445,0.0
250,250,0.0,0.0,0.0,0.0,0.0,0.0,0.0,0.0,0.0,0.0,0.0,0.0,68.88931248857553,81.37866556558866,94.55724216066737,98.03135220882461,0.0,0.0,83.53807280893636,81.48001031462859,73.23249219158552,71.9255113249987,0.0
251,251,0.0,0.0,0.0,0.0,0.0,0.0,0.0,0.0,0.0,0.0,0.0,0.0,68.4874469514136,80.98131687400338,94.22864537970182,98.02992162841959,0.0,0.0,83.72016648516198,81.9305366841185,73.45362588799591,72.37675390258747,0.0
252,252,0.0,0.0,0.0,0.0,0.0,0.0,0.0,0.0,0.0,0.0,0.0,0.0,68.08743478887247,80.58126932347996,93.89008160115024,98.01328191348657,0.0,0.0,83.8938811044477,82.3795867877372,73.67028895663951,72.83037887521756,0.0
253,253,0.0,0.0,0.0,0.0,0.0,0.0,0.0,0.0,0.0,0.0,0.0,0.0,67.68935018839177,80.1787621948025,93.54191905711446,97.98144854882794,0.0,0.0,84.05905110131208,82.82692823912586,73.88234689625718,73.28630795239721,0.0
254,254,0.0,0.0,0.0,0.0,0.0,0.0,0.0,0.0,0.0,0.0,0.0,0.0,67.29324323073942,79.77401472066268,93.1845458513499,97.93447293447294,0.0,0.0,84.21552283484762,83.27231428334049,74.08964662016923,73.74444633088697,0.0
255,255,0.0,0.0,0.0,0.0,0.0,0.0,0.0,0.0,0.0,0.0,0.0,0.0,0.0,79.367248221159,92.81831963612687,97.87239863783864,0.0,0.0,84.36313074262468,83.7154754525297,74.29205371349252,74.20471309548756,0.0
256,256,0.0,0.0,0.0,0.0,0.0,0.0,0.0,0.0,0.0,0.0,0.0,0.0,0.0,78.95868567525244,92.44362645841639,97.79533747392865,0.0,0.0,84.50174601732708,84.15616706911803,74.48942157101915,74.66699791662106,0.0
257,257,0.0,0.0,0.0,0.0,0.0,0.0,0.0,0.0,0.0,0.0,0.0,0.0,0.0,78.5485302722019,92.06084049873542,97.70337123261908,0.0,0.0,84.63122041874374,84.59410594412022,74.68162290634739,75.13120426868181,0.0
258,258,0.0,0.0,0.0,0.0,0.0,0.0,0.0,0.0,0.0,0.0,0.0,0.0,0.0,78.1369869241304,91.67034302938191,97.59664924085888,0.0,0.0,84.7514187917202,85.02902630073395,74.86850580583993,75.59721802237678,0.0
259,259,0.0,0.0,0.0,0.0,0.0,0.0,0.0,0.0,0.0,0.0,0.0,0.0,0.0,77.72425501080765,91.27248362799826,97.47530108791298,0.0,0.0,84.86221943634128,85.46063134624094,75.0499444587769,76.06491968019887,0.0
260,260,0.0,0.0,0.0,0.0,0.0,0.0,0.0,0.0,0.0,0.0,0.0,0.0,0.0,77.31052157543381,90.86765600892319,97.33951203260165,0.0,0.0,84.96352264944069,85.8886424470455,75.22580135567152,76.53419091053857,0.0
261,261,0.0,0.0,0.0,0.0,0.0,0.0,0.0,0.0,0.0,0.0,0.0,0.0,0.0,76.89598184415962,90.4562210906286,97.18943612677126,0.0,0.0,85.05521001339524,86.3127582026545,75.39595298513997,77.00490810033004,0.0
262,262,0.0,0.0,0.0,0.0,0.0,0.0,0.0,0.0,0.0,0.0,0.0,0.0,0.0,76.48080527335152,90.03854468244633,97.02530342734165,0.0,0.0,85.137185513637,86.73267088627681,75.56026433384653,77.47691496080989,0.0
263,263,0.0,0.0,0.0,0.0,0.0,0.0,0.0,0.0,0.0,0.0,0.0,0.0,0.0,76.06517610039081,89.61498753638827,96.84731184878436,0.0,0.0,85.20937589748227,87.14808390577906,75.71860831262975,77.95008289282679,0.0
264,264,0.0,0.0,0.0,0.0,0.0,0.0,0.0,0.0,0.0,0.0,0.0,0.0,0.0,75.64924676560786,89.18589593972087,96.65570173632084,0.0,0.0,85.27169791648296,87.55866928334423,75.87087260297616,78.42425705047438,66.94234742469747
265,265,0.0,0.0,0.0,0.0,0.0,0.0,0.0,0.0,0.0,0.0,0.0,0.0,0.0,75.23318440012564,88.75162866802665,96.4507335681105,0.0,0.0,85.32408316848655,87.96411064285772,76.01693380860041,78.89927619776499,67.35152452089149
266,266,0.0,0.0,0.0,0.0,0.0,0.0,0.0,0.0,0.0,0.0,0.0,0.0,0.0,74.81714434862748,88.31253807223764,96.23265556746921,0.0,0.0,85.36647829130457,88.36408654579463,76.15667054113727,79.37497260210462,67.763292347322
267,267,0.0,0.0,0.0,0.0,0.0,0.0,0.0,0.0,0.0,0.0,0.0,0.0,0.0,74.40128315158424,87.86894347081328,96.00175595939082,0.0,0.0,85.3988451164816,88.75827078312734,76.2899768147825,79.85117193391008,68.1775905373223
268,268,0.0,0.0,0.0,0.0,0.0,0.0,0.0,0.0,0.0,0.0,0.0,0.0,0.0,73.98573336466518,87.42119302311326,95.75831992898215,0.0,0.0,85.42113590696862,89.1463146305716,76.41674916202088,80.32769317304064,68.59438720190867
269,269,0.0,0.0,0.0,0.0,0.0,0.0,0.0,0.0,0.0,0.0,0.0,0.0,0.0,73.57063541787369,86.96959295957427,95.5026499814855,0.0,0.0,85.4333431581678,89.5279010651582,76.53688677863549,80.80434110303801,69.0136212497959
270,270,0.0,0.0,0.0,0.0,0.0,0.0,0.0,0.0,0.0,0.0,0.0,0.0,0.0,73.15611873204817,86.51448572004679,95.23505472498442,0.0,0.0,85.43543333628475,89.90268238955609,76.65027831454748,81.28092080938433,69.43524449372593
271,271,0.0,0.0,0.0,0.0,0.0,0.0,0.0,0.0,0.0,0.0,0.0,0.0,0.0,72.74232016755202,86.05615496601223,94.95586872049017,0.0,0.0,85.42742983519982,90.27031651440048,76.75684200022748,81.75723045152102,69.85919482356068
272,272,0.0,0.0,0.0,0.0,0.0,0.0,0.0,0.0,0.0,0.0,0.0,0.0,0.0,72.32934773969556,85.59491970807463,94.66541048535602,0.0,0.0,85.40932174807647,90.63046775929249,76.85648588390897,82.23303815099014,70.2854066729604
273,273,0.0,0.0,0.0,0.0,0.0,0.0,0.0,0.0,0.0,0.0,0.0,0.0,0.0,71.91732319146524,85.13107428353736,94.36403306301256,0.0,0.0,85.38113020748487,90.98277944120031,76.94912124103543,82.70813502178231,70.71381660387735
274,274,0.0,0.0,0.0,0.0,0.0,0.0,0.0,0.0,0.0,0.0,0.0,0.0,0.0,71.50635780903869,84.66488915297492,94.05206209146135,0.0,0.0,85.3428917372079,91.32692100729858,77.03468294012673,83.18228187148036,71.14434630027975
275,275,0.0,0.0,0.0,0.0,0.0,0.0,0.0,0.0,0.0,0.0,0.0,0.0,0.0,71.09655283516086,84.19666005244495,93.72986605256561,0.0,0.0,85.29464161614736,91.6625514000361,77.1130824798025,83.65523964611933,71.57692506343301
276,276,0.0,0.0,0.0,0.0,0.0,0.0,0.0,0.0,0.0,0.0,0.0,0.0,0.0,70.68801123296761,83.72664240750632,93.39779479315784,0.0,0.0,85.23643861625229,91.98930958782623,77.18426198864549,84.1267537799202,72.0114727369065
277,277,0.0,0.0,0.0,0.0,0.0,0.0,0.0,0.0,0.0,0.0,0.0,0.0,0.0,70.28082620861457,83.2551082212338,93.05620912268087,0.0,0.0,85.16834006324524,92.30688220183802,77.24816746279096,84.59657001284234,72.447899257903
278,278,0.0,0.0,0.0,0.0,0.0,0.0,0.0,0.0,0.0,0.0,0.0,0.0,0.0,69.87509271352856,82.7822979839124,92.70547985251822,0.0,0.0,85.09041001104144,92.61490826388093,77.30472847548663,85.06441841408798,72.88611023477527
279,279,0.0,0.0,0.0,0.0,0.0,0.0,0.0,0.0,0.0,0.0,0.0,0.0,0.0,69.47089074944566,82.30846049600763,92.34595776032928,0.0,0.0,85.00274375333672,92.91307622736589,77.35390572176293,85.53002959339024,73.32601295304019
280,280,0.0,0.0,0.0,0.0,0.0,0.0,0.0,0.0,0.0,0.0,0.0,0.0,0.0,69.0683077715189,81.8338291564448,91.9780122380926,0.0,0.0,84.90541825856286,93.20105702707905,77.39565043480525,85.99310999750033,73.76749809063729
281,281,0.0,0.0,0.0,0.0,0.0,0.0,0.0,0.0,0.0,0.0,0.0,0.0,0.0,68.66741670213183,81.35863747210577,91.60202044911014,0.0,0.0,84.79854131091028,93.47851396356548,77.42993844407883,86.45337505625609,74.21046391153574
282,282,0.0,0.0,0.0,0.0,0.0,0.0,0.0,0.0,0.0,0.0,0.0,0.0,0.0,68.26829252777162,80.88308891781277,91.2183380371244,0.0,0.0,84.68222657672773,93.74514296294095,77.4567225965817,86.91051584650299,74.65479791115875
283,283,0.0,0.0,0.0,0.0,0.0,0.0,0.0,0.0,0.0,0.0,0.0,0.0,0.0,67.87100159782221,80.40740972555032,90.82732754832065,0.0,0.0,84.55658526686058,94.00063386336517,77.47599410724632,87.36423300358629,75.100369937595
284,284,0.0,0.0,0.0,0.0,0.0,0.0,0.0,0.0,0.0,0.0,0.0,0.0,0.0,67.47560718461862,79.93178185744748,90.42936685467754,0.0,0.0,84.42175034301134,94.24469091811035,77.48772810119756,87.81420270990638,75.54705727471374
285,285,0.0,0.0,0.0,0.0,0.0,0.0,0.0,0.0,0.0,0.0,0.0,0.0,0.0,67.08217467298775,79.45641698149767,90.02480183290496,0.0,0.0,84.27785181885012,94.477013366887,77.49191772506978,88.26011137423099,75.99473218333729
286,286,0.0,0.0,0.0,0.0,0.0,0.0,0.0,0.0,0.0,0.0,0.0,0.0,0.0,0.0,78.98149059792668,89.61400194340183,0.0,0.0,84.12504078391537,94.69732636088398,77.48856053111365,88.70162095156478,76.44324853228962
287,287,0.0,0.0,0.0,0.0,0.0,0.0,0.0,0.0,0.0,0.0,0.0,0.0,0.0,0.0,78.50717885701755,89.19730433583028,0.0,0.0,83.96345681368223,94.90537179502941,77.47765165942162,89.13839536099479,76.89246108739046
288,288,0.0,0.0,0.0,0.0,0.0,0.0,0.0,0.0,0.0,0.0,0.0,0.0,0.0,0.0,78.03365130272748,88.77506849046975,0.0,0.0,83.7932599367856,95.1008782566107,77.45921112370605,89.57009205769779,77.34222581433893
289,289,0.0,0.0,0.0,0.0,0.0,0.0,0.0,0.0,0.0,0.0,0.0,0.0,0.0,0.0,77.56107097031897,88.34763912519372,0.0,0.0,83.61463005182017,95.28361275613698,77.43324967902598,89.99635310232769,77.79237268769907
290,290,0.0,0.0,0.0,0.0,0.0,0.0,0.0,0.0,0.0,0.0,0.0,0.0,0.0,0.0,77.0895944903366,87.91535509611346,0.0,0.0,83.4277109313244,95.45333010093647,77.39978245383872,90.41684219178644,78.24273920716989
291,291,0.0,0.0,0.0,0.0,0.0,0.0,0.0,0.0,0.0,0.0,0.0,0.0,0.0,0.0,76.61936552722352,87.47854042055307,0.0,0.0,83.2327053078915,95.60982499599362,77.35885612975753,90.83118065155477,78.69315001167878
292,292,0.0,0.0,0.0,0.0,0.0,0.0,0.0,0.0,0.0,0.0,0.0,0.0,0.0,0.0,76.15051530101823,87.03753028634061,0.0,0.0,83.0297792908068,95.75289138368694,77.31049440763996,91.23901230866117,79.14343065007425
293,293,0.0,0.0,0.0,0.0,0.0,0.0,0.0,0.0,0.0,0.0,0.0,0.0,0.0,0.0,75.68318913822391,86.5926358670437,0.0,0.0,82.81911758865363,95.88234364776748,77.25473881006808,91.6399669804537,79.59337913329323
294,294,0.0,0.0,0.0,0.0,0.0,0.0,0.0,0.0,0.0,0.0,0.0,0.0,0.0,0.0,75.21750680632962,86.14417872880951,0.0,0.0,82.6009228400375,95.9980172045901,77.19164175920453,92.03367009987117,80.04281562974231
295,295,0.0,0.0,0.0,0.0,0.0,0.0,0.0,0.0,0.0,0.0,0.0,0.0,0.0,0.0,74.75358288401192,85.69244805114437,0.0,0.0,82.37538406352715,96.0997480439333,77.12125968463364,92.41976257993129,80.49153251944809
296,296,0.0,0.0,0.0,0.0,0.0,0.0,0.0,0.0,0.0,0.0,0.0,0.0,0.0,0.0,74.29153941778227,85.23775959135469,0.0,0.0,82.14269979158156,96.18741505722167,77.04364618861143,92.7978433781199,80.93931547229516
297,297,0.0,0.0,0.0,0.0,0.0,0.0,0.0,0.0,0.0,0.0,0.0,0.0,0.0,0.0,73.83147429037047,84.78039661425633,0.0,0.0,81.90306995043376,96.26088800887963,76.9588722167015,93.16755719323417,81.38594342678104
298,298,0.0,0.0,0.0,0.0,0.0,0.0,0.0,0.0,0.0,0.0,0.0,0.0,0.0,0.0,73.3734869740799,84.32063534832184,0.0,0.0,81.65670315700588,96.32008038348526,76.86700566763145,93.52851742951749,81.83120380024111
299,299,0.0,0.0,0.0,0.0,0.0,0.0,0.0,0.0,0.0,0.0,0.0,0.0,0.0,0.0,72.91767826135087,83.85876088198452,0.0,0.0,81.40380115049471,96.36490762383302,76.76813145495673,93.88034565889814,82.2748548596765
