,time,168,235,280,302,347,414,459,481,526,213,504,392,571,325,258,437,191,549,482,370,303,236,415,527,348,460,169,281,214
0,0,72.21988920976587,98.32999905245637,71.74278970696413,75.41317852150407,72.35780540091815,76.68392897429929,76.15755370860025,81.84181279615343,91.79480647933642,0.0,0.0,0.0,0.0,0.0,0.0,0.0,0.0,0.0,0.0,0.0,0.0,0.0,0.0,0.0,0.0,0.0,0.0,0.0,0.0
1,1,72.27616789458126,98.20846554741007,72.11923013377462,75.14325249883336,72.5116852992858,76.57504201837888,76.5247069582003,81.40657235961946,92.1032167257767,0.0,0.0,0.0,0.0,0.0,0.0,0.0,0.0,0.0,0.0,0.0,0.0,0.0,0.0,0.0,0.0,0.0,0.0,0.0,0.0
2,2,72.32644078790452,98.07214677477485,72.49555655786155,74.86948674499546,72.66042513614748,76.45948116681339,76.8899349415038,80.96966324349013,92.40199403503128,0.0,0.0,0.0,0.0,0.0,0.0,0.0,0.0,0.0,0.0,0.0,0.0,0.0,0.0,0.0,0.0,0.0,0.0,0.0,0.0
3,3,72.3706647813012,97.92124327932012,72.8716428945014,74.59204930127592,72.80393346415428,76.33732143789673,77.25304330902173,80.53132371075529,92.69081325550255,0.0,0.0,0.0,0.0,0.0,0.0,0.0,0.0,0.0,0.0,0.0,0.0,0.0,0.0,0.0,0.0,0.0,0.0,0.0,0.0
4,4,72.40880563485325,97.75595647593777,73.24734095505211,74.31110648730893,72.94209019703897,76.20867389806155,77.61385379066944,80.09176331755373,92.96935127993969,0.0,0.0,0.0,0.0,0.0,0.0,0.0,0.0,0.0,0.0,0.0,0.0,0.0,0.0,0.0,0.0,0.0,0.0,0.0,0.0
5,5,72.44083806147,97.57650996322695,73.62252876151932,74.02682900525943,73.07481291394701,76.07363893670146,77.97215685162607,79.65120015350959,93.23729750421766,0.0,0.0,0.0,0.0,0.0,0.0,0.0,0.0,0.0,0.0,0.0,0.0,0.0,0.0,0.0,0.0,0.0,0.0,0.0,0.0
6,6,72.46673982513445,97.38313802112152,73.99704364993109,73.73937304606372,73.20200284007134,75.93231945279028,78.32776627635407,79.20984578383093,93.49435469399563,0.0,0.0,0.0,0.0,0.0,0.0,0.0,0.0,0.0,0.0,0.0,0.0,0.0,0.0,0.0,0.0,0.0,0.0,0.0,0.0
7,7,72.4864798300192,97.17610651561377,74.37074322571267,73.44889905525518,73.32356296856777,75.78483376682833,78.68047127456462,78.76789116425655,93.74021985916383,67.24373508077386,0.0,0.0,0.0,0.0,0.0,0.0,0.0,0.0,0.0,0.0,0.0,0.0,0.0,0.0,0.0,0.0,0.0,0.0,0.0
8,8,72.50005396310834,96.95567979593474,74.7434685250158,73.15556530963093,73.4394104417656,75.63128271428985,79.03007112167559,78.32552837244359,93.97459460908331,67.65551350150342,0.0,0.0,0.0,0.0,0.0,0.0,0.0,0.0,0.0,0.0,0.0,0.0,0.0,0.0,0.0,0.0,0.0,0.0,0.0
9,9,72.50744931646898,96.72213094681734,75.11506903032165,72.8595398886938,73.54945841689137,75.47178873113569,79.37634725564398,77.88294335219517,94.19722608436795,68.06986505303958,0.0,0.0,0.0,0.0,0.0,0.0,0.0,0.0,0.0,0.0,0.0,0.0,0.0,0.0,0.0,0.0,0.0,0.0,0.0
10,10,72.50865613280685,96.4757834820303,75.48537093511277,72.5609641966887,73.6536160828697,75.30648240767832,79.71909166255162,77.4403159564891,94.40781731057446,68.48674870912207,0.0,0.0,0.0,0.0,0.0,0.0,0.0,0.0,0.0,0.0,0.0,0.0,0.0,0.0,0.0,0.0,0.0,0.0,0.0
11,11,72.50367379410736,96.21692543188279,75.85420890007778,72.25998947139108,73.75181959567409,75.13547010641402,80.05807849694597,76.99781999922126,94.60612834847909,68.90611002222927,0.0,0.0,0.0,0.0,0.0,0.0,0.0,0.0,0.0,0.0,0.0,0.0,0.0,0.0,0.0,0.0,0.0,0.0,0.0
12,12,72.4925167951981,95.94588303302818,76.2214135053258,71.95677621867794,73.84398913285004,74.95889186225827,80.39309299087337,76.55560999510044,94.791906451591,69.32790222748974,0.0,0.0,0.0,0.0,0.0,0.0,0.0,0.0,0.0,0.0,0.0,0.0,0.0,0.0,0.0,0.0,0.0,0.0,0.0
13,13,72.47517889839045,95.66299838927425,76.58679795036323,71.65146447858294,73.93005360012897,74.77686964479713,80.72391000935205,76.11384832655055,94.96491693807208,69.75205917194002,0.0,0.0,0.0,0.0,0.0,0.0,0.0,0.0,0.0,0.0,0.0,0.0,0.0,0.0,0.0,0.0,0.0,0.0,0.0
14,14,72.4516809036964,95.36859746172144,76.95019110317631,71.34419764937084,74.00994458168991,74.58953295255377,81.05030138278262,75.67268502422944,95.12495419409166,70.17852779484392,0.0,0.0,0.0,0.0,0.0,0.0,0.0,0.0,0.0,0.0,0.0,0.0,0.0,0.0,0.0,0.0,0.0,0.0,0.0
15,15,72.42204075928913,95.06304137996969,77.31139774702287,71.03512218606069,74.08360267212821,74.39701850566655,81.37203609293648,75.23227108786206,95.27181156101781,70.60724072439498,0.0,0.0,0.0,0.0,0.0,0.0,0.0,0.0,0.0,0.0,0.0,0.0,0.0,0.0,0.0,0.0,0.0,0.0,0.0
16,16,72.38627950974747,94.74667377266721,77.67022511037777,70.7243702517225,74.15097762586939,74.19945741646765,81.6888880554972,74.79273276412097,95.40529197976497,71.03812123543365,0.0,0.0,0.0,0.0,0.0,0.0,0.0,0.0,0.0,0.0,0.0,0.0,0.0,0.0,0.0,0.0,0.0,0.0,0.0
17,17,72.34442721423068,94.41985117285549,78.02647633408206,70.41207707946067,74.21200345423144,73.99698764990276,82.00062898209731,74.35421044658068,95.52522918999165,71.47110021393412,0.0,0.0,0.0,0.0,0.0,0.0,0.0,0.0,0.0,0.0,0.0,0.0,0.0,0.0,0.0,0.0,0.0,0.0,0.0
18,18,72.29651099502593,94.08296214219207,78.37996451347107,70.09838068757749,74.26664849384284,73.78974751831663,82.3070132028867,73.9168266028003,95.63145722888508,71.90609913252645,0.0,0.0,0.0,0.0,0.0,0.0,0.0,0.0,0.0,0.0,0.0,0.0,0.0,0.0,0.0,0.0,0.0,0.0,0.0
19,19,72.24257282728614,93.73635563488114,78.7304711526633,69.78340499877562,74.31485294652903,73.57787553416074,82.60780835288855,73.480698874927,95.72385234987372,72.34302365394912,0.0,0.0,0.0,0.0,0.0,0.0,0.0,0.0,0.0,0.0,0.0,0.0,0.0,0.0,0.0,0.0,0.0,0.0,0.0
20,20,72.1826516379105,93.38042111810958,79.07778765151821,69.46727676828756,74.35659156819911,73.36151026673495,82.90278837876248,73.04594623220709,95.80228150956091,72.78179892622035,0.0,0.0,0.0,0.0,0.0,0.0,0.0,0.0,0.0,0.0,0.0,0.0,0.0,0.0,0.0,0.0,0.0,0.0,0.0
21,21,72.11678920647684,93.01551763082712,79.42171604516315,69.15012531495721,74.39182988346859,73.14079020312361,83.19171047545291,72.61267072951063,95.86664426873251,73.2223160984088,0.0,0.0,0.0,0.0,0.0,0.0,0.0,0.0,0.0,0.0,0.0,0.0,0.0,0.0,0.0,0.0,0.0,0.0,0.0
22,22,72.04503600696282,92.64203286939326,79.76203359830645,68.83206072239248,74.42053045939286,72.91585965519913,83.47433856546694,72.18097608037286,95.91685229665819,73.66447972452163,0.0,0.0,0.0,0.0,0.0,0.0,0.0,0.0,0.0,0.0,0.0,0.0,0.0,0.0,0.0,0.0,0.0,0.0,0.0
23,23,71.96744519903946,92.26034275136696,80.0985211810527,68.51320658234404,74.44268442011898,72.68685643222513,83.7504358829504,71.75096154441988,95.95284005141328,74.10819004135826,0.0,0.0,0.0,0.0,0.0,0.0,0.0,0.0,0.0,0.0,0.0,0.0,0.0,0.0,0.0,0.0,0.0,0.0,0.0
24,24,71.88407842814352,91.87082085638848,80.43095637616864,68.19367810507127,74.45826115253604,72.45391786739138,84.01977328982764,71.32272202520221,95.97456499528417,74.55332392605938,0.0,0.0,0.0,0.0,0.0,0.0,0.0,0.0,0.0,0.0,0.0,0.0,0.0,0.0,0.0,0.0,0.0,0.0,0.0
25,25,71.79499396350954,91.47383791064608,80.75912105443513,67.87357713265142,74.4672586926562,72.21719255007442,84.28211368814316,70.89633674599833,95.98198679876842,74.99976562573241,0.0,0.0,0.0,0.0,0.0,0.0,0.0,0.0,0.0,0.0,0.0,0.0,0.0,0.0,0.0,0.0,0.0,0.0,0.0
26,26,71.70025837351061,91.06978014927165,81.08277943659631,67.55301856441392,74.46966596631331,71.97681038036473,84.53723644315725,70.4718926059609,95.97510929165571,75.44739447567319,0.0,0.0,0.0,0.0,0.0,0.0,0.0,0.0,0.0,0.0,0.0,0.0,0.0,0.0,0.0,0.0,0.0,0.0,0.0
27,27,71.59994053950392,90.65900131074372,81.40171533764645,67.23210394083269,74.4654753939414,71.73292397744717,84.78490551204013,70.04946686385591,95.95392815754938,75.89607171419816,0.0,0.0,0.0,0.0,0.0,0.0,0.0,0.0,0.0,0.0,0.0,0.0,0.0,0.0,0.0,0.0,0.0,0.0,0.0
28,28,71.49410575781843,90.24187899999693,81.71568772201363,0.0,74.45469550229338,71.48566131669602,85.02489393627577,69.62912757314244,95.9184727860763,76.3456727316074,0.0,0.0,0.0,0.0,0.0,0.0,0.0,0.0,0.0,0.0,0.0,0.0,0.0,0.0,0.0,0.0,0.0,0.0,0.0
29,29,71.38284469072246,89.81877632940466,82.02447591719444,0.0,74.4373383102589,71.23516679430983,85.25698441201988,69.21095033634556,95.8688061533829,76.79604793574404,0.0,0.0,0.0,0.0,0.0,0.0,0.0,0.0,0.0,0.0,0.0,0.0,0.0,0.0,0.0,0.0,0.0,0.0,0.0
30,30,71.26622096124203,89.39005104984552,82.32783448886998,0.0,74.41341301769644,70.98157761879875,85.48096154425242,68.79499084909357,95.80498286070632,77.24704183331106,0.0,0.0,0.0,0.0,0.0,0.0,0.0,0.0,0.0,0.0,0.0,0.0,0.0,0.0,0.0,0.0,0.0,0.0,0.0
31,31,71.14432329338715,88.95604621104863,82.6255314206587,0.0,74.38293858251477,70.72502391992641,85.69661217920253,68.3813178509741,95.72708035342004,77.6984998008976,0.0,0.0,0.0,0.0,0.0,0.0,0.0,0.0,0.0,0.0,0.0,0.0,0.0,0.0,0.0,0.0,0.0,0.0,0.0
32,32,71.01723636747481,88.51711699749939,82.91734111600523,0.0,74.34593739159644,70.46565143813189,85.9037257422033,67.96998074904772,95.63521945185587,78.1502684017684,0.0,0.0,0.0,0.0,0.0,0.0,0.0,0.0,0.0,0.0,0.0,0.0,0.0,0.0,0.0,0.0,0.0,0.0,0.0
33,33,70.88505223543665,88.07360311011912,83.20302132862177,0.0,74.30244777593353,70.20358161122485,86.10210300472856,67.56103141127318,95.52951194298016,78.6021606126181,0.0,0.0,0.0,0.0,0.0,0.0,0.0,0.0,0.0,0.0,0.0,0.0,0.0,0.0,0.0,0.0,0.0,0.0,0.0
34,34,70.74785304384598,87.6258376731357,83.48233665542438,0.0,74.25249256335974,69.93895124317281,86.29153969307865,67.15451880849264,95.41010189148358,79.05400385621837,0.0,0.0,0.0,0.0,0.0,0.0,0.0,0.0,0.0,0.0,0.0,0.0,0.0,0.0,0.0,0.0,0.0,0.0,0.0
35,35,70.605739476375,87.17414700097159,83.75505909109772,0.0,74.19611669329154,69.67189525210577,86.47186063173001,0.0,95.27713411577514,79.50561241863211,0.0,0.0,0.0,0.0,0.0,0.0,0.0,0.0,0.0,0.0,0.0,0.0,0.0,0.0,0.0,0.0,0.0,0.0,0.0
36,36,70.45880209787882,86.71885893748703,84.02095253408147,0.0,74.13336828833971,69.40253565318669,86.6428694149194,0.0,95.13078483005587,79.9567942559039,0.0,0.0,0.0,0.0,0.0,0.0,0.0,0.0,0.0,0.0,0.0,0.0,0.0,0.0,0.0,0.0,0.0,0.0,0.0
37,37,70.3071383316915,86.26027685823995,84.27978897873199,0.0,74.0642861170704,69.13100364469649,86.80439103957727,0.0,94.97125069150943,80.40734360269124,67.16376502665219,0.0,0.0,0.0,0.0,0.0,0.0,0.0,0.0,0.0,0.0,0.0,0.0,0.0,0.0,0.0,0.0,0.0,0.0
38,38,70.15084664100208,85.79871387727897,84.53134095524257,0.0,73.98893697235589,68.85742295930268,86.95627255613596,0.0,94.79872775798314,80.8570553845102,67.58510212377736,67.01519135388278,0.0,0.0,0.0,0.0,0.0,0.0,0.0,0.0,0.0,0.0,0.0,0.0,0.0,0.0,0.0,0.0,0.0
39,39,69.99003198783065,85.33445871383128,84.77538184566026,0.0,73.90736568365111,68.58191536976057,87.0983405588665,0.0,94.61343155927774,81.30571809256416,68.00940941092568,67.26192450735608,0.0,0.0,0.0,0.0,0.0,0.0,0.0,0.0,0.0,0.0,0.0,0.0,0.0,0.0,0.0,0.0,0.0
40,40,69.82479451475457,84.8678010405564,85.01168620872804,0.0,73.81964485033319,68.30460064085239,87.23045294412692,0.0,94.4156065564343,81.75310617675375,68.43665635295147,67.50649865117413,0.0,0.0,0.0,0.0,0.0,0.0,0.0,0.0,0.0,0.0,0.0,0.0,0.0,0.0,0.0,0.0,0.0
41,41,69.65524059513754,84.39903094567197,85.2400383696409,0.0,73.72583122732983,68.0256017444238,87.35246491284755,0.0,94.20547477257675,82.19898730847636,68.86680455679124,67.74879976842229,0.0,0.0,0.0,0.0,0.0,0.0,0.0,0.0,0.0,0.0,0.0,0.0,0.0,0.0,0.0,0.0,0.0
42,42,69.48147162072718,83.92840639889245,85.46022467493067,0.0,73.62600899007036,67.74502895830548,87.46424650446157,0.0,93.98331625257761,82.64312239239818,69.29981280388067,67.988717581357,0.0,0.0,0.0,0.0,0.0,0.0,0.0,0.0,0.0,0.0,0.0,0.0,0.0,0.0,0.0,0.0,0.0
43,43,69.30359495072908,83.45619412821186,85.67203382487664,0.0,73.52024630619245,67.46300612395439,87.56568296904184,0.0,93.74938743297984,83.0852655929092,69.73564248121001,68.22614050460363,0.0,0.0,0.0,0.0,0.0,0.0,0.0,0.0,0.0,0.0,0.0,0.0,0.0,0.0,0.0,0.0,0.0
44,44,69.12172366957176,82.98266086731026,85.87526559121558,0.0,73.40861999051862,67.179634066426,87.6566576376989,0.0,93.50397099676827,83.52516437609977,70.17423544971119,68.46094505355669,0.0,0.0,0.0,0.0,0.0,0.0,0.0,0.0,0.0,0.0,0.0,0.0,0.0,0.0,0.0,0.0,0.0
45,45,68.9359601380944,82.50804195571436,86.06971451262535,0.0,73.29121531493234,0.0,87.73706954997263,0.0,93.2473451527169,83.9625595680966,70.61554689534334,68.69302772013461,0.0,0.0,0.0,0.0,0.0,0.0,0.0,0.0,0.0,0.0,0.0,0.0,0.0,0.0,0.0,0.0,0.0
46,46,68.74641766714188,82.03257327046904,86.25518695076643,0.0,73.16811971900782,0.0,87.8068337464412,0.0,92.97981281473139,84.39717733640398,71.05951759469993,68.9222571819929,0.0,0.0,0.0,0.0,0.0,0.0,0.0,0.0,0.0,0.0,0.0,0.0,0.0,0.0,0.0,0.0,0.0
47,47,68.55320410275345,81.55649079843528,86.431501610818,0.0,73.03942269640301,0.0,87.86588151845025,0.0,92.70169069975555,84.82875340001837,71.50608472089672,69.14852781605612,0.0,0.0,0.0,0.0,0.0,0.0,0.0,0.0,0.0,0.0,0.0,0.0,0.0,0.0,0.0,0.0,0.0
48,48,68.35643249953762,81.08001528726834,86.59847299338053,0.0,72.9052156805532,0.0,87.91412548222895,0.0,92.41326962138494,85.25700093191715,71.95518173385005,69.37171144584363,0.0,0.0,0.0,0.0,0.0,0.0,0.0,0.0,0.0,0.0,0.0,0.0,0.0,0.0,0.0,0.0,0.0
49,49,68.1562103164338,80.60334535025405,86.75593721157348,0.0,72.76559794675327,0.0,87.9515387021751,0.0,92.1148823316119,85.68163489127537,72.40673826979985,69.59170074682966,0.0,0.0,0.0,0.0,0.0,0.0,0.0,0.0,0.0,0.0,0.0,0.0,0.0,0.0,0.0,0.0,0.0
50,50,67.95264472851568,80.12670216886593,86.90372686632666,0.0,72.62065839869469,0.0,87.97805827226689,0.0,91.80685381980672,86.10234731632193,72.86068003025375,69.80836572348954,0.0,0.0,0.0,0.0,0.0,0.0,0.0,0.0,0.0,0.0,0.0,0.0,0.0,0.0,0.0,0.0,0.0
51,51,67.74585297225306,79.65027735493739,87.04169702822831,0.0,72.47051150181134,0.0,87.99366445615917,0.0,91.48950105992667,86.51885771905027,73.31692256216651,70.02158654115085,0.0,0.0,0.0,0.0,0.0,0.0,0.0,0.0,0.0,0.0,0.0,0.0,0.0,0.0,0.0,0.0,0.0
52,52,67.53594120812129,79.17424857565076,87.16968262211952,0.0,72.31525506740932,0.0,87.99833683143389,0.0,91.1631516883364,86.93084621548043,73.7753831331701,70.23124835644913,0.0,0.0,0.0,0.0,0.0,0.0,0.0,0.0,0.0,0.0,0.0,0.0,0.0,0.0,0.0,0.0,0.0
53,53,67.32302021167123,78.69880117579586,87.28756760198932,0.0,72.15500009142366,0.0,87.99207191432052,0.0,90.82816189087718,87.33800413009511,74.2359684740088,70.43723030244867,0.0,0.0,0.0,0.0,0.0,0.0,0.0,0.0,0.0,0.0,0.0,0.0,0.0,0.0,0.0,0.0,0.0
54,54,0.0,78.22410655403344,87.39520768378667,0.0,71.98984681378664,0.0,87.97487437587826,0.0,90.48484039605215,87.7400175539858,74.69857427584824,70.63941109207326,0.0,0.0,0.0,0.0,0.0,0.0,0.0,0.0,0.0,0.0,0.0,0.0,0.0,0.0,0.0,0.0,0.0
55,55,0.0,77.75032955537414,87.49249975517014,0.0,71.81990831535795,0.0,87.94676582264755,0.0,90.13355129264826,88.13656761151405,75.16310393554012,70.83766912191638,0.0,0.0,0.0,0.0,0.0,0.0,0.0,0.0,0.0,0.0,0.0,0.0,0.0,0.0,0.0,0.0,0.0
56,56,0.0,77.27762178821472,87.5793302032348,0.0,71.64529845640205,0.0,87.9077759522485,0.0,89.77461063833218,88.52731293952428,75.62943673000316,71.03188257977789,0.0,0.0,0.0,0.0,0.0,0.0,0.0,0.0,0.0,0.0,0.0,0.0,0.0,0.0,0.0,0.0,0.0
57,57,0.0,76.80613555340305,87.6556098743646,0.0,71.4661317534987,0.0,87.85796003600979,0.0,89.40836049450952,88.91194312707142,76.09747256080793,71.22194684867975,0.0,0.0,0.0,0.0,0.0,0.0,0.0,0.0,0.0,0.0,0.0,0.0,0.0,0.0,0.0,0.0,0.0
58,58,0.0,76.33601029842175,87.72124818962781,0.0,71.28252325875832,0.0,87.7973461655806,0.0,89.03514935696893,89.29011718719086,76.56706683400051,71.40772871814363,0.0,0.0,0.0,0.0,0.0,0.0,0.0,0.0,0.0,0.0,0.0,0.0,0.0,0.0,0.0,0.0,0.0
59,59,0.0,75.86737968209499,87.77617951984236,0.0,71.09458844150645,0.0,87.72603160330289,0.0,88.65529561755719,89.66149931144045,77.03810882648375,71.58911816117494,0.0,0.0,0.0,0.0,0.0,0.0,0.0,0.0,0.0,0.0,0.0,0.0,0.0,0.0,0.0,0.0,0.0
60,60,0.0,75.40037815003286,87.82033715424983,0.0,70.9024430725896,0.0,87.64407740167181,0.0,88.26915029307364,90.02575043368371,77.51044893699704,71.7659939284338,0.0,0.0,0.0,0.0,0.0,0.0,0.0,0.0,0.0,0.0,0.0,0.0,0.0,0.0,0.0,0.0,0.0
61,61,0.0,74.93511513141789,87.85367969646553,0.0,70.70620879254204,0.0,87.55157832612923,0.0,87.87702489136701,90.38253792934016,77.98393796732208,71.93824690089215,0.0,0.0,0.0,0.0,0.0,0.0,0.0,0.0,0.0,0.0,0.0,0.0,0.0,0.0,0.0,0.0,0.0
62,62,0.0,74.47170785967636,87.87616490841106,0.0,70.50599589398718,0.0,87.44863634782696,0.0,87.47925349976659,90.73151770630723,78.45844141057935,72.10576867453373,0.0,0.0,0.0,0.0,0.0,0.0,0.0,0.0,0.0,0.0,0.0,0.0,0.0,0.0,0.0,0.0,0.0
63,63,0.0,74.01026825189933,87.88776732113091,0.0,70.30193723379134,0.0,87.33535177240647,0.0,87.07615680674319,91.07235315540348,78.93378397348184,72.26843387076958,67.22295700648839,0.0,0.0,0.0,0.0,0.0,0.0,0.0,0.0,0.0,0.0,0.0,0.0,0.0,0.0,0.0,0.0
64,64,0.0,73.55089688632307,87.88846953216368,0.0,70.09414280598324,0.0,87.21186636367149,0.0,86.66805926480076,91.40469699654554,79.40980467444011,72.42614755115672,67.43306387183182,0.0,0.0,0.0,0.0,0.0,0.0,0.0,0.0,0.0,0.0,0.0,0.0,0.0,0.0,0.0,0.0
65,65,0.0,73.09368958090154,87.87827979465642,0.0,69.88273359653712,0.0,87.07830229371176,0.0,86.25526304130568,91.72822968581934,79.88633626827865,72.57879211405032,67.64013113576696,0.0,0.0,0.0,0.0,0.0,0.0,0.0,0.0,0.0,0.0,0.0,0.0,0.0,0.0,0.0,0.0
66,66,0.0,72.63873151643504,87.85721445506762,0.0,69.66783011942965,0.0,86.93480521861733,0.0,85.83809043803664,92.04261280109831,80.36317580293999,72.72626898455204,67.84405396593596,0.0,0.0,0.0,0.0,0.0,0.0,0.0,0.0,0.0,0.0,0.0,0.0,0.0,0.0,0.0,0.0
67,67,0.0,72.18610957145978,87.82528038719771,0.0,69.44955231871536,0.0,86.78151806120621,0.0,85.41683268754649,92.34749860009588,80.84014962776786,72.86846893575766,68.0447217747981,0.0,0.0,0.0,0.0,0.0,0.0,0.0,0.0,0.0,0.0,0.0,0.0,0.0,0.0,0.0,0.0
68,68,0.0,71.73590621769337,87.78251880964909,0.0,69.22802492051561,0.0,86.61861499000096,0.0,84.99180022291031,92.64257903464748,81.31705538375275,73.00529620239723,68.24202873004919,0.0,0.0,0.0,0.0,0.0,0.0,0.0,0.0,0.0,0.0,0.0,0.0,0.0,0.0,0.0,0.0
69,69,0.0,71.28818808999583,87.72897886559053,0.0,69.00336093415495,0.0,86.44624968663234,0.0,84.56326437263186,92.92751885847836,81.79368342702892,73.13665059571879,68.43586334757914,0.0,0.0,0.0,0.0,0.0,0.0,0.0,0.0,0.0,0.0,0.0,0.0,0.0,0.0,0.0,0.0
70,70,0.0,70.84303534069221,87.66471752136778,0.0,68.77568341927689,0.0,86.26460628882704,0.0,84.13152319262304,93.20200464802633,82.26981676548549,73.26243971250487,68.62611378038099,0.0,0.0,0.0,0.0,0.0,0.0,0.0,0.0,0.0,0.0,0.0,0.0,0.0,0.0,0.0,0.0
71,71,0.0,70.40050125156891,87.58981688751577,0.0,68.54510369082668,0.0,86.07386487400889,0.0,83.69685190460271,93.46573604532664,82.7452232263961,73.38257303984307,68.8126786734886,67.00913410644614,0.0,0.0,0.0,0.0,0.0,0.0,0.0,0.0,0.0,0.0,0.0,0.0,0.0,0.0,0.0
72,72,0.0,69.96064713598601,87.50434911530617,0.0,68.31174281187745,0.0,85.87421808108985,0.0,83.25951935414835,93.71838668483241,83.21968644902638,73.49695593147578,68.99544049903774,67.29258970943366,0.0,0.0,0.0,0.0,0.0,0.0,0.0,0.0,0.0,0.0,0.0,0.0,0.0,0.0,0.0
73,73,0.0,69.52353075250927,87.40840245053428,0.0,68.07572062405013,0.0,85.66586225124045,0.0,82.81978790605224,93.9596842484811,83.69295148424219,73.60551425747175,69.17430328702926,67.57475361131385,0.0,0.0,0.0,0.0,0.0,0.0,0.0,0.0,0.0,0.0,0.0,0.0,0.0,0.0,0.0
74,74,0.0,69.0892009888863,87.30209829601185,0.0,67.83715044499243,0.0,85.44900539299745,0.0,82.37792106959492,94.18933168815967,84.1647712855815,73.70816391623536,69.34914956271027,67.85551063469346,0.0,0.0,0.0,0.0,0.0,0.0,0.0,0.0,0.0,0.0,0.0,0.0,0.0,0.0,0.0
75,75,0.0,68.65770366352045,87.18553021384828,0.0,67.5961391850594,0.0,85.22385012688669,0.0,81.93415250105862,94.40704757192583,84.63489133024218,73.80482314519254,69.5198783402129,68.13474854367782,0.0,0.0,0.0,0.0,0.0,0.0,0.0,0.0,0.0,0.0,0.0,0.0,0.0,0.0,0.0
76,76,0.0,68.22908691261443,87.05884168606859,0.0,67.35281324664516,0.0,84.9906099863001,0.0,81.48874756147238,94.61258725860888,85.10304140862553,73.89541883671481,69.68638355781457,68.41234765133802,0.0,0.0,0.0,0.0,0.0,0.0,0.0,0.0,0.0,0.0,0.0,0.0,0.0,0.0,0.0
77,77,0.0,67.8033852843385,86.92215656636147,0.0,67.107271660073,0.0,84.74950886215021,0.0,81.04191911684937,94.80568282500249,85.56894352984533,73.97988671829846,69.8485651358507,68.68820208318829,0.0,0.0,0.0,0.0,0.0,0.0,0.0,0.0,0.0,0.0,0.0,0.0,0.0,0.0,0.0
78,78,0.0,67.38063596906984,86.77562200617942,0.0,0.0,0.0,84.50076420378628,0.0,80.59390380384909,94.98609425167905,86.03232038748958,74.05815905050035,70.00631250101927,68.96218262800302,0.0,0.0,0.0,0.0,0.0,0.0,0.0,0.0,0.0,0.0,0.0,0.0,0.0,0.0,0.0
79,79,0.0,0.0,86.61939937911608,0.0,0.0,0.0,84.24460305618359,0.0,80.14492388008169,95.15360007698791,86.49286188171118,74.130177139955,70.15953800582037,69.23417405125186,0.0,0.0,0.0,0.0,0.0,0.0,0.0,0.0,0.0,0.0,0.0,0.0,0.0,0.0,0.0
80,80,0.0,0.0,86.45363835224867,0.0,0.0,0.0,83.9812534755594,0.0,79.6951876423193,95.30797744016851,86.95028400136512,74.19587897539202,70.30812696433317,69.50404833437892,0.0,0.0,0.0,0.0,0.0,0.0,0.0,0.0,0.0,0.0,0.0,0.0,0.0,0.0,0.0
81,81,0.0,0.0,86.27851075839105,0.0,0.0,0.0,83.71093624403869,0.0,79.244896988838,95.44904382293379,87.40427865795101,74.255224319126,70.45199357125558,69.77168089572885,0.0,0.0,0.0,0.0,0.0,0.0,0.0,0.0,0.0,0.0,0.0,0.0,0.0,0.0,0.0
82,82,0.0,0.0,86.09420995892816,0.0,0.0,0.0,83.43390437204087,0.0,78.79425450203956,95.57660606168558,87.85451292659357,74.30815727929465,70.59103628603873,70.03693971045136,67.31828213841726,0.0,0.0,0.0,0.0,0.0,0.0,0.0,0.0,0.0,0.0,0.0,0.0,0.0,0.0
83,83,0.0,0.0,85.90089984121023,0.0,0.0,0.0,83.15037102073505,0.0,78.34344215979337,95.69051252490944,88.30068148057767,74.3546439375786,70.72517170745593,70.29970762511371,67.7253576668491,0.0,0.0,0.0,0.0,0.0,0.0,0.0,0.0,0.0,0.0,0.0,0.0,0.0,0.0
84,84,0.0,0.0,85.69879037131241,0.0,0.0,0.0,82.86058856629337,0.0,77.89264976632205,95.79059131749726,88.74244592534522,74.3946410834768,70.85429506659257,70.55984344695098,68.13483822544052,0.0,0.0,0.0,0.0,0.0,0.0,0.0,0.0,0.0,0.0,0.0,0.0,0.0,0.0
85,85,0.0,0.0,85.48806154363268,0.0,0.0,0.0,82.56477722803396,0.0,77.44204694818494,95.87671300635162,89.17946079463155,74.42812138008682,70.97832571969805,70.81721537535095,68.54666809056792,0.0,0.0,0.0,0.0,0.0,0.0,0.0,0.0,0.0,0.0,0.0,0.0,0.0,0.0
86,86,0.0,0.0,85.26893823118114,0.0,0.0,0.0,82.26317972990381,0.0,76.99181095850692,95.94878079628766,89.61140117710686,74.45505457174764,71.09718468075424,71.0716957537004,68.9607991553556,0.0,0.0,0.0,0.0,0.0,0.0,0.0,0.0,0.0,0.0,0.0,0.0,0.0,0.0
87,87,0.0,0.0,85.04161482429967,0.0,0.0,0.0,81.95603729148708,0.0,76.5420926712512,96.00668904786238,90.0378906045768,74.47542640990022,71.21077742747829,71.32314401172098,69.37717508284068,0.0,0.0,0.0,0.0,0.0,0.0,0.0,0.0,0.0,0.0,0.0,0.0,0.0,0.0
88,88,0.0,0.0,84.80630480908607,0.0,0.0,0.0,81.64358178928775,0.0,76.09304415324827,96.05036531883263,90.45859216825956,74.48920719105263,71.31902841115063,71.57142380774614,69.79572536080028,67.12716921828734,0.0,0.0,0.0,0.0,0.0,0.0,0.0,0.0,0.0,0.0,0.0,0.0,0.0
89,89,0.0,0.0,84.56323999441499,0.0,0.0,0.0,81.32603580027545,0.0,75.64482485386365,96.07973919591522,90.87314532299156,74.49640220472102,71.42186403435977,71.81640332353257,70.21639255942422,67.44891568586618,0.0,0.0,0.0,0.0,0.0,0.0,0.0,0.0,0.0,0.0,0.0,0.0,0.0
90,90,0.0,0.0,84.3126212353217,0.0,0.0,0.0,81.00364249447402,0.0,75.19756879423946,96.09478440097733,91.2811748551067,74.49698871319828,71.5192069300161,72.05793785739816,70.63909922305018,67.77035829264288,0.0,0.0,0.0,0.0,0.0,0.0,0.0,0.0,0.0,0.0,0.0,0.0,0.0
91,91,0.0,0.0,84.05469935974199,0.0,0.0,0.0,80.67663493721845,0.0,74.75141120895712,96.09546647797012,91.68232906454853,74.49098532104345,71.6109876318873,72.2958873498628,71.06378119720183,68.09139660561293,0.0,0.0,0.0,0.0,0.0,0.0,0.0,0.0,0.0,0.0,0.0,0.0,0.0
92,92,0.0,0.0,83.78967762588043,0.0,0.0,0.0,80.3452288401025,0.0,74.30647570803094,96.08180579639698,92.07621399349189,74.47838260713101,71.69713890122993,72.53011668859466,71.49034790940289,68.41192749517346,0.0,0.0,0.0,0.0,0.0,0.0,0.0,0.0,0.0,0.0,0.0,0.0,0.0
93,93,0.0,0.0,83.51780803716544,0.0,0.0,0.0,80.0096666224492,0.0,73.86289334718599,96.0537936172909,92.4624699562642,74.45919356970404,71.77760752346781,72.76048397958836,71.91871615938365,68.73183439095746,0.0,0.0,0.0,0.0,0.0,0.0,0.0,0.0,0.0,0.0,0.0,0.0,0.0
94,94,0.0,0.0,83.23930287462203,0.0,0.0,0.0,79.67015830188852,0.0,73.4207652279256,96.011486465108,92.84070507873471,74.43343468686022,71.85231931529965,72.98685257966224,72.34880476897013,69.05101386897461,0.0,0.0,0.0,0.0,0.0,0.0,0.0,0.0,0.0,0.0,0.0,0.0,0.0
95,95,0.0,0.0,82.95440609028626,0.0,0.0,0.0,79.32693261141017,0.0,72.980218545899,95.95494304801531,93.21056372266044,74.4011258919469,71.92123186685942,73.20907922362105,72.78051076866227,69.36934359022142,0.0,0.0,0.0,0.0,0.0,0.0,0.0,0.0,0.0,0.0,0.0,0.0,0.0
96,96,0.0,0.0,82.66335311868166,0.0,0.0,0.0,78.98020755998547,0.0,72.54134506326882,95.88422415770339,93.57165893087786,74.3622905444545,71.98428190484479,73.42702009205244,73.21373869118129,69.68670914493933,0.0,0.0,0.0,0.0,0.0,0.0,0.0,0.0,0.0,0.0,0.0,0.0,0.0
97,97,0.0,0.0,82.3663708590775,0.0,0.0,0.0,78.63019059779496,0.0,72.10424438357099,95.79943430434044,93.92361192642024,74.31696794878074,72.04143823527293,73.64054326971878,73.6483827024387,70.00298228614308,0.0,0.0,0.0,0.0,0.0,0.0,0.0,0.0,0.0,0.0,0.0,0.0,0.0
98,98,0.0,0.0,82.06370064206453,0.0,0.0,0.0,78.27709272473132,0.0,71.66901165501014,95.70067959445097,94.26605308035752,74.26518815929343,72.09264297855343,73.84950444464921,74.08433238440846,70.31804291462215,0.0,0.0,0.0,0.0,0.0,0.0,0.0,0.0,0.0,0.0,0.0,0.0,0.0
99,99,0.0,0.0,81.75557461534002,0.0,0.0,0.0,77.92112805708715,0.0,71.235737674396,95.58809871687099,94.59860254214395,74.20699078762372,72.13786464051078,74.05375915815686,74.52147264253227,70.63176825909466,0.0,0.0,0.0,0.0,0.0,0.0,0.0,0.0,0.0,0.0,0.0,0.0,0.0
100,100,0.0,0.0,81.44222331346575,0.0,0.0,0.0,77.56249289377728,0.0,70.80449759823902,95.4618313224154,94.920890987887,74.14241865544577,72.17706872191964,74.25318174883795,74.95967723044436,70.94401573925236,0.0,0.0,0.0,0.0,0.0,0.0,0.0,0.0,0.0,0.0,0.0,0.0,0.0
101,101,0.0,0.0,81.12388289878128,0.0,0.0,0.0,77.20138657199438,0.0,70.3753798771038,95.32204879145725,95.23256061850086,74.07153020333982,72.21022365475636,74.44763450678316,75.39882120797479,71.25465685619596,0.0,0.0,0.0,0.0,0.0,0.0,0.0,0.0,0.0,0.0,0.0,0.0,0.0
102,102,0.0,0.0,80.80077980098034,0.0,0.0,0.0,76.83801106554675,0.0,69.9484464052619,95.16892267481774,95.53325577769934,73.99437440951648,72.23730677649145,74.63697381675588,75.83876815778325,71.5635546983832,0.0,0.0,0.0,0.0,0.0,0.0,0.0,0.0,0.0,0.0,0.0,0.0,0.0
103,103,0.0,0.0,80.47315287594587,0.0,0.0,0.0,76.47254401038359,0.0,69.5237724294158,95.00266547251196,95.82261317848399,73.9110156725789,72.25829252176761,74.82107560057517,76.27938294833336,71.87056959794869,0.0,0.0,0.0,0.0,0.0,0.0,0.0,0.0,0.0,0.0,0.0,0.0,0.0
104,104,0.0,0.0,80.141216108348,0.0,0.0,0.0,76.10517908716162,0.0,69.10141850292561,94.8234683342954,96.10029376112524,73.8215150121084,72.27317618023945,74.99980397778506,76.72050528124778,72.17555325432188,0.0,0.0,0.0,0.0,0.0,0.0,0.0,0.0,0.0,0.0,0.0,0.0,0.0
105,105,0.0,0.0,79.80520275509325,0.0,0.0,0.0,75.7360924221306,0.0,68.68144733038336,94.63157240465924,96.36596288486841,73.7259362314217,72.28193239175165,75.17302395533629,77.16199582308087,72.47836644304346,0.0,0.0,0.0,0.0,0.0,0.0,0.0,0.0,0.0,0.0,0.0,0.0,0.0
106,106,0.0,0.0,79.46532837421523,0.0,0.0,0.0,75.36546254353641,0.0,68.26390764637992,94.42720671016899,96.61928039936261,73.6243581503754,72.28456263773597,75.34062094027492,77.60368292969424,72.77886151199904,0.0,0.0,0.0,0.0,0.0,0.0,0.0,0.0,0.0,0.0,0.0,0.0,0.0
107,107,0.0,0.0,79.121812615991,0.0,0.0,0.0,74.9934636378852,0.0,67.84886111060567,94.21062841486763,96.8599437133659,73.51685591130659,72.2810655806108,75.50246893073404,78.04540947987435,73.07687612630774,0.0,0.0,0.0,0.0,0.0,0.0,0.0,0.0,0.0,0.0,0.0,0.0,0.0
108,108,0.0,0.0,78.77487171109316,0.0,0.0,0.0,74.62026552434347,0.0,67.43635043054277,93.98210174950886,97.08764642444402,73.4035132089205,72.27143706332242,75.65843689153529,78.48699198514026,73.37226343344005,0.0,0.0,0.0,0.0,0.0,0.0,0.0,0.0,0.0,0.0,0.0,0.0,0.0
109,109,0.0,0.0,78.42472531962756,0.0,0.0,0.0,74.246021109325,0.0,67.02642082492615,93.74189745105129,97.3020894849723,73.28440377974306,72.25569385131142,75.80841490634646,78.9282618337457,73.66487437795035,0.0,0.0,0.0,0.0,0.0,0.0,0.0,0.0,0.0,0.0,0.0,0.0,0.0
110,110,0.0,0.0,78.07156838417315,0.0,0.0,0.0,73.87089181305696,0.0,0.0,93.49030213409675,97.50300348030324,73.15962798994255,72.23383800708154,75.95228194315628,79.36901632025398,73.95453913632191,0.0,0.0,0.0,0.0,0.0,0.0,0.0,0.0,0.0,0.0,0.0,0.0,0.0
111,111,0.0,0.0,77.71561313732985,0.0,0.0,0.0,73.49503465875503,0.0,0.0,93.22761745276087,97.69011717929557,73.02926382186702,72.20589840137781,76.08993207417177,79.80907492666407,74.24109779636393,0.0,0.0,0.0,0.0,0.0,0.0,0.0,0.0,0.0,0.0,0.0,0.0,0.0
112,112,0.0,0.0,77.35706085363518,0.0,0.0,0.0,73.11859012734516,0.0,0.0,92.95412977769703,97.86319059579222,72.8934154963615,72.17188324492004,76.22125505918581,80.24822234229059,74.52439462902687,0.0,0.0,0.0,0.0,0.0,0.0,0.0,0.0,0.0,0.0,0.0,0.0,0.0
113,113,0.0,0.0,76.99610207233259,0.0,0.0,0.0,72.74171285903202,0.0,0.0,92.67015899777223,98.0219722934212,72.75217681953607,72.13182155964408,76.34614962509268,80.68626603307165,74.8042657132523,0.0,0.0,0.0,0.0,0.0,0.0,0.0,0.0,0.0,0.0,0.0,0.0,0.0
114,114,0.0,0.0,76.63293685367628,0.0,0.0,0.0,72.36452907878144,0.0,0.0,92.37601826189903,98.1662653190967,72.60564327362344,72.08575124370446,76.46451043119293,81.12297053143567,75.08053880866126,0.0,0.0,0.0,0.0,0.0,0.0,0.0,0.0,0.0,0.0,0.0,0.0,0.0
115,115,0.0,0.0,76.2677410249119,0.0,0.0,0.0,71.98717319459442,0.0,0.0,92.07203297350605,98.29587348338124,72.45391786739138,72.03370129457657,76.57624810147466,81.55812346250194,75.35304614689048,0.0,0.0,0.0,0.0,0.0,0.0,0.0,0.0,0.0,0.0,0.0,0.0,0.0
116,116,0.0,0.0,75.9007128974459,0.0,0.0,0.0,71.60978137533746,0.0,0.0,91.75853033698634,98.41061268993667,72.29711089243061,71.97570950669076,76.68126951069942,81.9914989723111,75.62162479419962,67.31189194605564,0.0,0.0,0.0,0.0,0.0,0.0,0.0,0.0,0.0,0.0,0.0,0.0
117,117,0.0,0.0,75.53202656633039,0.0,0.0,0.0,71.2324797442754,0.0,0.0,91.4358387965381,98.51031139893037,72.13532784235939,71.91182237714499,76.7794845217358,82.42284963702569,75.88610392636427,67.66013789904969,0.0,0.0,0.0,0.0,0.0,0.0,0.0,0.0,0.0,0.0,0.0,0.0
118,118,0.0,0.0,75.16184566061625,0.0,0.0,0.0,70.85537901830516,0.0,0.0,91.10429692381165,98.59485525322911,71.96867530694232,71.84208912876527,76.87081954863376,82.85194470461211,76.14631132990485,68.008757673204,0.0,0.0,0.0,0.0,0.0,0.0,0.0,0.0,0.0,0.0,0.0,0.0
119,119,0.0,0.0,74.79035540971815,0.0,0.0,0.0,70.47859773219095,0.0,0.0,90.76423381733017,98.66411036926165,71.79726671069145,71.7665557900564,76.95519764587054,83.27851619639384,76.4020735522762,68.35765376957116,0.0,0.0,0.0,0.0,0.0,0.0,0.0,0.0,0.0,0.0,0.0,0.0
120,120,0.0,0.0,74.41770471612901,0.0,0.0,0.0,70.10225050529384,0.0,0.0,90.41598751930587,98.71797877630765,71.62121622266125,71.6852827100556,77.03254528747713,83.702313103911,76.65322941362109,68.70673086269655,0.0,0.0,0.0,0.0,0.0,0.0,0.0,0.0,0.0,0.0,0.0,0.0
121,121,0.0,0.0,74.0440700207845,0.0,0.0,0.0,69.7264425648238,0.0,0.0,90.05991338078468,98.75638774271626,71.44063283411485,71.59832687727965,77.10279923464957,84.12307856435937,76.89959700241876,69.05588520149644,0.0,0.0,0.0,0.0,0.0,0.0,0.0,0.0,0.0,0.0,0.0,0.0
122,122,0.0,0.0,73.66959821438289,0.0,0.0,0.0,69.35127009364392,0.0,0.0,89.69632798522376,98.77929002385295,71.25563769747124,71.50575353169354,77.16589993283937,84.54053372744593,77.14100024877972,69.40500977979683,0.0,0.0,0.0,0.0,0.0,0.0,0.0,0.0,0.0,0.0,0.0,0.0
123,123,0.0,0.0,73.29443841801285,0.0,0.0,0.0,68.97683679437675,0.0,0.0,89.32559178204555,98.78664184577453,71.06634075212092,71.40763021363946,77.22179160348155,84.95440989170534,77.3772829266058,69.75398877880265,0.0,0.0,0.0,0.0,0.0,0.0,0.0,0.0,0.0,0.0,0.0,0.0
124,124,0.0,0.0,72.91873563221249,0.0,0.0,0.0,68.60323730881038,0.0,0.0,88.94802584910494,98.77844735097533,70.87286374691945,71.30402089856031,77.27042911605966,85.36441632807873,77.60826838491373,70.10271401860702,0.0,0.0,0.0,0.0,0.0,0.0,0.0,0.0,0.0,0.0,0.0,0.0
125,125,0.0,0.0,72.54263672865022,0.0,0.0,0.0,68.23056285717342,0.0,0.0,88.56396648216176,98.75470319273954,70.67532846358904,71.19500903569839,77.31177131459178,85.77026473577007,77.83378665617562,70.45106293041196,0.0,0.0,0.0,0.0,0.0,0.0,0.0,0.0,0.0,0.0,0.0,0.0
126,126,0.0,0.0,72.16627240373225,0.0,0.0,0.0,67.85889082946467,0.0,0.0,88.17375520200106,98.71544286439908,70.4738509578958,71.0806627399447,77.3457810820833,86.17166982972184,78.05366792812038,70.7989150709892,67.38004265922383,0.0,0.0,0.0,0.0,0.0,0.0,0.0,0.0,0.0,0.0,0.0
127,127,0.0,0.0,71.78978124674703,0.0,0.0,0.0,67.48831129290349,0.0,0.0,87.77772047843246,98.66073655845565,70.268552834326,70.96106930590237,77.37243220240629,86.56832439433407,78.26774970258255,71.14614663576552,67.74733937721719,0.0,0.0,0.0,0.0,0.0,0.0,0.0,0.0,0.0,0.0,0.0
128,128,0.0,0.0,71.41328597117646,0.0,0.0,0.0,67.11890059850991,0.0,0.0,87.37617777874863,98.59064670534705,70.05954982121679,70.83631201366948,77.39170262449335,86.95993311200054,78.47587018592895,71.49262464211036,68.1155989830341,0.0,0.0,0.0,0.0,0.0,0.0,0.0,0.0,0.0,0.0,0.0
129,129,0.0,0.0,71.03691126343506,0.0,0.0,0.0,0.0,0.0,0.0,86.96946403288868,98.50528307340065,69.84696292308905,70.70647012410592,77.40356768876025,87.34617891236935,78.67785441914732,71.83820664407084,68.48473934319088,0.0,0.0,0.0,0.0,0.0,0.0,0.0,0.0,0.0,0.0,0.0
130,130,0.0,0.0,70.66076649266452,0.0,0.0,0.0,0.0,0.0,0.0,86.55788504463682,98.40475822789581,69.63091815328677,70.57163586415248,77.40802738836751,87.72675746851282,78.87355654669341,72.18277005481379,68.85466985672439,0.0,0.0,0.0,0.0,0.0,0.0,0.0,0.0,0.0,0.0,0.0
131,131,0.0,0.0,70.2849800358709,0.0,0.0,0.0,0.0,0.0,0.0,86.14175859770614,98.2892092968189,69.41152436383943,70.43190283470801,77.4050723543914,88.1013517951051,79.06281100097921,72.52615948518954,69.22529655959715,0.0,0.0,0.0,0.0,0.0,0.0,0.0,0.0,0.0,0.0,0.0
132,132,0.0,0.0,69.9096481352078,0.0,0.0,0.0,0.0,0.0,0.0,85.72139669378417,98.15880845914764,69.18891175355287,70.28736028789703,77.394704284949,88.4696410897248,79.24546787965062,72.86823361522575,69.59651656780666,0.0,0.0,0.0,0.0,0.0,0.0,0.0,0.0,0.0,0.0,0.0
133,133,0.0,0.0,69.53488039486962,0.0,0.0,0.0,0.0,0.0,0.0,85.29708879097386,98.0137294959176,68.96319865107984,70.1381099086499,77.37693594016231,88.83131901587821,79.42137915224899,73.20884169802584,69.9682399847024,0.0,0.0,0.0,0.0,0.0,0.0,0.0,0.0,0.0,0.0,0.0
134,134,0.0,0.0,69.16078262970358,0.0,0.0,0.0,0.0,0.0,0.0,84.86913516904629,97.8541583847392,68.73449714896336,69.98423764102222,77.35177751308234,89.18604056039239,79.5903916670307,73.54782944893536,70.34035700448875,0.0,0.0,0.0,0.0,0.0,0.0,0.0,0.0,0.0,0.0,0.0
135,135,0.0,0.0,68.78744078906074,0.0,0.0,0.0,0.0,0.0,0.0,84.4378216193447,97.68032537316383,68.50292920082148,69.8258527363244,77.31925021765808,89.53350297897296,79.75236889458232,73.88503907720944,70.71275402552442,0.0,0.0,0.0,0.0,0.0,0.0,0.0,0.0,0.0,0.0,0.0
136,136,0.0,0.0,68.41495911739727,0.0,0.0,0.0,0.0,0.0,0.0,84.0034437593603,97.49247147625094,68.26861559082957,69.66305405678837,77.27939301954562,89.873374542999,79.90716240585937,74.22031558478186,71.08531934675823,0.0,0.0,0.0,0.0,0.0,0.0,0.0,0.0,0.0,0.0,0.0
137,137,0.0,0.0,68.04341169666247,0.0,0.0,0.0,0.0,0.0,0.0,83.56625845182491,97.29081562539143,68.03166533863187,69.49594120011592,77.23222862284317,90.20534015613724,80.05464821394897,74.55348182974916,71.45793182231206,0.0,0.0,0.0,0.0,0.0,0.0,0.0,0.0,0.0,0.0,0.0
138,138,0.0,0.0,67.67289598237552,0.0,0.0,0.0,0.0,0.0,0.0,83.12654032062284,97.07565116526634,67.79219688702854,69.32462532009464,77.17779738600554,90.52906523082082,80.19469814624487,74.8843759706249,71.83047224943981,0.0,0.0,0.0,0.0,0.0,0.0,0.0,0.0,0.0,0.0,0.0
139,139,0.0,0.0,67.3034851044768,0.0,0.0,0.0,0.0,0.0,0.0,82.6845570992303,96.84725855675794,67.5503272966881,69.14920158210231,77.11615041785561,90.84423300678617,80.32718723856581,75.21282665870778,72.2028058666749,0.0,0.0,0.0,0.0,0.0,0.0,0.0,0.0,0.0,0.0,0.0
140,140,0.0,0.0,0.0,0.0,0.0,0.0,0.0,0.0,0.0,82.24056186751868,96.60590521160314,67.30616188676916,68.96978190892838,77.04734270281553,91.15053624999857,80.45199392953135,75.53865931240591,72.57481164156059,0.0,0.0,0.0,0.0,0.0,0.0,0.0,0.0,0.0,0.0,0.0
141,141,0.0,0.0,0.0,0.0,0.0,0.0,0.0,0.0,0.0,81.79479340819478,96.35191925358797,67.05982010288805,68.78646757570068,76.97142628227836,91.44764004296792,80.56900762970191,75.86168965706895,72.94634688425015,67.21909046612544,0.0,0.0,0.0,0.0,0.0,0.0,0.0,0.0,0.0,0.0
142,142,0.0,0.0,0.0,0.0,0.0,0.0,0.0,0.0,0.0,81.34749161774185,96.08560353769722,0.0,68.59937613544635,76.88846367238524,91.7352483205413,80.67812901184602,76.18173672717198,73.31726463283464,67.6196166044579,0.0,0.0,0.0,0.0,0.0,0.0,0.0,0.0,0.0,0.0
143,143,0.0,0.0,0.0,0.0,0.0,0.0,0.0,0.0,0.0,80.89889706304828,95.80729842579899,0.0,68.40860897468089,76.7985277024071,92.01303824751969,80.77925544658719,76.49861659206313,73.68742597763118,68.02234162891556,0.0,0.0,0.0,0.0,0.0,0.0,0.0,0.0,0.0,0.0
144,144,0.0,0.0,0.0,0.0,0.0,0.0,0.0,0.0,0.0,80.44922849189877,95.51733873064187,0.0,68.2142728133721,76.70169464549828,92.28072762095356,80.87228850380201,76.81214246348063,74.05668197451945,68.42721067128572,0.0,0.0,0.0,0.0,0.0,0.0,0.0,0.0,0.0,0.0
145,145,0.0,0.0,0.0,0.0,0.0,0.0,0.0,0.0,0.0,79.99869820300196,95.21606364241693,0.0,68.01648472257003,76.5980441037611,92.53800840960183,80.95714901304035,77.12213157158341,74.42486703955217,68.83416051656909,66.97598918398661,0.0,0.0,0.0,0.0,0.0,0.0,0.0,0.0,0.0
146,146,0.0,0.0,0.0,0.0,0.0,0.0,0.0,0.0,0.0,79.54751924733584,94.90382629580121,0.0,67.81534559547806,76.48765889007367,92.78459539537467,81.03375497897174,77.42837149745502,74.79183011443745,69.2431355463492,67.2105784562448,0.0,0.0,0.0,0.0,0.0,0.0,0.0,0.0,0.0
147,147,0.0,0.0,0.0,0.0,0.0,0.0,0.0,0.0,0.0,79.09589793393425,94.58099276724101,0.0,67.61097169336058,76.37062490697755,93.02020758304961,81.10203659194865,77.73068789892184,75.15740351668323,69.65406624608275,67.4427642765794,0.0,0.0,0.0,0.0,0.0,0.0,0.0,0.0,0.0
148,148,0.0,0.0,0.0,0.0,0.0,0.0,0.0,0.0,0.0,78.64401981042859,94.24792086944565,0.0,67.40346311333991,76.2470442356758,93.24456874228017,81.16192893129477,78.02887706869626,75.52141529878503,70.06687963282407,67.67242761530287,0.0,0.0,0.0,0.0,0.0,0.0,0.0,0.0,0.0
149,149,0.0,0.0,0.0,0.0,0.0,0.0,0.0,0.0,0.0,78.19207830723391,93.9049899190859,0.0,67.1929400988683,76.11700844933392,93.45741787986962,81.21337207703384,78.3227329151196,75.88369581882561,70.48150481216479,67.89946373312178,0.0,0.0,0.0,0.0,0.0,0.0,0.0,0.0,0.0
150,150,0.0,0.0,0.0,0.0,0.0,0.0,0.0,0.0,0.0,77.7402465143217,93.5525595820837,0.0,0.0,75.98062494064014,93.65851000379318,81.25632622051158,78.61206820311573,76.24407148193609,70.89785608911474,68.12376167645147,0.0,0.0,0.0,0.0,0.0,0.0,0.0,0.0,0.0
151,151,0.0,0.0,0.0,0.0,0.0,0.0,0.0,0.0,0.0,77.28869840737855,93.19100948207932,0.0,0.0,75.83799693924739,93.84759683498979,81.29074929748165,78.89667306177995,76.6023447803641,71.31585532995253,68.34520417042435,0.0,0.0,0.0,0.0,0.0,0.0,0.0,0.0,0.0
152,152,0.0,0.0,0.0,0.0,0.0,0.0,0.0,0.0,0.0,76.8376018076395,92.82071825937527,0.0,0.0,75.689243018979,94.02444721104257,81.31660453646856,79.17635002424775,76.9583405263146,71.73540916043241,68.56368354650017,0.0,0.0,0.0,0.0,0.0,0.0,0.0,0.0,0.0
153,153,0.0,0.0,0.0,0.0,0.0,0.0,0.0,0.0,0.0,76.38711182760679,92.44206298750056,0.0,0.0,75.53447075657215,94.18884778354375,81.33386052462927,79.45088603537822,77.31185961290831,72.1564318644443,68.77908065503946,0.0,0.0,0.0,0.0,0.0,0.0,0.0,0.0,0.0
154,154,0.0,0.0,0.0,0.0,0.0,0.0,0.0,0.0,0.0,75.93738444897288,92.05541861730877,0.0,0.0,75.37379621409413,94.34060367051416,81.34251382198802,79.72009549742712,77.6627124284786,72.57881007205839,68.99128624374903,0.0,0.0,0.0,0.0,0.0,0.0,0.0,0.0,0.0
155,155,0.0,0.0,0.0,0.0,0.0,0.0,0.0,0.0,0.0,75.48855679261474,91.66116699664687,0.0,0.0,75.20734365525637,94.47950862925371,81.34255141634945,79.9837632960509,78.01069881274807,73.00245578602117,69.20018504758575,0.0,0.0,0.0,0.0,0.0,0.0,0.0,0.0,0.0
156,156,0.0,0.0,0.0,0.0,0.0,0.0,0.0,0.0,0.0,75.04077357486912,91.25967702578076,0.0,0.0,75.03523885038169,94.6053960552775,81.33397328382313,80.2416952808856,78.35561482089331,73.42724678196747,69.4056611831725,0.0,0.0,0.0,0.0,0.0,0.0,0.0,0.0,0.0
157,157,0.0,0.0,0.0,0.0,0.0,0.0,0.0,0.0,0.0,74.59416114203661,90.85132335792684,0.0,0.0,74.85760891867163,94.71809902497404,81.31678487478231,80.49368238930862,78.69725283093246,73.85307434402945,69.60759823886448,0.0,0.0,0.0,0.0,0.0,0.0,0.0,0.0,0.0
158,158,0.0,0.0,0.0,0.0,0.0,0.0,0.0,0.0,0.0,74.14885331747446,90.43647623725064,0.0,0.0,74.67457583568063,94.81749141362968,81.29100461455778,80.73952264775723,79.03540166285096,74.27981289928037,69.80588490580212,0.0,0.0,0.0,0.0,0.0,0.0,0.0,0.0,0.0
159,159,0.0,0.0,0.0,0.0,0.0,0.0,0.0,0.0,0.0,73.70495370993885,90.01549187073162,0.0,0.0,74.4862753535834,94.90342713530553,81.25665635138037,80.97902910009017,79.3698467097681,74.7073445894097,70.00039852499614,0.0,0.0,0.0,0.0,0.0,0.0,0.0,0.0,0.0
160,160,0.0,0.0,0.0,0.0,0.0,0.0,0.0,0.0,0.0,73.26258609602661,89.58873071500766,0.0,0.0,74.29283771455646,94.9758119271704,81.21377680977518,81.21199301798347,79.70037729977477,75.13552784287863,70.1910384708308,0.0,0.0,0.0,0.0,0.0,0.0,0.0,0.0,0.0
161,161,0.0,0.0,0.0,0.0,0.0,0.0,0.0,0.0,0.0,72.8218568845287,89.15656571745656,0.0,0.0,74.09439390028005,95.03453209316149,81.16240052187423,81.438228733332,80.02676531541776,75.56423513838259,70.37768182953822,0.0,0.0,0.0,0.0,0.0,0.0,0.0,0.0,0.0
162,162,0.0,0.0,0.0,0.0,0.0,0.0,0.0,0.0,0.0,72.38286190978562,88.7193274349095,0.0,0.0,73.89109409955263,95.07952646074025,81.10258223248866,81.65752906544071,80.34879411525432,75.9933146608548,70.5602225084544,0.0,0.0,0.0,0.0,0.0,0.0,0.0,0.0,0.0
163,163,0.0,0.0,0.0,0.0,0.0,0.0,0.0,0.0,0.0,71.94570453894003,88.27736748864933,0.0,0.0,73.68305768613094,95.11072509606724,81.03437432116446,81.86972591504305,80.66624451332038,76.42261567518166,70.73853766401092,0.0,0.0,0.0,0.0,0.0,0.0,0.0,0.0,0.0
164,164,0.0,0.0,0.0,0.0,0.0,0.0,0.0,0.0,0.0,71.51047181471637,87.83102189697242,0.0,0.0,73.47043528811723,95.12809051437813,80.95784166394124,82.07461496513089,80.97888006392914,76.85198212178366,70.91252738291274,0.0,0.0,0.0,0.0,0.0,0.0,0.0,0.0,0.0
165,165,0.0,0.0,0.0,0.0,0.0,0.0,0.0,0.0,0.0,71.07724675176982,87.3806199515971,0.0,0.0,73.25335897866837,95.1316075522821,80.87305402660043,82.27202422088394,81.28647672911346,77.28125934730005,71.08208090207037,67.09611739929655,0.0,0.0,0.0,0.0,0.0,0.0,0.0,0.0
166,166,0.0,0.0,0.0,0.0,0.0,0.0,0.0,0.0,0.0,70.64610843503296,86.92649258714579,0.0,0.0,73.03197904380558,95.12127313770922,80.7800933615929,82.46176866250386,81.58880853730459,77.71026698333601,71.2470822093364,67.42759731871094,0.0,0.0,0.0,0.0,0.0,0.0,0.0,0.0
167,167,0.0,0.0,0.0,0.0,0.0,0.0,0.0,0.0,0.0,70.21713772126078,86.46894625011693,0.0,0.0,72.80642112921767,95.0970860199611,80.67903879726623,82.6436889663444,81.88564018984441,78.13883246022068,71.40742741110425,67.75906600903414,0.0,0.0,0.0,0.0,0.0,0.0,0.0,0.0
168,168,0.0,0.0,0.0,0.0,0.0,0.0,0.0,0.0,0.0,69.79040592875842,86.00828885336486,0.0,0.0,72.57683474444418,95.05907759640098,80.56999609967973,82.81759772311837,82.17674237572588,78.56677769878443,71.56301346970425,68.0904324508478,0.0,0.0,0.0,0.0,0.0,0.0,0.0,0.0
169,169,0.0,0.0,0.0,0.0,0.0,0.0,0.0,0.0,0.0,69.36597527970056,85.54482918447391,0.0,0.0,72.34335669722324,95.00731178430749,80.45304572832268,82.98334948522505,82.46189229802178,78.99391199306218,71.71373831493904,68.42158707292295,0.0,0.0,0.0,0.0,0.0,0.0,0.0,0.0
170,170,0.0,0.0,0.0,0.0,0.0,0.0,0.0,0.0,0.0,68.94391013349343,85.07885988526922,0.0,0.0,72.1061290783288,94.94185404826132,80.32830910187292,83.14078682929005,82.74084308029867,79.42003877683393,71.85950095699707,68.7524278201074,0.0,0.0,0.0,0.0,0.0,0.0,0.0,0.0
171,171,0.0,0.0,0.0,0.0,0.0,0.0,0.0,0.0,0.0,68.52426607785634,84.61065780844359,0.0,0.0,71.86528721247862,94.86278152551641,80.19589670403978,83.289748186697,83.01337807754412,79.84495561346331,72.00019570962289,69.08284438249318,0.0,0.0,0.0,0.0,0.0,0.0,0.0,0.0
172,172,0.0,0.0,0.0,0.0,0.0,0.0,0.0,0.0,0.0,68.1070956216657,84.14049243988114,0.0,0.0,71.62097723079607,94.7702032573165,80.05591541801424,83.43009960795438,83.27926490149956,80.26846151811377,72.13573584680468,69.4127288746698,0.0,0.0,0.0,0.0,0.0,0.0,0.0,0.0
173,173,0.0,0.0,0.0,0.0,0.0,0.0,0.0,0.0,0.0,67.69244828431567,83.66864970874278,0.0,0.0,71.37333240872425,94.66422920619526,79.90849750594683,83.56169573648287,83.53827899563825,80.69032776044362,72.26601844048126,69.74195950496524,0.0,0.0,0.0,0.0,0.0,0.0,0.0,0.0
174,174,0.0,0.0,0.0,0.0,0.0,0.0,0.0,0.0,0.0,67.28037582817939,83.19537554723412,0.0,0.0,71.12249645781681,94.54500057317908,79.7537711072207,83.68441958721328,83.79018822608839,81.11034158698651,72.3909598827398,70.07042236698842,0.0,0.0,0.0,0.0,0.0,0.0,0.0,0.0
175,175,0.0,0.0,0.0,0.0,0.0,0.0,0.0,0.0,0.0,0.0,82.72091654775535,0.0,0.0,70.86859448571467,94.41267910782594,79.59186737534782,83.7981432235965,84.03476900369905,81.52826964956371,72.51046045790356,70.39798943342178,0.0,0.0,0.0,0.0,0.0,0.0,0.0,0.0
176,176,0.0,0.0,0.0,0.0,0.0,0.0,0.0,0.0,0.0,0.0,82.24551951176817,0.0,0.0,70.61177884711827,94.26741630687043,79.42292744968286,83.90275175282859,84.27180683829323,81.9438801749539,72.6244461148067,70.72454077269776,0.0,0.0,0.0,0.0,0.0,0.0,0.0,0.0
177,177,0.0,0.0,0.0,0.0,0.0,0.0,0.0,0.0,0.0,0.0,81.76942342056552,0.0,0.0,70.35216615518776,94.10940367897187,79.24708782711599,83.99814364102554,84.50108065359282,82.35693570805815,72.73283288185253,71.04994213466644,0.0,0.0,0.0,0.0,0.0,0.0,0.0,0.0
178,178,0.0,0.0,0.0,0.0,0.0,0.0,0.0,0.0,0.0,0.0,81.29283693710022,0.0,0.0,70.08989985427672,93.93883172971918,79.06450162904319,84.08421492766178,84.72237920466097,82.76718540686608,72.8355388431101,71.37406180620661,67.10979467453275,0.0,0.0,0.0,0.0,0.0,0.0,0.0
179,179,0.0,0.0,0.0,0.0,0.0,0.0,0.0,0.0,0.0,0.0,80.81599172150369,0.0,0.0,69.82511031573964,93.75591967418966,78.87530978726073,84.1608915239749,84.93550162086858,83.17437261476219,72.93249028899749,71.6967650501083,67.53157734349345,0.0,0.0,0.0,0.0,0.0,0.0,0.0
180,180,0.0,0.0,0.0,0.0,0.0,0.0,0.0,0.0,0.0,0.0,80.33908205112614,0.0,0.0,69.55792068294497,93.56087479843214,78.67967635115133,84.22808122113872,85.14022498304452,83.57824291180519,73.0236158373618,72.01791412878538,67.95637046569806,0.0,0.0,0.0,0.0,0.0,0.0,0.0
181,181,0.0,0.0,0.0,0.0,0.0,0.0,0.0,0.0,0.0,0.0,79.86231011714803,0.0,0.0,69.2884688397945,93.35395182660268,78.47775975960121,84.28573015770243,85.33637027373483,83.97853661292422,73.10884652766626,72.33736238741574,68.38413951110469,0.0,0.0,0.0,0.0,0.0,0.0,0.0
182,182,0.0,0.0,0.0,0.0,0.0,0.0,0.0,0.0,0.0,0.0,79.38587090269674,0.0,0.0,69.01686882073543,93.13538254458776,78.26971280529857,84.33376659805924,85.5237371618423,84.37497273393993,73.18812200027463,72.65496602472152,68.81484724120496,0.0,0.0,0.0,0.0,0.0,0.0,0.0
183,183,0.0,0.0,0.0,0.0,0.0,0.0,0.0,0.0,0.0,0.0,78.90995226665251,0.0,0.0,68.7432545681455,92.90543483069094,78.05569646481315,84.37214135440105,85.70213715808987,84.76728922782105,73.26137844946622,72.97057834573211,69.24845906440295,0.0,0.0,0.0,0.0,0.0,0.0,0.0
184,184,0.0,0.0,0.0,0.0,0.0,0.0,0.0,0.0,0.0,0.0,78.43471406357597,0.0,0.0,68.46774706178056,92.66436262345026,77.83587951005852,84.40081987723708,85.8714025005362,85.15519485879382,73.32856086616363,73.28404370693677,69.68492673065485,0.0,0.0,0.0,0.0,0.0,0.0,0.0
185,185,0.0,0.0,0.0,0.0,0.0,0.0,0.0,0.0,0.0,0.0,77.96033094869219,0.0,0.0,68.19045998417207,92.41245442648305,77.61042442054337,84.41977425768637,86.03134473835229,85.53840985651321,73.38962317430803,73.59520346606647,70.12420989737879,0.0,0.0,0.0,0.0,0.0,0.0,0.0
186,186,0.0,0.0,0.0,0.0,0.0,0.0,0.0,0.0,0.0,0.0,77.48695709600018,0.0,0.0,67.91151561679322,92.14999338195503,77.3795077959854,84.42897517999202,86.18180521893508,85.91665010981221,73.44451608994082,73.90390225201146,70.56624843601539,0.0,0.0,0.0,0.0,0.0,0.0,0.0
187,187,0.0,0.0,0.0,0.0,0.0,0.0,0.0,0.0,0.0,0.0,77.014754101517,0.0,0.0,67.63103397552587,91.87726658867538,77.14329270190262,84.42842436412444,86.32263890661392,86.28961894700386,73.49319327757762,74.20998203528127,71.01098991902165,0.0,0.0,0.0,0.0,0.0,0.0,0.0
188,188,0.0,0.0,0.0,0.0,0.0,0.0,0.0,0.0,0.0,0.0,76.54385697710738,0.0,0.0,67.34911731328452,91.5945836375644,76.90194233333077,84.41811409357537,86.45368081949444,86.65701556980385,73.5356237061804,74.5132758948875,71.45838442337144,0.0,0.0,0.0,0.0,0.0,0.0,0.0
189,189,0.0,0.0,0.0,0.0,0.0,0.0,0.0,0.0,0.0,0.0,76.0744018023409,0.0,0.0,67.065886517661,91.3022281167494,76.65564654638872,84.39805961188401,86.57480555101911,87.01855255317378,73.5717671687661,74.81362056776057,71.90834953995,0.0,0.0,0.0,0.0,0.0,0.0,0.0
190,190,0.0,0.0,0.0,0.0,0.0,0.0,0.0,0.0,0.0,0.0,75.60652542737662,0.0,0.0,0.0,91.00053328380699,76.40455447549228,84.36827480587867,86.6858853214692,87.37392216075709,73.6016050502745,75.11085038541682,72.3608338763822,0.0,0.0,0.0,0.0,0.0,0.0,0.0
191,191,0.0,0.0,0.0,0.0,0.0,0.0,0.0,0.0,0.0,0.0,75.14035235872824,0.0,0.0,0.0,90.68979586242234,76.14885474285786,84.32879644408465,86.78679010378123,87.72282219869878,73.62510348301122,75.40478445071085,72.8157528937849,0.0,0.0,0.0,0.0,0.0,0.0,0.0
192,192,0.0,0.0,0.0,0.0,0.0,0.0,0.0,0.0,0.0,0.0,74.67598894557759,0.0,0.0,0.0,90.37034176830933,75.88870851905945,84.27966790363041,86.87742207835672,88.06495671207082,73.64225646233814,75.69525880165976,73.27302352888377,0.0,0.0,0.0,0.0,0.0,0.0,0.0
193,193,0.0,0.0,0.0,0.0,0.0,0.0,0.0,0.0,0.0,0.0,74.21355557819443,0.0,0.0,0.0,90.04248777570906,75.62429574874584,84.22093908644015,86.95767315496074,88.40000116527274,73.6530427787753,75.98208791352064,73.73257062574822,0.0,0.0,0.0,0.0,0.0,0.0,0.0
194,194,0.0,0.0,0.0,0.0,0.0,0.0,0.0,0.0,0.0,0.0,73.7531485470546,0.0,0.0,0.0,89.70655964945938,75.35577559632323,84.15266632463708,87.02746804460158,88.72767339504747,73.65745066875944,76.26511034998146,74.1942963134709,0.0,0.0,0.0,0.0,0.0,0.0,0.0
195,195,0.0,0.0,0.0,0.0,0.0,0.0,0.0,0.0,0.0,0.0,73.29487184933039,0.0,0.0,0.0,89.36287317885065,75.08332542683164,84.07492030796261,87.08671293280241,89.04764554989451,73.6554840065068,76.54414326836881,74.65810406084093,0.0,0.0,0.0,0.0,0.0,0.0,0.0
196,196,0.0,0.0,0.0,0.0,0.0,0.0,0.0,0.0,0.0,0.0,72.838818455039,0.0,0.0,0.0,89.01175208001753,74.80711453062744,83.98778588535629,87.13536449168546,89.3596336336257,73.64714381312103,76.81900194832194,75.12389894401409,0.0,0.0,0.0,0.0,0.0,0.0,0.0
197,197,0.0,0.0,0.0,0.0,0.0,0.0,0.0,0.0,0.0,0.0,72.385064855373,0.0,0.0,0.0,88.65352720650822,74.52730422121803,83.89133783804395,87.17335253260383,89.66332643604987,73.63243441797536,77.08950669899053,75.59156195445763,0.0,0.0,0.0,0.0,0.0,0.0,0.0
198,198,0.0,0.0,0.0,0.0,0.0,0.0,0.0,0.0,0.0,0.0,71.93370720332699,0.0,0.0,0.0,88.28850919033216,74.24406673900401,83.7856887759644,87.20064044906745,89.95842183078268,73.61136345309568,77.35548325552661,76.06098154622295,0.0,0.0,0.0,0.0,0.0,0.0,0.0
199,199,0.0,0.0,0.0,0.0,0.0,0.0,0.0,0.0,0.0,0.0,71.48480769124541,0.0,0.0,0.0,87.91703269624456,73.95756600607713,83.67094082553363,87.21719946960049,90.24462754760327,73.58395414916922,77.61674948285636,76.53204100865057,0.0,0.0,0.0,0.0,0.0,0.0,0.0
200,200,0.0,0.0,0.0,0.0,0.0,0.0,0.0,0.0,0.0,0.0,71.0384423723643,0.0,0.0,0.0,87.53941138698737,73.66795775343536,83.5472015105334,87.2230087160565,90.52164331345422,73.55022682304894,77.87311531574805,77.00460487537154,0.0,0.0,0.0,0.0,0.0,0.0,0.0
201,201,0.0,0.0,0.0,0.0,0.0,0.0,0.0,0.0,0.0,0.0,70.59468319352376,0.0,0.0,0.0,87.15595557938258,73.37540801521271,83.4145993748455,87.21806389179092,90.78919852017734,73.51019887181893,78.12440352461797,77.47853844485077,67.06062753201498,0.0,0.0,0.0,0.0,0.0,0.0
202,202,0.0,0.0,0.0,0.0,0.0,0.0,0.0,0.0,0.0,0.0,70.15358133634122,0.0,0.0,0.0,86.76698047062608,73.08008040469755,83.27325987748611,87.20236001296145,91.04697817148698,73.46391544303333,78.37043639152587,77.95370807629648,67.3351877546064,0.0,0.0,0.0,0.0,0.0,0.0
203,203,0.0,0.0,0.0,0.0,0.0,0.0,0.0,0.0,0.0,0.0,69.71519599555914,0.0,0.0,0.0,86.37280544368532,72.782117962941,83.12332885506399,87.17593460774643,91.29473571730169,73.41140023987175,78.61102887722548,78.42994654999143,67.60822386435086,0.0,0.0,0.0,0.0,0.0,0.0
204,204,0.0,0.0,0.0,0.0,0.0,0.0,0.0,0.0,0.0,0.0,69.27958287392966,0.0,0.0,0.0,85.97372818721952,72.48168560772352,82.96494071306482,87.13880716875123,91.53218110266114,73.35269844572301,78.84600980055902,78.9071078626091,67.87961365392258,0.0,0.0,0.0,0.0,0.0,0.0
205,205,0.0,0.0,0.0,0.0,0.0,0.0,0.0,0.0,0.0,0.0,68.8467889036188,0.0,0.0,0.0,85.57004185055717,72.17892762454883,82.7982496450025,87.09101367210155,91.75906613461702,73.28785821730949,79.07518693419121,79.38502585516166,68.14924312521278,0.0,0.0,0.0,0.0,0.0,0.0
206,206,0.0,0.0,0.0,0.0,0.0,0.0,0.0,0.0,0.0,0.0,68.41685800710867,0.0,0.0,0.0,85.16205952827961,71.87399182433343,82.62341356004197,87.03260646931166,91.97511864006425,73.21692452474936,79.29838947674327,79.86352775171373,68.41700694409296,0.0,0.0,0.0,0.0,0.0,0.0
207,207,0.0,0.0,0.0,0.0,0.0,0.0,0.0,0.0,0.0,0.0,67.98983119361094,0.0,0.0,0.0,84.75005571353094,71.56703505255786,82.44059382334461,86.96366272764098,92.18010022281396,73.13995130209061,79.51544013648464,80.34242672656559,68.68277673227328,0.0,0.0,0.0,0.0,0.0,0.0
208,208,0.0,0.0,0.0,0.0,0.0,0.0,0.0,0.0,0.0,0.0,67.56574665409431,0.0,0.0,0.0,84.33433234377856,71.25818801116615,82.24996268375271,86.88424126213577,92.37377831741792,73.05699524880474,79.72616959876264,80.82153622086028,68.94643809773329,0.0,0.0,0.0,0.0,0.0,0.0
209,209,0.0,0.0,0.0,0.0,0.0,0.0,0.0,0.0,0.0,0.0,67.14462960847737,0.0,0.0,0.0,83.91516100935445,70.94760197105337,82.05169517869834,86.79444255184342,92.55591692096756,72.96812180303235,79.93040967877332,81.30066278517593,69.20786953247017,0.0,0.0,0.0,0.0,0.0,0.0
210,210,0.0,0.0,0.0,0.0,0.0,0.0,0.0,0.0,0.0,0.0,0.0,0.0,0.0,0.0,83.49280775875891,70.63540803707332,81.84596125058768,86.69435697563978,92.72631596028532,72.87339291395689,80.12798624712381,81.77959080652427,69.46694226097215,0.0,0.0,0.0,0.0,0.0,0.0
211,211,0.0,0.0,0.0,0.0,0.0,0.0,0.0,0.0,0.0,0.0,0.0,0.0,0.0,0.0,83.06754864265737,70.32173472212367,81.63294839378362,86.58409888927359,92.88475345325459,72.77288508764502,80.31873394309856,82.2581123090572,69.72354219363733,0.0,0.0,0.0,0.0,0.0,0.0
212,212,0.0,0.0,0.0,0.0,0.0,0.0,0.0,0.0,0.0,0.0,0.0,0.0,0.0,0.0,82.63965326655298,70.00672462321864,81.4128383975511,86.46377221983846,93.03105429450903,72.66666512525255,80.50249658367531,82.7360122313912,69.97753164594708,67.35816971931851,0.0,0.0,0.0,0.0,0.0
213,213,0.0,0.0,0.0,0.0,0.0,0.0,0.0,0.0,0.0,0.0,0.0,0.0,0.0,0.0,82.20935396713382,69.69050052746998,81.18582226153994,86.33352130495471,93.16504197773293,72.55482011351532,80.67911276446247,83.21303691084461,70.2287878335648,67.77603716591419,0.0,0.0,0.0,0.0,0.0
214,214,0.0,0.0,0.0,0.0,0.0,0.0,0.0,0.0,0.0,0.0,0.0,0.0,0.0,0.0,81.77691573344183,69.37318801962883,80.95209972268387,86.19347948286655,93.28653882665252,72.4374212706067,80.84843078248878,83.68896387927258,70.47718097042433,68.19666398968928,0.0,0.0,0.0,0.0,0.0
215,215,0.0,0.0,0.0,0.0,0.0,0.0,0.0,0.0,0.0,0.0,0.0,0.0,0.0,0.0,81.34257397298299,69.05490979623936,80.71185656255723,86.04378592266951,93.3953959890498,72.31455384632072,81.01030902210891,84.1635397042455,70.72257983112573,68.62001867400235,0.0,0.0,0.0,0.0,0.0
216,216,0.0,0.0,0.0,0.0,0.0,0.0,0.0,0.0,0.0,0.0,0.0,0.0,0.0,0.0,80.90656542068103,68.73578028545344,80.46529422134832,85.88459374830425,93.49149402700907,72.18630497827931,81.16460135037605,84.63650305052077,70.9648575574025,69.0460457094238,0.0,0.0,0.0,0.0,0.0
217,217,0.0,0.0,0.0,0.0,0.0,0.0,0.0,0.0,0.0,0.0,0.0,0.0,0.0,0.0,80.46911298256664,68.41592184662659,80.2126144727438,85.71608630869616,93.57470361010142,72.05277538284177,81.3111647066672,85.10759292225916,71.20387465593559,69.47470256340337,0.0,0.0,0.0,0.0,0.0
218,218,0.0,0.0,0.0,0.0,0.0,0.0,0.0,0.0,0.0,0.0,0.0,0.0,0.0,0.0,80.0304406694328,68.095437922922,79.95401917042982,85.5384181710817,93.64491550674668,71.91404375855154,81.44986686649035,85.57653250308537,71.43949610476147,69.90593838236389,0.0,0.0,0.0,0.0,0.0
219,219,0.0,0.0,0.0,0.0,0.0,0.0,0.0,0.0,0.0,0.0,0.0,0.0,0.0,0.0,79.59075159084276,67.77444510635775,79.68969556996832,85.35176517634403,93.70204092628302,71.7702139584258,81.58058678691151,86.04302874981141,71.67159748253513,70.33969356032911,0.0,0.0,0.0,0.0,0.0
220,220,0.0,0.0,0.0,0.0,0.0,0.0,0.0,0.0,0.0,0.0,0.0,0.0,0.0,0.0,79.1502643483914,67.4530465475078,79.41986675331854,85.15632378601919,93.7460217863624,71.62137943753451,81.70319975726723,86.50679751737287,71.9000419471381,70.77590498656464,0.0,0.0,0.0,0.0,0.0
221,221,0.0,0.0,0.0,0.0,0.0,0.0,0.0,0.0,0.0,0.0,0.0,0.0,0.0,0.0,78.70916257833686,67.13134782200734,79.14471899667521,84.95228577640019,93.77679099018167,71.46764079226753,81.81759269770548,86.96754736791235,72.1246917898824,71.21451170475241,0.0,0.0,0.0,0.0,0.0
222,222,0.0,0.0,0.0,0.0,0.0,0.0,0.0,0.0,0.0,0.0,0.0,0.0,0.0,0.0,78.26765224614822,0.0,78.86445932811961,84.7398381045393,93.79431248342613,71.30910552451088,81.92365683371769,87.42494493967033,72.34540854932,71.65543766245631,0.0,0.0,0.0,0.0,0.0
223,223,0.0,0.0,0.0,0.0,0.0,0.0,0.0,0.0,0.0,0.0,0.0,0.0,0.0,0.0,77.82591192512298,0.0,78.57930053349988,84.51919526969115,93.79855140928059,71.1458762920354,82.02129552449868,87.87870102896972,72.56206509658298,72.0986145186127,0.0,0.0,0.0,0.0,0.0
224,224,0.0,0.0,0.0,0.0,0.0,0.0,0.0,0.0,0.0,0.0,0.0,0.0,0.0,0.0,77.38411443070397,0.0,78.28943283042454,84.2905579824212,93.7895241577834,70.9780566498454,82.11042452489089,88.32847593631196,72.77452805511811,72.54396432155936,0.0,0.0,0.0,0.0,0.0
225,225,0.0,0.0,0.0,0.0,0.0,0.0,0.0,0.0,0.0,0.0,0.0,0.0,0.0,0.0,76.94244032217549,0.0,77.99505901301153,84.05414538807322,93.76722839629697,70.8057566367523,82.19094151217882,88.77394008707311,72.98265169195349,72.9913869333971,0.0,0.0,0.0,0.0,0.0
226,226,0.0,0.0,0.0,0.0,0.0,0.0,0.0,0.0,0.0,0.0,0.0,0.0,0.0,0.0,76.5010439349842,0.0,77.696380028534,83.81017034512361,93.73170301237717,70.62908685579852,82.26277985003122,89.21475705351638,73.18631422577279,73.44080783553332,0.0,0.0,0.0,0.0,0.0
227,227,0.0,0.0,0.0,0.0,0.0,0.0,0.0,0.0,0.0,0.0,0.0,0.0,0.0,0.0,76.0600874691006,0.0,77.39359480055758,83.55885520190431,93.68297807967355,70.4481527213481,82.32586279141368,89.65057466018357,73.38537579566842,73.89212404841848,0.0,0.0,0.0,0.0,0.0
228,228,0.0,0.0,0.0,0.0,0.0,0.0,0.0,0.0,0.0,0.0,0.0,0.0,0.0,0.0,75.61971430012623,0.0,77.08690006244039,83.30041547028812,93.62112467057067,70.26306571648645,82.38014204208764,90.08105247426036,73.57970270455576,74.34523392136471,0.0,0.0,0.0,0.0,0.0
229,229,0.0,0.0,0.0,0.0,0.0,0.0,0.0,0.0,0.0,0.0,0.0,0.0,0.0,0.0,75.18008192578564,0.0,76.7764902011387,83.03508326626049,93.54622469760652,70.07394313961365,82.42555169622888,90.50582574687105,73.769173907642,74.80002468400815,0.0,0.0,0.0,0.0,0.0
230,230,0.0,0.0,0.0,0.0,0.0,0.0,0.0,0.0,0.0,0.0,0.0,0.0,0.0,0.0,74.74131648165785,0.0,76.4625571112307,82.76308315056485,93.45836079557704,69.88090229585764,82.46205457020167,90.9245424454879,73.95365039000046,75.25639125592569,0.0,0.0,0.0,0.0,0.0
231,231,0.0,0.0,0.0,0.0,0.0,0.0,0.0,0.0,0.0,0.0,0.0,0.0,0.0,0.0,74.30355196309141,0.0,76.14529005904203,82.48464754497569,93.35765583169737,69.68404383474777,82.48961146455618,91.33682655178154,74.13301231492545,75.71421086046361,0.0,0.0,0.0,0.0,0.0
232,232,0.0,0.0,0.0,0.0,0.0,0.0,0.0,0.0,0.0,0.0,0.0,0.0,0.0,0.0,73.86691716505152,0.0,75.82487555673121,82.20000850022815,93.24423281771038,69.48349052525492,82.50820440957598,91.74230628690218,74.30712824903696,76.17334872842876,0.0,0.0,0.0,0.0,0.0
233,233,0.0,0.0,0.0,0.0,0.0,0.0,0.0,0.0,0.0,0.0,0.0,0.0,0.0,0.0,73.43152964635293,0.0,75.50150372398296,81.90938216125352,93.11822459099936,69.27935925410063,82.51779805756854,92.14060530723604,74.47588022450415,76.63368428367666,0.0,0.0,0.0,0.0,0.0
234,234,0.0,0.0,0.0,0.0,0.0,0.0,0.0,0.0,0.0,0.0,0.0,0.0,0.0,0.0,72.99750224114774,0.0,75.17534863635761,81.61301445644713,92.9797931664501,69.07176108580181,82.51840160355759,92.53135288198361,74.63913884754287,77.095064960915,0.0,0.0,0.0,0.0,0.0
235,235,0.0,0.0,0.0,0.0,0.0,0.0,0.0,0.0,0.0,0.0,0.0,0.0,0.0,0.0,72.56494315031466,0.0,74.84660061624268,81.31113465438055,92.82909972862257,68.86080672156595,82.5099991805257,92.91417496541587,74.79678859988147,77.55735234005515,0.0,0.0,0.0,0.0,0.0
236,236,0.0,0.0,0.0,0.0,0.0,0.0,0.0,0.0,0.0,0.0,0.0,0.0,0.0,0.0,72.13395012232442,0.0,74.51542113575728,81.00397057530768,92.66633369968126,68.64661712201085,82.49260402247062,93.28867491388026,74.94872187304351,78.0203886780713,0.0,0.0,0.0,0.0,0.0
237,237,0.0,0.0,0.0,0.0,0.0,0.0,0.0,0.0,0.0,0.0,0.0,0.0,0.0,0.0,71.70463427051291,0.0,74.18198763554861,80.69174095273657,92.49169256434058,68.42930712138356,82.46623523081269,93.65448306982367,75.09481360229906,78.4840169974976,0.0,0.0,0.0,0.0,0.0
238,238,0.0,0.0,0.0,0.0,0.0,0.0,0.0,0.0,0.0,0.0,0.0,0.0,0.0,0.0,71.27707293572283,0.0,73.84646782274432,80.37469220146282,92.30538144569528,68.20898551070626,82.43091773900235,94.01121831594928,75.23495320172175,78.94806016093384,0.0,0.0,0.0,0.0,0.0
239,239,0.0,0.0,0.0,0.0,0.0,0.0,0.0,0.0,0.0,0.0,0.0,0.0,0.0,0.0,70.85135715372063,0.0,73.50902603130031,80.05303877696423,92.10762231395073,67.98576563483331,82.38668998085166,94.35849838743471,75.3690449568645,79.41234862021045,0.0,0.0,0.0,0.0,0.0
240,240,0.0,0.0,0.0,0.0,0.0,0.0,0.0,0.0,0.0,0.0,0.0,0.0,0.0,0.0,70.42757380369562,0.0,73.16982925238311,79.7270074784839,91.89863413566411,67.759765144654,82.33358838033551,94.69594048187966,75.49697600294301,79.8766921718391,0.0,0.0,0.0,0.0,0.0
241,241,0.0,0.0,0.0,0.0,0.0,0.0,0.0,0.0,0.0,0.0,0.0,0.0,0.0,0.0,70.0057945705415,0.0,72.82902269658561,79.39682234067787,91.67866129151896,67.53109538352828,82.27167040472987,95.02319267777192,75.61865512221866,80.34090838543624,0.0,0.0,0.0,0.0,0.0
242,242,0.0,0.0,0.0,0.0,0.0,0.0,0.0,0.0,0.0,0.0,0.0,0.0,0.0,0.0,69.58609872179825,0.0,72.48677239960705,79.06269734790472,91.44796314730219,67.29986663919608,82.20099132527334,95.3398529902803,75.73398060642091,80.80478628786852,0.0,0.0,0.0,0.0,0.0
243,243,0.0,0.0,0.0,0.0,0.0,0.0,0.0,0.0,0.0,0.0,0.0,0.0,0.0,0.0,69.16854535247897,0.0,72.14322266071092,78.72485769587371,91.20679440869183,67.06618296706434,82.12161950552706,95.64558268484541,75.84285979981966,81.26812256045564,0.0,0.0,0.0,0.0,0.0
244,244,0.0,0.0,0.0,0.0,0.0,0.0,0.0,0.0,0.0,0.0,0.0,0.0,0.0,0.0,68.7532013209365,0.0,71.79852029776804,78.38351808387927,90.955404875065,0.0,82.03363621456904,95.94001481401048,75.9452158829063,81.7307071647274,0.0,0.0,0.0,0.0,0.0
245,245,0.0,0.0,0.0,0.0,0.0,0.0,0.0,0.0,0.0,0.0,0.0,0.0,0.0,0.0,68.34013006990574,0.0,71.45280854601573,78.03887595286132,90.69409530939414,0.0,81.93712015045145,96.22280653278501,76.04095531289082,82.19231563493051,0.0,0.0,0.0,0.0,0.0
246,246,0.0,0.0,0.0,0.0,0.0,0.0,0.0,0.0,0.0,0.0,0.0,0.0,0.0,0.0,67.92938647644792,0.0,71.10622130146848,77.69115312299455,90.42312267211837,0.0,81.83216260645852,96.4935980883741,76.13001379943012,82.65270862788144,67.02216849616877,0.0,0.0,0.0,0.0
247,247,0.0,0.0,0.0,0.0,0.0,0.0,0.0,0.0,0.0,0.0,0.0,0.0,0.0,0.0,67.52102244015144,0.0,70.75889477501043,77.34054006547579,90.14278412134857,0.0,81.71885963560074,96.75206612388024,76.21230392219694,83.11165503072016,67.27465627619793,0.0,0.0,0.0,0.0
248,248,0.0,0.0,0.0,0.0,0.0,0.0,0.0,0.0,0.0,0.0,0.0,0.0,0.0,0.0,67.11508184951167,0.0,70.410955944745,76.98725091124909,89.8533695115673,0.0,81.59733458597606,96.99788247009076,76.28776786325764,83.56890108699399,67.52511032490398,0.0,0.0,0.0,0.0
249,249,0.0,0.0,0.0,0.0,0.0,0.0,0.0,0.0,0.0,0.0,0.0,0.0,0.0,0.0,0.0,0.0,70.06253957438759,76.63146873005024,89.55517031001864,0.0,81.46767723617202,97.23074679290458,76.35633802291402,84.02419362076863,67.7734220518234,0.0,0.0,0.0,0.0
250,250,0.0,0.0,0.0,0.0,0.0,0.0,0.0,0.0,0.0,0.0,0.0,0.0,0.0,0.0,0.0,0.0,69.71376005442744,76.27339296294743,89.24847912478074,0.0,81.33001938149815,97.45034461985507,76.41797017198212,84.47726428827328,68.01947088271959,67.06593762944011,0.0,0.0,0.0
251,251,0.0,0.0,0.0,0.0,0.0,0.0,0.0,0.0,0.0,0.0,0.0,0.0,0.0,0.0,0.0,0.0,69.36473411788,75.91321222012934,88.93361620960683,0.0,81.18448907602733,97.65640172114969,76.47259717451134,84.92785378820692,68.26315041110318,67.42572194750923,67.14718105069925,0.0,0.0
252,252,0.0,0.0,0.0,0.0,0.0,0.0,0.0,0.0,0.0,0.0,0.0,0.0,0.0,0.0,0.0,0.0,69.01558058102334,75.55109804077115,88.61086558517106,0.0,81.0312105519579,97.84864193868404,76.52018211107705,85.37567138748854,68.50433702514623,67.78636910093938,67.28815947844336,0.0,0.0
253,253,0.0,0.0,0.0,0.0,0.0,0.0,0.0,0.0,0.0,0.0,0.0,0.0,0.0,0.0,0.0,0.0,68.66640937571154,75.18724400559017,88.28052903712125,0.0,80.8703264532903,98.02682036083895,76.5606852181327,85.82043556211605,68.7429162573013,68.14780763856385,67.4250606844701,0.0,0.0
254,254,0.0,0.0,0.0,0.0,0.0,0.0,0.0,0.0,0.0,0.0,0.0,0.0,0.0,0.0,0.0,0.0,68.31732715289246,74.82181355152281,87.94293383023756,0.0,80.70197512581714,98.19066954320695,76.59406390782392,86.26184115313261,68.9787724098706,68.50994223288382,67.55779492585685,0.0,0.0
255,255,0.0,0.0,0.0,0.0,0.0,0.0,0.0,0.0,0.0,0.0,0.0,0.0,0.0,0.0,0.0,0.0,67.96843206172893,74.4549789778905,87.59837023232183,0.0,80.52631265896513,98.33999847573003,76.6203061573297,86.69960134932167,69.21178862373695,68.87267946028864,67.68628361306614,0.0,0.0
256,256,0.0,0.0,0.0,0.0,0.0,0.0,0.0,0.0,0.0,0.0,0.0,0.0,0.0,0.0,0.0,0.0,67.61983483394297,74.08690832132368,87.24713574097754,0.0,80.34347566240913,98.47458393369259,76.63937724235497,87.13340599731312,69.44183599164046,69.23592803365872,67.81044914328047,0.0,0.0
257,257,0.0,0.0,0.0,0.0,0.0,0.0,0.0,0.0,0.0,0.0,0.0,0.0,0.0,0.0,0.0,0.0,67.27161687407602,73.71775916106509,86.88955153142835,0.0,80.15363265371555,98.59424769788035,76.65125976345422,87.56293834952218,69.66879533865091,69.59959353837374,67.9302097376103,0.0,0.0
258,258,0.0,0.0,0.0,0.0,0.0,0.0,0.0,0.0,0.0,0.0,0.0,0.0,0.0,0.0,0.0,0.0,0.0,73.34769114387474,86.52590998709584,0.0,79.95693955364402,98.69882423904046,76.65595370677269,87.98786647321333,69.89255211462697,69.96356170499928,68.04549521810283,67.06566162675841,0.0
259,259,0.0,0.0,0.0,0.0,0.0,0.0,0.0,0.0,0.0,0.0,0.0,0.0,0.0,0.0,0.0,0.0,0.0,72.97685356647006,86.15651760838514,0.0,79.75356872297046,98.78816113696192,76.6534497536637,88.40787858865663,70.11297431028751,70.32773684383822,68.15623143129945,67.44331734058125,0.0
260,260,0.0,0.0,0.0,0.0,0.0,0.0,0.0,0.0,0.0,0.0,0.0,0.0,0.0,0.0,0.0,0.0,0.0,72.60539167638589,85.78166052434236,0.0,79.54367241384766,98.86213058002299,76.64374931466989,88.82263079510889,70.32995136843704,70.69199753734786,68.26235083124926,67.8224380825456,0.0
261,261,0.0,0.0,0.0,0.0,0.0,0.0,0.0,0.0,0.0,0.0,0.0,0.0,0.0,0.0,0.0,0.0,0.0,72.23344667965009,85.40163808105625,0.0,79.3274331752013,98.92064091582527,76.62686452535796,89.23179134037913,70.54334973011959,71.05623560051441,68.36377670712507,68.20293784154752,0.0
262,262,0.0,0.0,0.0,0.0,0.0,0.0,0.0,0.0,0.0,0.0,0.0,0.0,0.0,0.0,0.0,0.0,0.0,71.86115575440046,85.01674540054577,0.0,79.10502018436505,98.96359253135263,76.60280488133965,89.63501437012252,70.75305206958305,71.42032794591404,68.46045506286848,68.5847589545781,0.0
263,263,0.0,0.0,0.0,0.0,0.0,0.0,0.0,0.0,0.0,0.0,0.0,0.0,0.0,0.0,0.0,0.0,0.0,71.48865207009202,84.62726498143007,0.0,78.87661062901768,98.99094480332413,76.57159056509224,90.03195827591664,70.95893501604921,71.7841476782641,68.55230692924381,68.96780355649722,0.0
264,264,0.0,0.0,0.0,0.0,0.0,0.0,0.0,0.0,0.0,0.0,0.0,0.0,0.0,0.0,0.0,0.0,0.0,71.11607055910243,84.23348296262944,0.0,78.64237522850972,99.0026384203139,76.53325239362096,90.42226788090072,71.16087484532618,72.14757589883992,68.6392869750869,69.35200247208365,0.0
265,265,0.0,0.0,0.0,0.0,0.0,0.0,0.0,0.0,0.0,0.0,0.0,0.0,0.0,0.0,0.0,0.0,0.0,70.74352489741989,83.83568054185287,0.0,78.40249220140211,98.9986734177762,76.48781844573276,90.80560254057566,71.35874758910822,72.51046643263913,68.72133032000713,69.73726722314365,0.0
266,266,0.0,0.0,0.0,0.0,0.0,0.0,0.0,0.0,0.0,0.0,0.0,0.0,0.0,0.0,0.0,0.0,0.0,70.37113657462255,83.4341179553635,0.0,78.15715378645653,98.97904242500452,76.43532733124925,91.1815806575684,71.5524349659512,72.87269893066768,68.79837923527317,70.12349464579228,0.0
267,267,0.0,0.0,0.0,0.0,0.0,0.0,0.0,0.0,0.0,0.0,0.0,0.0,0.0,0.0,0.0,0.0,0.0,69.99902319544906,83.0290742343139,0.0,77.90652421104595,98.943786324597,76.37582146318543,91.54987382242675,71.74181880348179,73.23411941006255,68.87038866769059,70.51060010690368,0.0
268,268,0.0,0.0,0.0,0.0,0.0,0.0,0.0,0.0,0.0,0.0,0.0,0.0,0.0,0.0,0.0,0.0,0.0,69.62729301269543,82.6208071113982,0.0,77.65080204895759,98.89293850477472,76.30935361034727,91.91010398061616,71.92676939444036,73.59458183307711,68.93730481146352,70.89847869589339,0.0
269,269,0.0,0.0,0.0,0.0,0.0,0.0,0.0,0.0,0.0,0.0,0.0,0.0,0.0,0.0,0.0,0.0,0.0,69.25605071620595,82.20957668700824,0.0,77.39015083692172,98.82658035213035,76.2359801599327,92.26191942745608,72.10718076901489,73.95394249307816,68.9990812929142,71.2870273325804,0.0
270,270,0.0,0.0,0.0,0.0,0.0,0.0,0.0,0.0,0.0,0.0,0.0,0.0,0.0,0.0,0.0,0.0,0.0,68.88540287001638,81.79562971527406,0.0,77.12476762877185,98.7448076221117,76.15576103187595,92.60496720416134,72.28292390669819,74.31204777318882,69.05568469927701,71.67613918431087,0.0
271,271,0.0,0.0,0.0,0.0,0.0,0.0,0.0,0.0,0.0,0.0,0.0,0.0,0.0,0.0,0.0,0.0,0.0,68.51544166766585,81.37920740905896,0.0,76.85482124267259,98.64773018859317,76.06875958909384,92.9388838124544,72.45388207488487,74.66873385925011,69.1070675798014,72.06569180893976,0.0
272,272,0.0,0.0,0.0,0.0,0.0,0.0,0.0,0.0,0.0,0.0,0.0,0.0,0.0,0.0,0.0,0.0,0.0,68.1462613915575,80.96056024707691,0.0,76.58049968079855,98.53549382854287,75.97504910319225,93.26332507705618,72.61995124230455,75.02383925119388,69.1531955455912,72.45557032661159,0.0
273,273,0.0,0.0,0.0,0.0,0.0,0.0,0.0,0.0,0.0,0.0,0.0,0.0,0.0,0.0,0.0,0.0,0.0,67.77795295640114,80.53991764244286,0.0,76.30198940096001,98.408246611066,75.87469948661281,93.57793755501692,72.78101639516453,75.37719218074696,69.19403651196322,72.84565594864249,0.0
274,274,0.0,0.0,0.0,0.0,0.0,0.0,0.0,0.0,0.0,0.0,0.0,0.0,0.0,0.0,0.0,0.0,0.0,67.41060396377416,80.11749594951432,0.0,76.01945545190802,98.2661605959396,75.76779684380632,93.88236880579066,72.93695743813578,75.72862989697464,69.22956618551069,73.23581374434826,0.0
275,275,0.0,0.0,0.0,0.0,0.0,0.0,0.0,0.0,0.0,0.0,0.0,0.0,0.0,0.0,0.0,0.0,0.0,0.0,79.69352045492684,0.0,75.7330876827362,98.1094421976515,75.65442366030202,94.17627808713853,73.08767348148315,76.07797300615194,69.25975722408782,73.62591043039866,0.0
276,276,0.0,0.0,0.0,0.0,0.0,0.0,0.0,0.0,0.0,0.0,0.0,0.0,0.0,0.0,0.0,0.0,0.0,0.0,79.26820315467631,0.0,75.44305433948877,97.93829864926393,75.53467174477109,94.45933729475757,73.2330589673423,76.42504483457887,69.28459015448654,74.01581465632565,0.0
277,277,0.0,0.0,0.0,0.0,0.0,0.0,0.0,0.0,0.0,0.0,0.0,0.0,0.0,0.0,0.0,0.0,0.0,0.0,78.8417572465878,0.0,75.14953476460177,97.75295938753328,75.40863553986713,94.7312216882826,73.3730097883764,76.76965170045216,69.3040425047993,74.40537213550944,0.0
278,278,0.0,0.0,0.0,0.0,0.0,0.0,0.0,0.0,0.0,0.0,0.0,0.0,0.0,0.0,0.0,0.0,0.0,0.0,78.41436879150893,0.0,74.85270603590105,97.55367530700309,75.27641199088232,94.99159000593482,73.50742341445323,77.11161617272441,69.31810519589612,74.7944364158472,0.0
279,279,0.0,0.0,0.0,0.0,0.0,0.0,0.0,0.0,0.0,0.0,0.0,0.0,0.0,0.0,0.0,0.0,0.0,0.0,77.98623932807057,0.0,74.55273021417135,97.34071795416358,75.13810682879877,95.24015671334878,73.63620518159567,77.45074396720314,69.3267661978444,75.18286309157914,0.0
280,280,0.0,0.0,0.0,0.0,0.0,0.0,0.0,0.0,0.0,0.0,0.0,0.0,0.0,0.0,0.0,0.0,0.0,0.0,77.55755740228717,0.0,74.24977980299677,97.11434651480337,74.99381514075701,95.47660074658363,73.7592561580178,77.78684407017187,69.33002692132216,75.5704841611994,67.29429300806943
281,281,0.0,0.0,0.0,0.0,0.0,0.0,0.0,0.0,0.0,0.0,0.0,0.0,0.0,0.0,0.0,0.0,0.0,0.0,77.1284989716054,0.0,73.94402470940419,96.87487168207693,74.84365967465291,95.70063796437783,73.87649176994894,78.11970833296714,69.32786945688231,75.95713324659259,67.69848387706756
282,282,0.0,0.0,0.0,0.0,0.0,0.0,0.0,0.0,0.0,0.0,0.0,0.0,0.0,0.0,0.0,0.0,0.0,0.0,76.69923449806059,0.0,73.63562598691612,96.6225902957321,74.68773947286921,95.91199115691443,73.98781723327602,78.44915295864294,69.32031119778252,76.34264592159369,68.10495561839957
283,283,0.0,0.0,0.0,0.0,0.0,0.0,0.0,0.0,0.0,0.0,0.0,0.0,0.0,0.0,0.0,0.0,0.0,0.0,76.26993559610631,0.0,73.3247421177152,96.3578168691221,74.52618075088684,96.11039064723576,74.09315867555111,78.77495633137151,69.30734475922668,76.72684667133655,68.51364932036016
284,284,0.0,0.0,0.0,0.0,0.0,0.0,0.0,0.0,0.0,0.0,0.0,0.0,0.0,0.0,0.0,0.0,0.0,0.0,75.84076163429602,0.0,73.01154105044857,96.08089312430934,74.35909850746924,96.29557489005343,74.19242598188406,79.09692168263241,69.28899257741666,77.10954857178659,68.92450823929838
285,285,0.0,0.0,0.0,0.0,0.0,0.0,0.0,0.0,0.0,0.0,0.0,0.0,0.0,0.0,0.0,0.0,0.0,0.0,75.4118666228021,0.0,72.69616958099829,95.7921449787989,74.18660916530033,96.46732279062425,74.28554400781145,79.41483539515603,69.26525775885017,77.49058027147944,69.33746710705414
286,286,0.0,0.0,0.0,0.0,0.0,0.0,0.0,0.0,0.0,0.0,0.0,0.0,0.0,0.0,0.0,0.0,0.0,0.0,74.98339927186007,0.0,72.37877788433542,95.49192393330367,74.00883665509662,96.62539115440661,74.37245284913261,79.72848103381747,69.23615682052463,77.86973879304028,69.75246277715308
287,287,0.0,0.0,0.0,0.0,0.0,0.0,0.0,0.0,0.0,0.0,0.0,0.0,0.0,0.0,0.0,0.0,0.0,0.0,74.55550305605549,0.0,72.0595250982507,95.18058515076875,73.82591212333894,96.7695891889015,74.45307028386756,80.03766135774433,69.20171418937112,78.24683693830441,70.16942887028655
288,288,0.0,0.0,0.0,0.0,0.0,0.0,0.0,0.0,0.0,0.0,0.0,0.0,0.0,0.0,0.0,0.0,0.0,0.0,74.12831003963505,0.0,71.7385553566894,94.85848676783395,73.63796130626379,96.89970495140975,74.52734209159462,80.34214065790718,69.16195127556252,78.62167624630098,70.588284366187
289,289,0.0,0.0,0.0,0.0,0.0,0.0,0.0,0.0,0.0,0.0,0.0,0.0,0.0,0.0,0.0,0.0,0.0,0.0,73.70194748183478,0.0,71.41600406681681,94.52600952972558,73.44510454159489,97.01558026121003,74.59521078402618,80.64171746331213,69.11689732991215,78.99403963041202,71.00895576246955
290,290,0.0,0.0,0.0,0.0,0.0,0.0,0.0,0.0,0.0,0.0,0.0,0.0,0.0,0.0,0.0,0.0,0.0,0.0,73.27655011337464,0.0,71.09202110819051,94.18350500060899,73.24748118143192,97.11705805944668,74.656615623882,80.93617400909521,69.06658395420007,79.36372657428548,71.4313544683559
291,291,0.0,0.0,0.0,0.0,0.0,0.0,0.0,0.0,0.0,0.0,0.0,0.0,0.0,0.0,0.0,0.0,0.0,0.0,72.85222332153651,0.0,70.76673587063712,93.83135605075765,73.0452186426007,97.20400414221609,74.71151802852606,81.22527590287893,69.01104506091872,79.73052532087459,71.85539363323652
292,292,0.0,0.0,0.0,0.0,0.0,0.0,0.0,0.0,0.0,0.0,0.0,0.0,0.0,0.0,0.0,0.0,0.0,0.0,72.42909233013772,0.0,70.44028620848836,93.46994532326846,72.83844466082613,97.27628609751639,74.75986367199042,81.50881712366869,68.95031683062346,80.0942126379384,72.28097652584937
293,293,0.0,0.0,0.0,0.0,0.0,0.0,0.0,0.0,0.0,0.0,0.0,0.0,0.0,0.0,0.0,0.0,0.0,0.0,72.00725374889811,0.0,70.1128011394605,93.09965461086091,72.6273051432099,97.33380584471807,74.80162057710982,81.78657570016745,68.88444305910176,80.4545683109569,72.70800810958683
294,294,0.0,0.0,0.0,0.0,0.0,0.0,0.0,0.0,0.0,0.0,0.0,0.0,0.0,0.0,0.0,0.0,0.0,0.0,71.58681780813204,0.0,69.78440662675898,92.72086425960492,72.41192775856942,97.37650004072108,74.8367538265393,82.05832108675057,68.81346967366933,80.81136075495442,73.13638314821378
295,295,0.0,0.0,0.0,0.0,0.0,0.0,0.0,0.0,0.0,0.0,0.0,0.0,0.0,0.0,0.0,0.0,0.0,0.0,71.16787863676957,0.0,69.45522557044643,92.33394291223145,72.19244010611632,97.40429723408323,74.8652383173221,82.32385268146562,68.73744467612087,81.16436179862808,73.56598576330981
296,296,0.0,0.0,0.0,0.0,0.0,0.0,0.0,0.0,0.0,0.0,0.0,0.0,0.0,0.0,0.0,0.0,0.0,0.0,70.75052640803598,0.0,69.12537780357411,91.93927619760049,71.96898725486484,97.41716109565967,74.8870460813183,82.5829468279374,68.65641808388207,81.51333961171305,73.99671387320663
297,297,0.0,0.0,0.0,0.0,0.0,0.0,0.0,0.0,0.0,0.0,0.0,0.0,0.0,0.0,0.0,0.0,0.0,0.0,70.33485304571494,0.0,68.79498009284352,91.53725587117879,71.74170182893239,97.4150797879318,74.9021654301142,82.83537974373746,68.57044186948582,81.85805887008344,74.42843612830718
298,298,0.0,0.0,0.0,0.0,0.0,0.0,0.0,0.0,0.0,0.0,0.0,0.0,0.0,0.0,0.0,0.0,0.0,0.0,69.92094086889323,0.0,68.46414081704484,91.1282411493508,71.51071588077474,97.39805522646819,74.91057550049628,83.08095134109178,68.47957522742028,82.1982732571374,74.86102858202578
299,299,0.0,0.0,0.0,0.0,0.0,0.0,0.0,0.0,0.0,0.0,0.0,0.0,0.0,0.0,0.0,0.0,0.0,0.0,69.50886301193277,0.0,68.13297605845933,90.71261563023724,71.2761607808757,97.3661030755186,74.91227814792671,83.31943098130785,68.38387912216858,82.53374082492098,75.29435601207892
