,time,1255,1300,1322,1367,1389,1434,1479,1501,1546,1233,1412,1345,1524,1278,1457,1390,1323,1502,1256,1435,1569,1368,1301,1547,1480,1413,1234
0,0,86.17494394956415,82.76045231596662,84.49649641998907,90.57354772778243,69.00283609497582,95.32153252760641,76.39404150783434,89.91343890192803,73.2407631121565,0.0,0.0,0.0,0.0,0.0,0.0,0.0,0.0,0.0,0.0,0.0,0.0,0.0,0.0,0.0,0.0,0.0,0.0
1,1,85.91306008359145,83.23550009212656,84.03675920641797,90.85565689517519,68.59696980680988,95.21916476129151,76.86532714276294,89.5249592025605,73.53419812335713,0.0,0.0,0.0,0.0,0.0,0.0,0.0,0.0,0.0,0.0,0.0,0.0,0.0,0.0,0.0,0.0,0.0,0.0
2,2,85.64336855611509,83.70935958154452,83.57503613670598,91.1282411493508,68.1931020972401,95.103272968332,77.3379911896209,89.1300351506576,73.82467344746293,0.0,0.0,0.0,0.0,0.0,0.0,0.0,0.0,0.0,0.0,0.0,0.0,0.0,0.0,0.0,0.0,0.0,0.0
3,3,85.36612220218596,84.18178367424406,83.11159223488393,91.39100853716644,67.79129341011621,94.9740078804683,77.81189416698167,88.72898849658912,74.11202217431703,0.0,0.0,0.0,0.0,0.0,0.0,0.0,0.0,0.0,0.0,0.0,0.0,0.0,0.0,0.0,0.0,0.0,0.0
4,4,85.08157437652368,84.65250962465366,82.64669271414932,91.64369846473893,67.39159602291559,94.83154092740722,78.28688370874859,88.32218165423832,74.3960813554966,0.0,0.0,0.0,0.0,0.0,0.0,0.0,0.0,0.0,0.0,0.0,0.0,0.0,0.0,0.0,0.0,0.0,0.0
5,5,84.78998676505388,85.12128331942051,82.18057182175744,91.88600622068262,66.99406973062521,94.67604332461812,78.76281517992157,87.90993627029108,74.67667967794664,0.0,0.0,0.0,0.0,0.0,0.0,0.0,0.0,0.0,0.0,0.0,0.0,0.0,0.0,0.0,0.0,0.0,0.0
6,6,84.49159630260935,85.58781859700753,81.71345690636566,92.1176690168187,0.0,94.50772643621674,79.23950961188758,87.4925867431829,74.95365649488765,0.0,0.0,0.0,0.0,0.0,0.0,0.0,0.0,0.0,0.0,0.0,0.0,0.0,0.0,0.0,0.0,0.0,0.0
7,7,84.1866801365355,86.0518211890093,81.24559092641854,92.33843842479439,0.0,94.32680034489309,79.71680243585561,87.07046187021218,75.22683669527481,0.0,0.0,0.0,0.0,0.0,0.0,0.0,0.0,0.0,0.0,0.0,0.0,0.0,0.0,0.0,0.0,0.0,0.0
8,8,83.87548189085454,86.51302281515538,80.77718668663454,92.54804216194329,0.0,94.13347356368365,80.1945227505482,86.64387604530175,75.49604979788077,0.0,0.0,0.0,0.0,0.0,0.0,0.0,0.0,0.0,0.0,0.0,0.0,0.0,0.0,0.0,0.0,0.0,0.0
9,9,83.55826014231111,86.97109713248386,80.30845015551093,92.74625236634685,0.0,93.92798285387369,80.67246365545084,86.21314632918138,75.76113032162752,0.0,0.0,0.0,0.0,0.0,0.0,0.0,0.0,0.0,0.0,0.0,0.0,0.0,0.0,0.0,0.0,0.0,0.0
10,10,83.23527177876896,87.4257440005325,79.8395877519177,92.93282804628267,0.0,93.71059229992842,81.15044776603882,85.77858344662442,76.0218984534036,67.12505451050237,0.0,0.0,0.0,0.0,0.0,0.0,0.0,0.0,0.0,0.0,0.0,0.0,0.0,0.0,0.0,0.0,0.0
11,11,82.90677171205876,87.87665632518197,79.37079881567945,93.1075447159564,0.0,93.48155258411694,81.62826118817355,85.34047503805651,76.27818619834635,67.41882581840709,0.0,0.0,0.0,0.0,0.0,0.0,0.0,0.0,0.0,0.0,0.0,0.0,0.0,0.0,0.0,0.0,0.0
12,12,82.5730126059902,88.32349362776104,78.9022686016133,93.27020494961661,0.0,93.24114044934177,82.10568998962762,84.89913548561003,76.52981136184191,67.71146482827987,67.20103196348357,0.0,0.0,0.0,0.0,0.0,0.0,0.0,0.0,0.0,0.0,0.0,0.0,0.0,0.0,0.0,0.0
13,13,82.23425230421776,88.76593462005609,78.43416877607045,93.42059949697254,0.0,92.98962816934805,82.58252058369325,84.4548311090522,76.77661077329402,68.00285581084016,67.6018200560926,0.0,0.0,0.0,0.0,0.0,0.0,0.0,0.0,0.0,0.0,0.0,0.0,0.0,0.0,0.0,0.0
14,14,81.8907304066889,89.20364259019807,77.96667172859377,93.55854718460536,0.0,92.72730280617054,83.05851661264717,84.00786237221021,77.01840739936844,68.292880537049,68.00482123271257,0.0,0.0,0.0,0.0,0.0,0.0,0.0,0.0,0.0,0.0,0.0,0.0,0.0,0.0,0.0,0.0
15,15,81.54269890766142,89.63626520315091,77.49995024150923,93.68388565839173,0.0,92.4544653878323,83.53344180657015,83.55849023101548,77.25502366154575,68.58142899071049,68.40998633432784,0.0,0.0,0.0,0.0,0.0,0.0,0.0,0.0,0.0,0.0,0.0,0.0,0.0,0.0,0.0,0.0
16,16,81.1904063570612,90.06345277282344,77.0341569451895,93.7964418959288,0.0,92.17142040767419,84.00705239204831,83.10697700071074,77.48629527191834,68.86836750665206,68.81725273550535,0.0,0.0,0.0,0.0,0.0,0.0,0.0,0.0,0.0,0.0,0.0,0.0,0.0,0.0,0.0,0.0
17,17,80.83408280919014,90.48484970003759,76.56943856155262,93.89609245009262,0.0,91.8784752641741,84.47908086760016,82.65359362327526,77.71204437781618,69.15358681580581,69.226565411277,0.0,0.0,0.0,0.0,0.0,0.0,0.0,0.0,0.0,0.0,0.0,0.0,0.0,0.0,0.0,0.0
18,18,80.47397709344821,90.90009480466705,76.10594258550395,93.98271401572757,0.0,91.57594924194886,84.949284311933,82.1985726965111,77.93210696535918,69.43695388920719,69.63785545476091,0.0,0.0,0.0,0.0,0.0,0.0,0.0,0.0,0.0,0.0,0.0,0.0,0.0,0.0,0.0,0.0
19,19,80.11031919228407,91.30882168767133,75.64379748367469,94.0561735533065,0.0,91.26415372202183,85.41737160264537,81.7421708881389,78.14630569112015,69.71834422735279,70.05105049908587,0.0,0.0,0.0,0.0,0.0,0.0,0.0,0.0,0.0,0.0,0.0,0.0,0.0,0.0,0.0,0.0
20,20,79.74334242769906,91.71066868124436,75.1831328691857,94.11639888412175,0.0,90.94341077268106,85.88306825068878,81.28461466058548,78.35448459221388,69.9976256487209,70.46607462885798,0.0,0.0,0.0,0.0,0.0,0.0,0.0,0.0,0.0,0.0,0.0,0.0,0.0,0.0,0.0,0.0
21,21,79.3732615113553,92.10525076334842,74.72407286955725,94.16330871034145,0.0,90.61406163424314,86.34608393526203,80.82612381147712,78.55647478533551,70.27466934370567,70.88285400145793,0.0,0.0,0.0,0.0,0.0,0.0,0.0,0.0,0.0,0.0,0.0,0.0,0.0,0.0,0.0,0.0
22,22,79.00030855006874,92.49220779425528,74.26673624109547,94.19684292858413,0.0,90.27641921455617,86.80612069957053,80.3669335001069,78.75211545632868,70.54933884045748,71.30130554310934,0.0,0.0,0.0,0.0,0.0,0.0,0.0,0.0,0.0,0.0,0.0,0.0,0.0,0.0,0.0,0.0
23,23,78.62469680351295,92.87113760283762,73.81122410379334,94.21695273467381,0.0,89.93082377963106,87.26287305869856,79.9072349645003,78.94124716944047,70.82149554717894,71.72133652710619,0.0,0.0,0.0,0.0,0.0,0.0,0.0,0.0,0.0,0.0,0.0,0.0,0.0,0.0,0.0,0.0
24,24,78.24664212982381,93.24168382190034,73.35764527960642,94.22361083078991,0.0,89.5775958289414,87.71602813053022,79.44724937372095,79.12371208175925,71.09100456436563,72.14285597170688,0.0,0.0,0.0,0.0,0.0,0.0,0.0,0.0,0.0,0.0,0.0,0.0,0.0,0.0,0.0,0.0
25,25,77.8663418932334,93.60346868926743,72.90609148620891,94.21682159980593,0.0,89.21707253844774,88.1652569576414,78.98715489345172,79.29936130672371,71.35772918947107,72.56576891265968,0.0,0.0,0.0,0.0,0.0,0.0,0.0,0.0,0.0,0.0,0.0,0.0,0.0,0.0,0.0,0.0
26,26,77.48400967775281,93.95610285459995,72.45666803071833,94.19658077115956,0.0,88.8495886516459,88.61024100777233,78.52715187820438,79.46804811031754,71.6215193365894,72.98996421169346,0.0,0.0,0.0,0.0,0.0,0.0,0.0,0.0,0.0,0.0,0.0,0.0,0.0,0.0,0.0,0.0
27,27,77.09984043837567,94.29920580780237,72.00944567537863,94.16292583043139,0.0,88.4754582651712,89.0506372281451,78.06740588220161,79.62962812149273,71.88224055310117,73.41533826617666,0.0,0.0,0.0,0.0,0.0,0.0,0.0,0.0,0.0,0.0,0.0,0.0,0.0,0.0,0.0,0.0
28,28,76.71401781299494,94.63241704420163,71.56450914309795,94.115895597237,0.0,88.09501046879059,89.48611378891528,77.60810412044354,79.78395954373003,72.13973926566828,73.84177704264187,0.0,0.0,0.0,0.0,0.0,0.0,0.0,0.0,0.0,0.0,0.0,0.0,0.0,0.0,0.0,0.0
29,29,76.32674090020453,94.95536666151605,71.12194463560712,94.05554022402747,0.0,87.70857947384022,89.91630528997037,77.14939981273736,79.93091062743221,72.39388393434105,74.26916190795451,0.0,0.0,0.0,0.0,0.0,0.0,0.0,0.0,0.0,0.0,0.0,0.0,0.0,0.0,0.0,0.0
30,30,75.93818390208877,95.26768595873395,70.68181120856097,93.98195119346398,0.0,87.3164778795114,90.34086738525298,76.69146066730286,80.07034543802847,72.64451201668182,74.69736320854375,0.0,0.0,0.0,0.0,0.0,0.0,0.0,0.0,0.0,0.0,0.0,0.0,0.0,0.0,0.0,0.0
31,31,75.54852954230812,95.56900810012505,70.2441759396296,93.89521081075314,0.0,86.91903146518325,90.75944096722337,76.23442814346383,80.20215317262402,72.8914894216226,75.12625265556363,0.0,0.0,0.0,0.0,0.0,0.0,0.0,0.0,0.0,0.0,0.0,0.0,0.0,0.0,0.0,0.0
32,32,75.15793628947148,95.85898968328517,69.80910778803892,93.79544215970826,0.0,86.51653557117528,91.17165208110174,75.77845136401213,80.32620471735719,73.13465694319241,75.55569063997216,0.0,0.0,0.0,0.0,0.0,0.0,0.0,0.0,0.0,0.0,0.0,0.0,0.0,0.0,0.0,0.0
33,33,74.76658382302614,96.13728054071103,69.37665548073214,93.68274869442976,0.0,86.10931499257111,91.57715000253918,75.32366063404034,80.44238190989778,73.37387239783313,75.9855389157779,0.0,0.0,0.0,0.0,0.0,0.0,0.0,0.0,0.0,0.0,0.0,0.0,0.0,0.0,0.0,0.0
34,34,74.37462770427837,96.40353467941881,68.94687564882535,93.55729390205252,0.0,85.69767205195383,91.97554161313185,74.87019380149665,80.55059996466758,73.60898056329775,76.41564099653985,0.0,0.0,0.0,0.0,0.0,0.0,0.0,0.0,0.0,0.0,0.0,0.0,0.0,0.0,0.0,0.0
35,35,73.98221904621786,96.65743222062324,68.51982157749914,93.41923090070364,0.0,85.28189542889041,92.36646773938423,74.41817041405848,80.65074150566686,73.83983770003674,76.84584818910577,0.0,0.0,0.0,0.0,0.0,0.0,0.0,0.0,0.0,0.0,0.0,0.0,0.0,0.0,0.0,0.0
36,36,73.5895168388285,96.89865930794757,68.09552750122997,93.26871224736898,0.0,84.86227672180496,92.74954660754305,73.96770502755129,80.742715539009,74.06629337254807,77.27599314140434,0.0,0.0,0.0,0.0,0.0,0.0,0.0,0.0,0.0,0.0,0.0,0.0,0.0,0.0,0.0,0.0
37,37,73.19665687578204,97.12689805825671,67.67404611124937,93.10593900566454,0.0,84.43911795665012,93.12440309109525,73.51891959269182,80.82644303214524,74.28819666922116,77.70590962272898,0.0,0.0,0.0,0.0,0.0,0.0,0.0,0.0,0.0,0.0,0.0,0.0,0.0,0.0,0.0,0.0
38,38,72.80378288455869,97.3418700678506,67.25540622647493,92.93110077628094,0.0,84.01269049877571,93.49064976639023,73.07191247712039,80.90184225446221,74.50540265767545,78.13541898076252,0.0,0.0,0.0,0.0,0.0,0.0,0.0,0.0,0.0,0.0,0.0,0.0,0.0,0.0,0.0,0.0
39,39,72.41102803499922,97.54328372370598,0.0,92.74441473110127,0.0,83.58326788351873,93.84790709569096,72.62677767449553,80.96884374098876,74.71775368545319,78.56434375114387,0.0,0.0,0.0,0.0,0.0,0.0,0.0,0.0,0.0,0.0,0.0,0.0,0.0,0.0,0.0,0.0
40,40,72.01852709345174,97.73087781541281,0.0,92.5460955801352,0.0,83.1511174234568,94.1958144732083,72.18362266798708,81.0273755592155,74.92511745363583,78.99249382803818,0.0,0.0,0.0,0.0,0.0,0.0,0.0,0.0,0.0,0.0,0.0,0.0,0.0,0.0,0.0,0.0
41,41,71.6263928281144,97.90440080281608,0.0,92.33637469765084,0.0,82.7165000994478,94.53397062120527,71.74252065878875,81.07739325493212,75.12733656688219,79.41968039535116,67.3010864766191,0.0,0.0,0.0,0.0,0.0,0.0,0.0,0.0,0.0,0.0,0.0,0.0,0.0,0.0,0.0
42,42,71.23475161453969,98.06361141313342,0.0,92.11550908002462,0.0,82.27967046991976,94.86202480189199,71.30357025078924,81.11885017717094,75.3242731357435,79.84569456590164,67.71267879128867,0.0,0.0,0.0,0.0,0.0,0.0,0.0,0.0,0.0,0.0,0.0,0.0,0.0,0.0,0.0
43,43,70.84372542356698,98.20832306609957,0.0,91.88373241327089,0.0,81.840884208913,95.17960716347682,70.86683670412515,81.15169751368721,75.51577704790635,80.2703285747319,68.12684692462639,0.0,0.0,0.0,0.0,0.0,0.0,0.0,0.0,0.0,0.0,0.0,0.0,0.0,0.0,0.0
44,44,70.45340932053772,98.33830612267703,0.0,91.64132211351964,0.0,81.40036752265937,95.48633905159063,70.43239890349561,81.17590680636917,75.7017183687897,80.69337617418033,68.54353936249056,0.0,0.0,0.0,0.0,0.0,0.0,0.0,0.0,0.0,0.0,0.0,0.0,0.0,0.0,0.0
45,45,70.06391740101084,98.4533978113586,0.0,91.38853138318515,0.0,80.95835557388158,95.78187506516977,70.00033170611728,81.19145507912062,75.88195527103656,81.11460313574308,68.96271225331822,0.0,0.0,0.0,0.0,0.0,0.0,0.0,0.0,0.0,0.0,0.0,0.0,0.0,0.0,0.0
46,46,69.6753485054044,98.55342609226595,0.0,91.12566498436263,0.0,80.5150769056226,96.06586275550518,69.57068955226123,81.19832487855776,76.05634046275097,81.53379144823563,69.38430809218936,0.0,0.0,0.0,0.0,0.0,0.0,0.0,0.0,0.0,0.0,0.0,0.0,0.0,0.0,0.0
47,47,69.28779781253698,98.63826512329167,0.0,90.85297418051393,0.0,80.07075342939397,96.33796408761543,69.14353474949769,81.19651928975559,76.2247608339855,81.95070236873849,69.80827711982154,0.0,0.0,0.0,0.0,0.0,0.0,0.0,0.0,0.0,0.0,0.0,0.0,0.0,0.0,0.0
48,48,68.9013569026084,98.7077916229165,0.0,90.57077910836773,0.0,79.62559322197995,96.59783522055866,68.71892616057676,81.18603198010057,76.38706541293503,82.36509883765062,70.2345554811087,0.0,0.0,0.0,0.0,0.0,0.0,0.0,0.0,0.0,0.0,0.0,0.0,0.0,0.0,0.0
49,49,68.51611382208266,98.761907263018,0.0,90.27935510173765,0.0,79.17979094195789,96.84514823965785,68.2969087034088,81.16686967607595,76.54314458721674,82.7767303699452,70.66307013052754,0.0,0.0,0.0,0.0,0.0,0.0,0.0,0.0,0.0,0.0,0.0,0.0,0.0,0.0,0.0
50,50,68.13215315024107,98.80052790918437,0.0,89.97901648436032,0.0,78.7335564296372,97.0796135569474,67.87753504274164,81.13905962411593,76.6928575680294,83.1853484889476,71.09376136086385,0.0,0.0,0.0,0.0,0.0,0.0,0.0,0.0,0.0,0.0,0.0,0.0,0.0,0.0,0.0
51,51,67.74955085127311,98.82361713754247,0.0,89.67006003308622,0.0,78.28707175303703,97.30091679577467,67.46084951761277,81.10261960539705,76.83609899632845,83.59069134061231,71.52655468046609,0.0,0.0,0.0,0.0,0.0,0.0,0.0,0.0,0.0,0.0,0.0,0.0,0.0,0.0,0.0
52,52,67.36838495091332,98.8311198531729,0.0,89.35278326812272,0.0,77.84051310343315,97.50877274239767,67.04688855580468,81.05759529011159,76.9727458750043,83.99249946979735,71.96136002063983,0.0,0.0,0.0,0.0,0.0,0.0,0.0,0.0,0.0,0.0,0.0,0.0,0.0,0.0,0.0
53,53,0.0,98.82304005275353,0.0,89.02750201171804,0.0,77.39407126235008,97.70291563264414,0.0,81.0040227702308,77.10269114677111,84.39049206849248,72.39810665787797,0.0,0.0,0.0,0.0,0.0,0.0,0.0,0.0,0.0,0.0,0.0,0.0,0.0,0.0,0.0
54,54,0.0,98.79938537800533,0.0,88.69453139756175,0.0,76.94789665547717,97.88307821814536,0.0,80.94195091624908,77.22582375382092,84.78440722259096,72.83669631947896,0.0,0.0,0.0,0.0,0.0,0.0,0.0,0.0,0.0,0.0,0.0,0.0,0.0,0.0,0.0
55,55,0.0,98.76017819029605,0.0,88.35417655212684,0.0,76.5021545788626,98.04902495815645,0.0,80.87144867507294,77.34204228166406,85.17395376622285,73.27703214696709,0.0,0.0,0.0,0.0,0.0,0.0,0.0,0.0,0.0,0.0,0.0,0.0,0.0,0.0,0.0
56,56,0.0,98.70549980314983,0.0,88.00675011773403,0.0,76.05701095255529,98.20053106400835,0.0,80.79256774479758,77.45124839970758,85.55885194799033,73.71902512955909,0.0,0.0,0.0,0.0,0.0,0.0,0.0,0.0,0.0,0.0,0.0,0.0,0.0,0.0,0.0
57,57,0.0,98.63540163550947,0.0,87.65255404103674,0.0,75.61259953367647,98.33738304556239,0.0,80.70539449530514,77.5533538432578,85.93881761663728,74.16255724633078,0.0,0.0,0.0,0.0,0.0,0.0,0.0,0.0,0.0,0.0,0.0,0.0,0.0,0.0,0.0
58,58,0.0,98.55000466432692,0.0,87.29191417974813,0.0,75.16906847500667,98.4594012728563,0.0,80.61001260630674,77.64826693921209,86.31355399393412,74.60752415185445,0.0,0.0,0.0,0.0,0.0,0.0,0.0,0.0,0.0,0.0,0.0,0.0,0.0,0.0,0.0
59,59,0.0,98.44941059568494,0.0,86.92512733790315,0.0,74.72654754009547,98.56641864518218,0.0,80.50649563915525,77.7359063918349,86.68276010910601,75.05381059710338,0.0,0.0,0.0,0.0,0.0,0.0,0.0,0.0,0.0,0.0,0.0,0.0,0.0,0.0,0.0
60,60,0.0,98.3337678270461,0.0,86.55249605596012,0.0,74.28517402990316,98.65828101174516,0.0,80.39495116052396,77.8162014923202,87.0461483068535,75.50128347892068,0.0,0.0,0.0,0.0,0.0,0.0,0.0,0.0,0.0,0.0,0.0,0.0,0.0,0.0,0.0
61,61,0.0,98.2032268910789,0.0,86.17432792347876,0.0,73.8450611458085,98.73486972270537,0.0,80.27547624338503,77.88907851732475,87.40341054067254,75.94982374894026,0.0,0.0,0.0,0.0,0.0,0.0,0.0,0.0,0.0,0.0,0.0,0.0,0.0,0.0,0.0
62,62,0.0,98.05798391447918,0.0,85.79091817340218,0.0,73.40632368785363,98.79605776785128,0.0,80.1481867110299,77.9544676812736,87.75423548809205,76.39928768082322,67.22892970856336,0.0,0.0,0.0,0.0,0.0,0.0,0.0,0.0,0.0,0.0,0.0,0.0,0.0,0.0
63,63,0.0,97.8982252275494,0.0,85.40257463529947,0.0,72.96908382837606,98.84176545320803,0.0,80.01318762810634,78.01232399688341,88.09833536193099,76.849532457924,67.62132610645779,0.0,0.0,0.0,0.0,0.0,0.0,0.0,0.0,0.0,0.0,0.0,0.0,0.0,0.0
64,64,0.0,97.72417064106057,0.0,85.00957565248473,0.0,72.53343461638386,98.87193859333544,0.0,79.87060961242787,78.0625928933767,88.43538508786457,77.30040968338719,68.01559628539003,0.0,0.0,0.0,0.0,0.0,0.0,0.0,0.0,0.0,0.0,0.0,0.0,0.0,0.0
65,65,0.0,97.53606174210046,0.0,84.61221979293275,0.0,72.09947695926027,98.8865264747886,0.0,79.72057214729897,78.10522406791178,88.76509296580012,77.75176529640078,68.41167221293568,0.0,0.0,0.0,0.0,0.0,0.0,0.0,0.0,0.0,0.0,0.0,0.0,0.0,0.0
66,66,0.0,97.33413958445622,0.0,84.21078418613338,0.0,71.66731316555418,98.8855152946676,0.0,79.56320523627153,78.14017850768597,89.08714828798797,78.20343949391,68.80948795263156,67.00357281323942,0.0,0.0,0.0,0.0,0.0,0.0,0.0,0.0,0.0,0.0,0.0,0.0,0.0
67,67,0.0,97.11866576611176,0.0,83.80554903205544,0.0,71.23702362972548,98.86889490191533,0.0,79.39864906807641,78.16744247853326,89.40123926372391,78.65524556748642,69.20897989660021,67.41233906261611,0.0,0.0,0.0,0.0,0.0,0.0,0.0,0.0,0.0,0.0,0.0,0.0,0.0
68,68,0.0,96.8899322662302,0.0,83.39678122541335,0.0,70.80869076903308,98.83670323437495,0.0,79.22704652914412,78.18697206024093,89.70707175118194,79.10702551291467,69.61005947625866,67.82365080068517,0.0,0.0,0.0,0.0,0.0,0.0,0.0,0.0,0.0,0.0,0.0,0.0,0.0
69,69,0.0,96.64822845444657,0.0,82.98475023193295,0.0,70.38240439890028,98.7889707053656,0.0,79.04854299162804,78.19875564452836,90.00434270953573,79.55858726008452,70.01265080864215,68.23746202546467,0.0,0.0,0.0,0.0,0.0,0.0,0.0,0.0,0.0,0.0,0.0,0.0,0.0
70,70,0.0,96.39386181414125,0.0,82.5697275546159,0.0,69.95822778319469,98.72577558352262,0.0,78.86328610229053,78.20278622308625,90.29274961533237,80.0097320928673,70.41666903389371,68.65372923546505,0.0,0.0,0.0,0.0,0.0,0.0,0.0,0.0,0.0,0.0,0.0,0.0,0.0
71,71,0.0,96.12713600231055,0.0,82.15195553861483,0.0,69.53623754590181,98.64719938919447,0.0,78.67142557271904,78.19905444902412,90.57199094115414,80.46026931332189,70.8220256177753,69.07238998396971,0.0,0.0,0.0,0.0,0.0,0.0,0.0,0.0,0.0,0.0,0.0,0.0,0.0
72,72,0.0,95.84840268092339,0.0,81.73168639031822,0.0,69.11649018922839,98.55335986882547,0.0,78.4731269668442,78.18757643835154,90.84178540445033,80.90998727138792,71.22862827502959,69.49340021967811,0.0,0.0,0.0,0.0,0.0,0.0,0.0,0.0,0.0,0.0,0.0,0.0,0.0
73,73,0.0,95.55798697544638,0.0,81.3091662779842,0.0,68.699055356762,98.44437747243613,0.0,78.2685432854395,78.16834512461367,91.10184471918322,81.35867508137254,71.63637506266147,69.91669108454136,0.0,0.0,0.0,0.0,0.0,0.0,0.0,0.0,0.0,0.0,0.0,0.0,0.0
74,74,0.0,95.25623928367308,0.0,80.88462782133395,0.0,68.2839884522464,98.3204190952555,0.0,78.05784281297048,78.14139276554553,91.35189278526627,81.80610781133987,72.04516576937688,70.34220122010146,0.0,0.0,0.0,0.0,0.0,0.0,0.0,0.0,0.0,0.0,0.0,0.0,0.0
75,75,0.0,94.94350322106624,0.0,80.45829777853724,0.0,67.87133661568372,98.18165346383759,0.0,77.84118787775644,78.10672840648516,91.59165691597153,82.25205375433424,72.4548902440149,70.76985458322868,0.0,0.0,0.0,0.0,0.0,0.0,0.0,0.0,0.0,0.0,0.0,0.0,0.0
76,76,0.0,94.62015598562807,0.0,80.03041155639143,0.0,67.4611546405915,98.02826177065998,0.0,77.61874168024111,78.06439336647817,91.82085875666836,82.69628221008445,72.86542798751152,71.19958846637867,0.0,0.0,0.0,0.0,0.0,0.0,0.0,0.0,0.0,0.0,0.0,0.0,0.0
77,77,0.0,94.28655612996545,0.0,79.60117639684009,0.0,67.0534891016364,97.86045899224189,0.0,77.39067489857204,78.01442646320268,92.03925306799253,83.13854036310002,73.27667214659597,71.63131945948633,0.0,0.0,0.0,0.0,0.0,0.0,0.0,0.0,0.0,0.0,0.0,0.0,0.0
78,78,0.0,93.94306367119245,0.0,79.17079389413246,0.0,0.0,97.67846048978423,0.0,77.15716528783305,77.95686398671049,92.24659023058294,83.57858424146688,73.68849344963722,72.0649600100891,0.0,0.0,0.0,0.0,0.0,0.0,0.0,0.0,0.0,0.0,0.0,0.0,0.0
79,79,0.0,93.59006932790737,0.0,78.73948112113568,0.0,0.0,97.48253567140765,0.0,76.91837037943482,77.89176726506427,92.44262621937602,84.01615554292768,74.10075783181857,72.5004242922558,0.0,0.0,0.0,0.0,0.0,0.0,0.0,0.0,0.0,0.0,0.0,0.0,0.0
80,80,0.0,93.22794338097493,0.0,78.30743463242402,0.0,0.0,97.27290975992162,0.0,76.67448136465939,77.81918111936879,92.62712309523636,84.45098129161251,74.51333267908369,72.93762241916855,67.22489301120082,0.0,0.0,0.0,0.0,0.0,0.0,0.0,0.0,0.0,0.0,0.0,0.0
81,81,0.0,92.85705542679845,0.0,77.87483125276268,0.0,0.0,97.04989279846785,0.0,76.42565546723954,77.73917517321702,92.79988864013363,84.88278988895499,74.92608073847146,73.37644811130274,67.6412541549409,0.0,0.0,0.0,0.0,0.0,0.0,0.0,0.0,0.0,0.0,0.0,0.0
82,82,0.0,92.47779324445516,0.0,77.44186294145493,0.0,0.0,96.81374948870238,0.0,76.17207618246327,77.65182299125763,92.96069896304454,85.31130336961229,75.3388471666729,73.8168026335822,68.06038874547225,0.0,0.0,0.0,0.0,0.0,0.0,0.0,0.0,0.0,0.0,0.0,0.0
83,83,0.0,92.09053252815511,0.0,77.00870198332412,0.0,0.0,96.56478460072601,0.0,75.91390638383331,77.55718829105027,93.10935736344771,85.73622917839653,75.75148485822507,74.25857663354311,68.48225045126301,0.0,0.0,0.0,0.0,0.0,0.0,0.0,0.0,0.0,0.0,0.0,0.0
84,84,0.0,91.69565586620354,0.0,76.57551511826914,0.0,0.0,96.30330990098706,0.0,75.65133434769164,77.45536590530976,93.24569509526583,86.15728521527278,76.163835333788,74.70164967557838,68.90680605051871,0.0,0.0,0.0,0.0,0.0,0.0,0.0,0.0,0.0,0.0,0.0,0.0
85,85,0.0,91.29352340921555,0.0,76.14247017594622,0.0,0.0,96.02965395714197,0.0,75.38452102217299,77.34643370975557,93.36954232478489,86.57416676053734,76.57573501175743,75.14589618440735,69.33400356203444,0.0,0.0,0.0,0.0,0.0,0.0,0.0,0.0,0.0,0.0,0.0,0.0
86,86,0.0,90.88452016639717,0.0,75.70972272862659,0.0,0.0,95.74416115657206,0.0,75.11363925411473,77.2304798865063,93.48073829387455,86.98656304721838,76.98701517755262,75.59119833266433,69.7637932730738,0.0,0.0,0.0,0.0,0.0,0.0,0.0,0.0,0.0,0.0,0.0,0.0
87,87,0.0,90.46900778526934,0.0,75.27742296638897,0.0,0.0,95.44715963895376,0.0,74.83886681709279,77.10761620840647,93.57915158589013,87.39417484058757,77.39749515320175,76.0374138638671,70.1961167827269,0.0,0.0,0.0,0.0,0.0,0.0,0.0,0.0,0.0,0.0,0.0,0.0
88,88,0.0,90.04736184253274,0.0,74.84571576318815,0.0,0.0,95.13901269273353,0.0,74.56037339834998,76.97793716098545,93.66465074793354,87.79668044741987,77.80698880056813,76.48440144089659,70.63091789773814,0.0,0.0,0.0,0.0,0.0,0.0,0.0,0.0,0.0,0.0,0.0,0.0
89,89,0.0,89.61994320743462,0.0,74.41473445567102,0.0,0.0,94.82006599476593,0.0,74.2783206988442,76.84154025723929,93.7371444299791,88.19376169444268,78.2153184167833,76.93201421738591,71.06813714179943,0.0,0.0,0.0,0.0,0.0,0.0,0.0,0.0,0.0,0.0,0.0,0.0
90,90,0.0,89.18708907428768,0.0,73.98461372254845,0.0,0.0,94.49068821111625,0.0,73.99288121216483,76.69855263730152,93.79653187323399,88.5850867811723,78.62228033917653,77.38009975525905,71.50770003852477,0.0,0.0,0.0,0.0,0.0,0.0,0.0,0.0,0.0,0.0,0.0,0.0
91,91,0.0,88.7491761706445,0.0,73.55547700350701,0.0,0.0,94.15125956196982,0.0,73.70421910589245,76.54908379445457,93.84273301603827,88.970346183617,79.02767935488987,77.82849306437575,71.94953982546023,0.0,0.0,0.0,0.0,0.0,0.0,0.0,0.0,0.0,0.0,0.0,0.0
92,92,0.0,88.30653848705009,0.0,73.1274430175175,0.0,0.0,93.8021308006758,0.0,73.41250259967855,76.39325232291914,93.8756887461931,89.34918157672674,79.43131510998438,78.2770300591801,72.39357424763128,0.0,0.0,0.0,0.0,0.0,0.0,0.0,0.0,0.0,0.0,0.0,0.0
93,93,0.0,87.85950386736569,0.0,72.7006378572214,0.0,0.0,93.4437030890046,0.0,73.117885390872,76.23118562363,93.8953711075834,89.72128490667762,79.83296041664097,78.72552676099833,72.83972281174574,0.0,0.0,0.0,0.0,0.0,0.0,0.0,0.0,0.0,0.0,0.0,0.0
94,94,0.0,87.40841981469414,0.0,72.2751528208828,0.0,0.0,93.07633687499373,0.0,72.82053115295423,76.06299987112507,93.90174334988922,90.08629960389668,80.23241141430047,79.1738140527402,73.28788873499357,0.0,0.0,0.0,0.0,0.0,0.0,0.0,0.0,0.0,0.0,0.0,0.0
95,95,0.0,86.95360896507518,0.0,71.85110491486053,0.0,0.0,92.70041144234888,0.0,72.52060100129523,75.88883940783249,93.89480005262376,90.44390278595998,80.62943736778604,79.62169560915302,73.73799516111166,0.0,0.0,0.0,0.0,0.0,0.0,0.0,0.0,0.0,0.0,0.0,0.0
96,96,0.0,86.49536979473568,0.0,71.42858302412063,0.0,0.0,92.31631387672604,0.0,72.21824155639501,75.70883037686049,93.8745471219824,90.79375095501096,81.0238094909265,80.06896849786521,74.18993026821009,0.0,0.0,0.0,0.0,0.0,0.0,0.0,0.0,0.0,0.0,0.0,0.0
97,97,0.0,86.03403623792713,0.0,71.00768948724702,0.0,0.0,91.92441890709804,0.0,71.91360887413933,75.5231069382306,93.84102179223129,91.13550804058555,81.41529386295215,80.51543787451688,74.64358958307993,0.0,0.0,0.0,0.0,0.0,0.0,0.0,0.0,0.0,0.0,0.0,0.0
98,98,0.0,85.56989207789077,0.0,70.58850519134337,0.0,0.0,91.52509831407649,0.0,71.60685039953775,75.33181094591758,93.7942425043745,91.46883672324117,81.80365152908686,80.96088053053666,75.09887022283712,0.0,0.0,0.0,0.0,0.0,0.0,0.0,0.0,0.0,0.0,0.0,0.0
99,99,0.0,85.10323070238307,0.0,70.1711130565875,0.0,0.0,91.11873931425694,0.0,71.2981167088595,75.13507878382605,93.73429883921789,91.79339892806173,82.18863861618243,81.40508883561583,75.555645230185,0.0,0.0,0.0,0.0,0.0,0.0,0.0,0.0,0.0,0.0,0.0,0.0
100,100,0.0,84.63434596404771,0.0,69.7555977876378,0.0,0.0,90.70569650327478,0.0,70.98754975178558,74.93306050887212,93.66125130793148,92.10885633980547,82.56999871641185,81.84783390172623,76.0137951217456,0.0,0.0,0.0,0.0,0.0,0.0,0.0,0.0,0.0,0.0,0.0,0.0
101,101,0.0,84.16351555595215,0.0,69.34202924405525,0.0,0.0,90.28635754669806,0.0,70.67528305450864,74.72589395733304,93.57519117517893,92.41488064408131,82.94747831653946,82.28887246851843,76.47319527604218,0.0,0.0,0.0,0.0,0.0,0.0,0.0,0.0,0.0,0.0,0.0,0.0
102,102,0.0,83.69099345108467,0.0,68.93047938171865,0.0,0.0,89.86106764138694,0.0,70.36147005899569,74.51372386145358,93.4762202337989,92.7111446275946,83.32082731900563,82.72797762433827,76.93369565607001,0.0,0.0,0.0,0.0,0.0,0.0,0.0,0.0,0.0,0.0,0.0,0.0
103,103,0.0,83.21705011444236,0.0,68.52101134521072,0.0,0.0,89.43019449949426,0.0,70.04622732611581,74.29670151350824,93.36448028980335,92.99733256173728,83.68978365525211,83.16489292331025,77.39516714673658,0.0,0.0,0.0,0.0,0.0,0.0,0.0,0.0,0.0,0.0,0.0,0.0
104,104,0.0,82.74192445869153,0.0,68.11369041832333,0.0,0.0,88.99409969119047,0.0,69.72969679229924,74.07497195252199,93.24010311931586,93.27312129385082,84.05406510292994,83.59935503097593,77.85745485572615,0.0,0.0,0.0,0.0,0.0,0.0,0.0,0.0,0.0,0.0,0.0,0.0
105,105,0.0,82.26587133019427,0.0,67.70856816537017,0.0,0.0,88.5531115903042,0.0,69.41200616315513,73.84868639131513,93.10323011076957,93.53820041643631,84.41340930028574,84.0311178688257,78.3203907404294,0.0,0.0,0.0,0.0,0.0,0.0,0.0,0.0,0.0,0.0,0.0,0.0
106,106,0.0,81.78911457521058,0.0,67.3057037300821,0.0,0.0,88.1075881759216,0.0,69.09328024666301,73.61799571827699,92.95404140933537,93.79226314016285,84.76754235390987,84.45989719310968,78.78382131256353,0.0,0.0,0.0,0.0,0.0,0.0,0.0,0.0,0.0,0.0,0.0,0.0
107,107,0.0,81.31188596821112,0.0,0.0,0.0,0.0,87.6578625964996,0.0,68.77363556428494,73.38304423054585,92.7927159405127,94.03502697896981,85.11619521321992,84.88541818994193,79.24757311061403,0.0,0.0,0.0,0.0,0.0,0.0,0.0,0.0,0.0,0.0,0.0,0.0
108,108,0.0,80.83439466750195,0.0,0.0,0.0,0.0,87.20425247573368,0.0,68.45319656592093,73.14398185031831,92.61945067403805,94.2661944501635,85.45907107737766,85.3074081534882,79.71145901137139,0.0,0.0,0.0,0.0,0.0,0.0,0.0,0.0,0.0,0.0,0.0,0.0
109,109,0.0,80.35685016122963,0.0,0.0,0.0,0.0,86.74709436664368,0.0,68.13207402549843,72.90095775290088,92.43445031963412,94.48549373877917,85.795911610322,85.72557198683138,80.17529964834931,0.0,0.0,0.0,0.0,0.0,0.0,0.0,0.0,0.0,0.0,0.0,0.0
110,110,0.0,79.87945464117786,0.0,0.0,0.0,0.0,86.28668299380668,0.0,67.81038643983374,72.6541262342326,92.2379268938962,94.6926593712429,86.12642301893078,86.13960842108642,80.63889463135563,0.0,0.0,0.0,0.0,0.0,0.0,0.0,0.0,0.0,0.0,0.0,0.0
111,111,0.0,79.40239591315867,0.0,0.0,0.0,0.0,85.82333987183651,0.0,67.48823365653551,72.40362850784267,92.03010890508433,94.88743277414083,86.45031754282263,86.54922723342249,81.10203659194865,0.0,0.0,0.0,0.0,0.0,0.0,0.0,0.0,0.0,0.0,0.0,0.0
112,112,0.0,78.92586206772843,0.0,0.0,0.0,0.0,85.35735340990017,0.0,67.16572838179442,72.14961666006798,91.81125025847997,95.06957310196567,86.76732267692573,86.95411589402664,81.56452625284038,0.0,0.0,0.0,0.0,0.0,0.0,0.0,0.0,0.0,0.0,0.0,0.0
113,113,0.0,78.45001316712153,0.0,0.0,0.0,0.0,84.88901292116887,0.0,0.0,71.89223549968331,91.58159118435604,95.23886828085726,87.0771476811603,87.35396501632526,82.026135018001,67.00487886888455,0.0,0.0,0.0,0.0,0.0,0.0,0.0,0.0,0.0,0.0,0.0
114,114,0.0,77.97503097735321,0.0,0.0,0.0,0.0,84.41859189021285,0.0,0.0,71.631628489722,91.3413866681226,95.39508416122897,87.37951804238105,87.74845151404469,82.4866423193594,67.40265257011676,0.0,0.0,0.0,0.0,0.0,0.0,0.0,0.0,0.0,0.0,0.0
115,115,0.0,77.50106960282992,0.0,0.0,0.0,0.0,83.94638039424655,0.0,0.0,71.36794922170412,91.09090572205122,95.53802674022515,87.67415025316907,88.13726497647437,82.94580519027721,67.80259643879191,0.0,0.0,0.0,0.0,0.0,0.0,0.0,0.0,0.0,0.0,0.0
116,116,0.0,77.02828382296624,0.0,0.0,0.0,0.0,83.47262036396148,0.0,0.0,71.10133216425507,90.83043063016811,95.66751191087702,87.96075191249665,88.52008203799785,83.40338111620451,68.20466110654003,0.0,0.0,0.0,0.0,0.0,0.0,0.0,0.0,0.0,0.0,0.0
117,117,0.0,76.55681546614706,0.0,0.0,0.0,0.0,82.9975782627079,0.0,0.0,70.83192172557509,90.56021889228181,95.78337631612347,88.23906610178959,88.89656631961648,83.85912048935607,68.60878382666428,0.0,0.0,0.0,0.0,0.0,0.0,0.0,0.0,0.0,0.0,0.0
118,118,0.0,76.08679393508707,0.0,0.0,0.0,0.0,82.5214968499294,0.0,0.0,70.55985476216077,90.28058693461398,95.88545697646785,88.5088105994933,89.2663865189903,84.31277471712825,69.01491482892888,0.0,0.0,0.0,0.0,0.0,0.0,0.0,0.0,0.0,0.0,0.0
119,119,0.0,75.61836271636626,0.0,0.0,0.0,0.0,82.04461903373628,0.0,0.0,70.2852719448989,89.99179745218905,95.97364389241181,88.76972226173146,89.62922629811128,84.76405587916267,69.42297985834242,0.0,0.0,0.0,0.0,0.0,0.0,0.0,0.0,0.0,0.0,0.0
120,120,0.0,75.15163978316019,0.0,0.0,0.0,0.0,81.56716476706318,0.0,0.0,70.00831189593964,89.69416125664782,96.04778639321572,89.02152196454313,89.9847394062398,85.21270932066298,69.83290651937003,0.0,0.0,0.0,0.0,0.0,0.0,0.0,0.0,0.0,0.0,0.0
121,121,0.0,74.68673793535473,0.0,0.0,0.0,0.0,81.08936185897362,0.0,0.0,69.72911111943986,89.38797173105394,96.10781899359169,89.26395981823423,90.3325953776195,85.65844086063372,70.2446245101535,0.0,0.0,0.0,0.0,0.0,0.0,0.0,0.0,0.0,0.0,0.0
122,122,0.0,74.22377743528003,0.0,0.0,0.0,0.0,80.61141560241278,0.0,0.0,69.44779297676048,89.0735320226433,96.15364653416913,89.49678904844065,90.67246201081433,86.10096571038825,70.65806019376207,0.0,0.0,0.0,0.0,0.0,0.0,0.0,0.0,0.0,0.0,0.0
123,123,0.0,73.76284825179954,0.0,0.0,0.0,0.0,80.13352430609149,0.0,0.0,69.1644898191443,88.75115426927343,96.18519672659916,89.71974813219798,91.00400583087485,86.53998393109845,71.0731250384643,0.0,0.0,0.0,0.0,0.0,0.0,0.0,0.0,0.0,0.0,0.0
124,124,0.0,73.30406057847567,0.0,0.0,0.0,0.0,79.65589378031393,0.0,0.0,68.87933709899801,88.42112328386406,96.20245193812957,89.93259756204992,91.32689257342163,86.97518874604313,71.48972647949411,0.0,0.0,0.0,0.0,0.0,0.0,0.0,0.0,0.0,0.0,0.0
125,125,0.0,72.84749517612993,0.0,0.0,0.0,0.0,79.1787080536173,0.0,0.0,68.5924463659683,88.08376766304757,96.20536522016434,90.1351115078877,91.64078769005961,87.40627539313704,71.9077854559313,0.0,0.0,0.0,0.0,0.0,0.0,0.0,0.0,0.0,0.0,0.0
126,126,0.0,72.39325265269855,0.0,0.0,0.0,0.0,78.70214440090587,0.0,0.0,68.30395383646233,87.73938769672442,96.19394448188358,90.32706918530013,91.94536648117037,87.83292421156476,72.32718979608006,0.0,0.0,0.0,0.0,0.0,0.0,0.0,0.0,0.0,0.0,0.0
127,127,0.0,71.94140503362566,0.0,0.0,0.0,0.0,78.22637343510584,0.0,0.0,68.01397718146524,87.38828202581927,96.16821043964937,90.50824596973467,92.24031495036265,88.25481813640523,72.74784653974042,0.0,0.0,0.0,0.0,0.0,0.0,0.0,0.0,0.0,0.0,0.0
128,128,0.0,71.49202640493002,0.0,0.0,0.0,0.0,77.7515523362486,0.0,0.0,67.72262659128933,87.03075587793857,96.12818606222137,90.67844167449284,92.52530146425495,88.67161655813463,73.16964673611409,0.0,0.0,0.0,0.0,0.0,0.0,0.0,0.0,0.0,0.0,0.0
129,129,0.0,71.04519839008351,0.0,0.0,0.0,0.0,77.27784573251978,0.0,0.0,67.43002564026725,86.66712035591036,96.07393850307197,90.83746256696553,92.80002564655256,89.08299082779256,73.59247697559005,0.0,0.0,0.0,0.0,0.0,0.0,0.0,0.0,0.0,0.0,0.0
130,130,0.0,70.60096989686963,0.0,0.0,0.0,0.0,76.8053914591881,0.0,0.0,67.13628498010249,86.29767480721786,96.00552642721216,90.98512176135615,93.0641607590313,89.48859808484231,74.01621308325721,0.0,0.0,0.0,0.0,0.0,0.0,0.0,0.0,0.0,0.0,0.0
131,131,0.0,70.1594205405895,0.0,0.0,0.0,0.0,76.33433501907881,0.0,0.0,0.0,85.92272364098322,95.92304181557901,91.12124904037935,93.3174227127608,89.88809953064111,74.44073857393877,0.0,0.0,0.0,0.0,0.0,0.0,0.0,0.0,0.0,0.0,0.0
132,132,0.0,69.72059234932172,0.0,0.0,0.0,0.0,75.86481579505465,0.0,0.0,0.0,85.54254239629351,95.82659915537563,91.24568190179228,93.55951203611227,90.28115192183951,74.86591981672824,0.0,0.0,0.0,0.0,0.0,0.0,0.0,0.0,0.0,0.0,0.0
133,133,0.0,69.28454651492825,0.0,0.0,0.0,0.0,75.39694779446792,0.0,0.0,0.0,85.15744450250635,95.7163246584613,91.358275388309,93.79015390964257,90.66738925828409,75.29161812638861,0.0,0.0,0.0,0.0,0.0,0.0,0.0,0.0,0.0,0.0,0.0
134,134,0.0,68.85132440608103,0.0,0.0,0.0,0.0,74.93085925259874,0.0,0.0,0.0,84.76771382728059,95.5923663412326,91.45890252642745,94.00906909762723,91.04647891710145,75.7176962064918,0.0,0.0,0.0,0.0,0.0,0.0,0.0,0.0,0.0,0.0,0.0
135,135,0.0,68.42097528968702,0.0,0.0,0.0,0.0,74.46666004928846,0.0,0.0,0.0,84.37362982738209,95.45487284109281,91.54743566790043,94.21598436271613,91.41805716474998,76.1440118618526,0.0,0.0,0.0,0.0,0.0,0.0,0.0,0.0,0.0,0.0,0.0
136,136,0.0,67.99353999557732,0.0,0.0,0.0,0.0,74.00446129167219,0.0,0.0,0.0,83.97547534413245,95.30403449053009,91.62375620750949,94.41066342695045,91.78175716591285,76.57039795376053,0.0,0.0,0.0,0.0,0.0,0.0,0.0,0.0,0.0,0.0,0.0
137,137,0.0,67.56905134741135,0.0,0.0,0.0,0.0,73.544356607225,0.0,0.0,0.0,83.57352014800871,95.140041275642,91.68779306231811,94.59285729334577,92.13723841662157,76.99670165379291,0.0,0.0,0.0,0.0,0.0,0.0,0.0,0.0,0.0,0.0,0.0
138,138,0.0,67.14754482632745,0.0,0.0,0.0,0.0,73.0864473143056,0.0,0.0,0.0,83.16804472021373,94.96310305752056,91.73945619143856,94.76233498700788,92.48413975824856,77.42275826142621,0.0,0.0,0.0,0.0,0.0,0.0,0.0,0.0,0.0,0.0,0.0
139,139,0.0,0.0,0.0,0.0,0.0,0.0,72.63082379531049,0.0,0.0,0.0,82.75930040553939,94.77342850308709,91.77868446310983,94.91889450120821,92.82209874773496,77.84838390293581,67.16619488775193,0.0,0.0,0.0,0.0,0.0,0.0,0.0,0.0,0.0,0.0
140,140,0.0,0.0,0.0,0.0,0.0,0.0,72.17756007859151,0.0,0.0,0.0,82.34754895327843,94.5712756300247,91.80542674396406,95.0623328037209,93.15076207379425,78.27341651544184,67.58569905040557,0.0,0.0,0.0,0.0,0.0,0.0,0.0,0.0,0.0,0.0
141,141,0.0,0.0,0.0,0.0,0.0,0.0,71.72674392778094,0.0,0.0,0.0,81.93305399127561,94.3568795922582,91.81965159659245,95.19246672779897,93.4697964036646,78.6976610250281,68.00810594797349,0.0,0.0,0.0,0.0,0.0,0.0,0.0,0.0,0.0,0.0
142,142,0.0,0.0,0.0,0.0,0.0,0.0,71.27844121176913,0.0,0.0,0.0,81.51605032504526,94.13051324020546,91.82134737810404,95.3091335500822,93.7788296636505,79.12092338433276,68.4333886503225,0.0,0.0,0.0,0.0,0.0,0.0,0.0,0.0,0.0,0.0
143,143,0.0,0.0,0.0,0.0,0.0,0.0,70.8327256207442,0.0,0.0,0.0,81.09677490106424,93.89242574069388,91.81051270015865,95.41217081987895,94.07754084729225,79.5430109397853,68.86150722345474,0.0,0.0,0.0,0.0,0.0,0.0,0.0,0.0,0.0,0.0
144,144,0.0,0.0,0.0,0.0,0.0,0.0,70.3896555362224,0.0,0.0,0.0,80.67547373921653,93.64292251048163,91.78714685807903,95.5014373508943,94.36558126946157,79.96371101405616,69.29241343349972,0.0,0.0,0.0,0.0,0.0,0.0,0.0,0.0,0.0,0.0
145,145,0.0,0.0,0.0,0.0,0.0,0.0,69.94929153290852,0.0,0.0,0.0,80.25237182237086,93.38227413427735,91.75129768135086,95.57684481502676,94.64262514551304,80.38281952421957,69.72607240878305,0.0,0.0,0.0,0.0,0.0,0.0,0.0,0.0,0.0,0.0
146,146,0.0,0.0,0.0,0.0,0.0,0.0,69.51169064201234,0.0,0.0,0.0,79.8276810648287,93.11080556188932,91.70299442581265,95.63826478279572,94.90835034942991,80.80011951072223,70.16241882387536,0.0,0.0,0.0,0.0,0.0,0.0,0.0,0.0,0.0,0.0
147,147,0.0,0.0,0.0,0.0,0.0,0.0,69.07690103752721,0.0,0.0,0.0,79.40162215709483,92.82880595994689,91.64229554369551,95.68562227839645,95.16242874848322,81.21537329492708,70.60141170731863,0.0,0.0,0.0,0.0,0.0,0.0,0.0,0.0,0.0,0.0
148,148,0.0,0.0,0.0,0.0,0.0,0.0,68.64496248162773,0.0,0.0,0.0,78.97440251152959,92.53658770491596,91.56928845147904,95.71887540328375,95.40457829224937,81.6283671933366,71.04298447702716,0.0,0.0,0.0,0.0,0.0,0.0,0.0,0.0,0.0,0.0
149,149,0.0,0.0,0.0,0.0,0.0,0.0,68.21592790754696,0.0,0.0,0.0,78.54622364930397,92.2344852162794,91.48405115912891,95.73795303770542,95.6344815339597,82.03885192220292,71.48707245653465,0.0,0.0,0.0,0.0,0.0,0.0,0.0,0.0,0.0,0.0
150,150,0.0,0.0,0.0,0.0,0.0,0.0,67.78983118637288,0.0,0.0,0.0,78.11728120259424,91.92281533677856,91.38669021397051,95.74283821810393,95.85186877922733,82.44659521794757,71.93361312239128,0.0,0.0,0.0,0.0,0.0,0.0,0.0,0.0,0.0,0.0
151,151,0.0,0.0,0.0,0.0,0.0,0.0,67.36669852805295,0.0,0.0,0.0,77.68775806902133,91.60191556260335,91.27732135083382,95.73352659901641,96.0564567458321,82.85133626966001,72.38253445634835,0.0,0.0,0.0,0.0,0.0,0.0,0.0,0.0,0.0,0.0
152,152,0.0,0.0,0.0,0.0,0.0,0.0,0.0,0.0,0.0,0.0,77.25783837835797,91.27210496292071,91.15607868095496,95.7100264627347,96.24799082319156,83.25282406824007,72.83375447244774,0.0,0.0,0.0,0.0,0.0,0.0,0.0,0.0,0.0,0.0
153,153,0.0,0.0,0.0,0.0,0.0,0.0,0.0,0.0,0.0,0.0,76.82770043692263,90.93372192343834,91.02309545550646,95.67237950362777,96.4262249527402,83.65081033870783,73.28718683468975,0.0,0.0,0.0,0.0,0.0,0.0,0.0,0.0,0.0,0.0
154,154,0.0,0.0,0.0,0.0,0.0,0.0,0.0,0.0,0.0,0.0,76.39751013569239,90.58711361250496,90.87854144897985,95.62062949885554,96.5909327896142,84.04501794981921,73.7427469189987,67.35725715125493,0.0,0.0,0.0,0.0,0.0,0.0,0.0,0.0,0.0
155,155,0.0,0.0,0.0,0.0,0.0,0.0,0.0,0.0,0.0,0.0,75.96742792935582,90.23261660950737,90.72258476891514,95.55484299633494,96.74188714838995,84.43517235377531,74.20034582420269,67.77645998774324,0.0,0.0,0.0,0.0,0.0,0.0,0.0,0.0,0.0
156,156,0.0,0.0,0.0,0.0,0.0,0.0,0.0,0.0,0.0,0.0,75.5376024038812,89.87055678180072,90.55539165258342,95.47510909658631,96.87890302256673,84.8210103184759,74.65987126092972,68.19847678702097,0.0,0.0,0.0,0.0,0.0,0.0,0.0,0.0,0.0
157,157,0.0,0.0,0.0,0.0,0.0,0.0,0.0,0.0,0.0,0.0,75.10819634409147,89.50128561477365,90.37717269804206,95.38152882500253,97.00179574574375,85.20224786766852,75.1212311550282,68.62327211669574,0.0,0.0,0.0,0.0,0.0,0.0,0.0,0.0,0.0
158,158,0.0,0.0,0.0,0.0,0.0,0.0,0.0,0.0,0.0,0.0,74.67934767250357,89.12512448399845,90.18811703916921,95.27422520401677,97.11039200375374,85.57859640404573,75.58429667523575,69.0508025586461,0.0,0.0,0.0,0.0,0.0,0.0,0.0,0.0,0.0
159,159,0.0,0.0,0.0,0.0,0.0,0.0,0.0,0.0,0.0,0.0,74.25118941124038,88.74242802711767,89.98844773302228,95.15335314469398,97.20455173568668,85.94977973903889,76.0489592829551,69.4810162861923,0.0,0.0,0.0,0.0,0.0,0.0,0.0,0.0,0.0
160,160,0.0,0.0,0.0,0.0,0.0,0.0,0.0,0.0,0.0,0.0,73.82385594415427,88.35351123379755,89.77837493999895,95.01904753986508,97.28414720550735,86.31549273836588,76.51509895054325,69.91386929093672,0.0,0.0,0.0,0.0,0.0,0.0,0.0,0.0,0.0
161,161,0.0,0.0,0.0,0.0,0.0,0.0,0.0,0.0,0.0,0.0,73.39747048962953,87.95872097224773,89.55813238727379,94.87150517092827,97.34907408861908,86.67544321192402,76.98257018382826,70.34930347794166,0.0,0.0,0.0,0.0,0.0,0.0,0.0,0.0,0.0
162,162,0.0,0.0,0.0,0.0,0.0,0.0,0.0,0.0,0.0,0.0,72.97215763909861,87.55836436597446,89.32795836180239,94.71089177407923,97.39923025831051,87.0293529239044,77.45124158300833,70.78726295819168,0.0,0.0,0.0,0.0,0.0,0.0,0.0,0.0,0.0
163,163,0.0,0.0,0.0,0.0,0.0,0.0,0.0,0.0,0.0,0.0,72.54802514382645,87.15277048753656,89.08810428815467,94.5374133962093,97.43455913021056,87.37689786593842,77.92096246556092,71.22767700320557,0.0,0.0,0.0,0.0,0.0,0.0,0.0,0.0,0.0
164,164,0.0,0.0,0.0,0.0,0.0,0.0,0.0,0.0,0.0,0.0,72.12518243368233,86.74226320618922,88.83881610163161,94.35130529133914,97.45501758786206,87.71780305578922,78.39158288195074,71.67048257690568,0.0,0.0,0.0,0.0,0.0,0.0,0.0,0.0,0.0
165,165,0.0,0.0,0.0,0.0,0.0,0.0,0.0,0.0,0.0,0.0,71.7037345097526,86.32714397140766,88.58036080794147,94.1527806472383,97.46055450182484,88.05174801230683,78.86294686277373,72.1156072187395,0.0,0.0,0.0,0.0,0.0,0.0,0.0,0.0,0.0
166,166,0.0,0.0,0.0,0.0,0.0,0.0,0.0,0.0,0.0,0.0,71.28378203233952,85.9077343123691,88.31299006810036,93.94209089260252,97.45118636852804,88.37843646494288,79.33487801946968,72.56296857743104,0.0,0.0,0.0,0.0,0.0,0.0,0.0,0.0,0.0
167,167,0.0,0.0,0.0,0.0,0.0,0.0,0.0,0.0,0.0,0.0,70.86541570417876,85.48432455483795,88.03697552972248,93.7194845896945,97.42691099564546,88.69757985629582,79.80720031444037,73.01248604777024,0.0,0.0,0.0,0.0,0.0,0.0,0.0,0.0,0.0
168,168,0.0,0.0,0.0,0.0,0.0,0.0,0.0,0.0,0.0,0.0,70.44871669657002,85.05720773811814,87.75259909736481,93.48523692824084,97.38776143495555,89.00886204597388,80.2797383975252,73.46406876570764,0.0,0.0,0.0,0.0,0.0,0.0,0.0,0.0,0.0
169,169,0.0,0.0,0.0,0.0,0.0,0.0,0.0,0.0,0.0,0.0,70.03377936096564,84.6266871604294,87.46012613340373,93.23962891899139,97.33380584471807,89.31199317981142,80.75228831797021,73.91762133094556,0.0,0.0,0.0,0.0,0.0,0.0,0.0,0.0,0.0
170,170,0.0,0.0,0.0,0.0,0.0,0.0,0.0,0.0,0.0,0.0,69.62067727786,84.19302705696002,87.15984015281497,92.98293699708645,97.26510422066445,89.6066745568059,81.2246611362518,74.37304369314899,0.0,0.0,0.0,0.0,0.0,0.0,0.0,0.0,0.0
171,171,0.0,0.0,0.0,0.0,0.0,0.0,0.0,0.0,0.0,0.0,69.20948066070831,83.75652587067763,86.85201610670639,92.71545227335127,97.1817512990881,89.8926079571915,81.69663865678842,74.83023740232954,67.06717455825024,0.0,0.0,0.0,0.0,0.0,0.0,0.0,0.0
172,172,0.0,0.0,0.0,0.0,0.0,0.0,0.0,0.0,0.0,0.0,68.8002671952195,83.31742727903462,86.53693730831577,92.43748941039273,97.08387616642692,90.16951458881266,82.16801042487958,75.2890801231524,67.4346864409689,0.0,0.0,0.0,0.0,0.0,0.0,0.0,0.0
173,173,0.0,0.0,0.0,0.0,0.0,0.0,0.0,0.0,0.0,0.0,68.39310022425943,82.87601625537717,86.2148947399411,92.14935651476054,96.97158831637817,90.43709894229701,82.63854351820828,75.7494634699934,67.80326512787155,0.0,0.0,0.0,0.0,0.0,0.0,0.0,0.0
174,174,0.0,0.0,0.0,0.0,0.0,0.0,0.0,0.0,0.0,0.0,67.98803997665847,82.4325315489438,85.88616121164293,91.85135486489135,96.84506297625347,90.69508610931581,83.10802087786813,76.21125447968454,68.17284232566693,0.0,0.0,0.0,0.0,0.0,0.0,0.0,0.0
175,175,0.0,0.0,0.0,0.0,0.0,0.0,0.0,0.0,0.0,0.0,67.58514364876677,81.98722881210101,85.55102491586105,91.54381677172186,96.70444440439513,90.94320400555208,83.57617911742794,76.67432102928306,68.54332046899833,0.0,0.0,0.0,0.0,0.0,0.0,0.0,0.0
176,176,0.0,0.0,0.0,0.0,0.0,0.0,0.0,0.0,0.0,0.0,67.18446548573682,81.54034908350037,85.20977193410883,91.22707569846507,96.54994144465483,91.18117440316482,84.04278656465273,77.13852536384839,68.91461440119662,0.0,0.0,0.0,0.0,0.0,0.0,0.0,0.0
177,177,0.0,0.0,0.0,0.0,0.0,0.0,0.0,0.0,0.0,0.0,0.0,81.09211917297834,84.8626777222163,90.90143753392664,96.38174179331374,91.4087416672622,84.5075805700555,77.60372399106781,69.28663582046636,0.0,0.0,0.0,0.0,0.0,0.0,0.0,0.0
178,178,0.0,0.0,0.0,0.0,0.0,0.0,0.0,0.0,0.0,0.0,0.0,80.64276683866791,84.51001525309741,90.56724633477955,96.20006465081619,91.62564510180754,84.97028260922882,78.06976758009182,69.6592822022592,0.0,0.0,0.0,0.0,0.0,0.0,0.0,0.0
179,179,0.0,0.0,0.0,0.0,0.0,0.0,0.0,0.0,0.0,0.0,0.0,80.1925130629503,84.15207082467786,90.2248361906582,96.00515984095435,91.83165754472202,85.43063105568476,78.53649385603654,70.0324528794997,0.0,0.0,0.0,0.0,0.0,0.0,0.0,0.0
180,180,0.0,0.0,0.0,0.0,0.0,0.0,0.0,0.0,0.0,0.0,0.0,79.74156483759452,83.78911916402834,89.87454024832131,95.79726511871348,92.02652873842088,85.88834066751441,79.00373418331775,70.40604365478733,0.0,0.0,0.0,0.0,0.0,0.0,0.0,0.0
181,181,0.0,0.0,0.0,0.0,0.0,0.0,0.0,0.0,0.0,0.0,0.0,79.29012273930795,83.42143142075798,89.51669023430892,95.57664758392009,92.21003349948603,86.34311872326,79.47131347477662,70.77994675417642,0.0,0.0,0.0,0.0,0.0,0.0,0.0,0.0
182,182,0.0,0.0,0.0,0.0,0.0,0.0,0.0,0.0,0.0,0.0,0.0,78.83838096067434,83.04926709021792,89.15161599967581,95.34358197386567,92.38196288365678,86.79465656587276,79.93905010788592,71.15404503064597,67.15386797885324,0.0,0.0,0.0,0.0,0.0,0.0,0.0
183,183,0.0,0.0,0.0,0.0,0.0,0.0,0.0,0.0,0.0,0.0,0.0,78.38653433356927,82.67289744737094,88.77966300047012,95.09835006523963,92.54210534341271,87.24265523417763,80.40675584872346,71.52822324868835,67.56021707404838,0.0,0.0,0.0,0.0,0.0,0.0,0.0
184,184,0.0,0.0,0.0,0.0,0.0,0.0,0.0,0.0,0.0,0.0,0.0,77.93475727219848,82.29258154820775,88.40114672360237,94.84125029651362,92.69028604748924,87.68680902420823,80.87422091933036,71.90235072479612,67.96899903059216,67.23460552922116,0.0,0.0,0.0,0.0,0.0,0.0
185,185,0.0,0.0,0.0,0.0,0.0,0.0,0.0,0.0,0.0,0.0,0.0,77.48322510188824,81.90857402198836,88.01640625812651,94.57260704436959,92.82630900127225,88.12677918453488,81.34125819027902,72.27631036334698,68.38015949672203,67.42645038508931,0.0,0.0,0.0,0.0,0.0,0.0
186,186,0.0,0.0,0.0,0.0,0.0,0.0,0.0,0.0,0.0,0.0,0.0,77.03210698219017,81.521132454517,87.62576787057833,94.2927188876888,92.95001591769022,88.56225518952171,81.8076364081911,72.64996355943873,68.79365709973602,67.61493020640917,0.0,0.0,0.0,0.0,0.0,0.0
187,187,0.0,0.0,0.0,0.0,0.0,0.0,0.0,0.0,0.0,0.0,0.0,76.58155265268925,81.13049443596928,87.22954504340413,94.0019090933174,93.0612673083382,88.99289371518026,82.27313953085051,73.0231734892024,69.20942622947597,67.79994793272179,0.0,0.0,0.0,0.0,0.0,0.0
188,188,0.0,0.0,0.0,0.0,0.0,0.0,0.0,0.0,0.0,0.0,0.0,76.131726227198,80.73690777643216,86.82806425118886,93.7005343698884,93.15990346940184,89.41834484408236,82.73753688284262,73.39579927483283,69.62740870284058,67.98139596397542,0.0,0.0,0.0,0.0,0.0,0.0
189,189,0.0,0.0,0.0,0.0,0.0,0.0,0.0,0.0,0.0,0.0,0.0,75.68276605373373,80.34060032322485,86.42164689411403,93.38890397614934,93.24582354075584,89.8382798664554,83.20058270662652,73.76768978540476,70.04754875369093,68.1591718040997,0.0,0.0,0.0,0.0,0.0,0.0
190,190,0.0,0.0,0.0,0.0,0.0,0.0,0.0,0.0,0.0,0.0,0.0,75.23481812666671,79.9418168921783,86.01059220442997,93.06737919616225,93.31890707865267,90.2523373304179,83.66204753924724,74.13870829981997,70.46976506741674,68.33316767716927,0.0,0.0,0.0,0.0,0.0,0.0
191,191,0.0,0.0,0.0,0.0,0.0,0.0,0.0,0.0,0.0,0.0,0.0,74.78800363027769,79.54076776183759,85.59520277795339,92.73630263733614,93.37906360748366,90.6601688051134,84.12165520827756,74.50868297097277,70.89399502888085,68.50329714932091,0.0,0.0,0.0,0.0,0.0,0.0
192,192,0.0,0.0,0.0,0.0,0.0,0.0,0.0,0.0,0.0,0.0,0.0,74.34245785627441,79.13767986848036,85.17579218810222,92.39602743280054,93.42622306338852,91.06140239319714,84.57915383362223,74.87745623582859,71.32016130999575,68.66944216066527,0.0,0.0,0.0,0.0,0.0,0.0
193,193,0.0,0.0,0.0,0.0,0.0,0.0,0.0,0.0,0.0,0.0,0.0,73.89829813898893,78.7327674773547,84.75263498831474,92.04690668525177,93.46032609157413,91.45568031750086,85.03426832698652,75.24487289559116,71.74817694404946,68.8315169504259,0.0,0.0,0.0,0.0,0.0,0.0
194,194,0.0,0.0,0.0,0.0,0.0,0.0,0.0,0.0,0.0,0.0,0.0,73.45563696888652,78.32623249664599,84.32603280704306,91.68930246321229,93.48132418420282,91.8426409935871,85.48672449455003,75.61075446129227,72.17795672078482,68.98941482864754,0.0,0.0,0.0,0.0,0.0,0.0
195,195,0.0,0.0,0.0,0.0,0.0,0.0,0.0,0.0,0.0,0.0,0.0,73.01458209066801,77.91828550021282,83.89626455695526,91.32355645476973,93.48918972813026,92.22190980885857,85.9362243841693,75.97493103548305,72.60940545933617,69.14304037191413,0.0,0.0,0.0,0.0,0.0,0.0
196,196,0.0,0.0,0.0,0.0,0.0,0.0,0.0,0.0,0.0,0.0,0.0,72.57524258893375,77.50911084366552,83.46360294543055,90.95003721716864,93.48392602319485,92.59312843245621,86.38247943434396,76.3372221075718,73.04242968338099,69.29229885390538,0.0,0.0,0.0,0.0,0.0,0.0
197,197,0.0,0.0,0.0,0.0,0.0,0.0,0.0,0.0,0.0,0.0,0.0,72.13770497662452,77.09890826193653,83.02831435350097,90.56910123958224,93.46552757679149,92.95590699930516,86.82518577629806,76.6974362836048,73.47693175028397,69.43709634262977,0.0,0.0,0.0,0.0,0.0,0.0
198,198,0.0,0.0,0.0,0.0,0.0,0.0,0.0,0.0,0.0,0.0,0.0,71.70207526990535,76.6878650516667,82.59065873370875,90.18109285752422,93.43401981501975,93.3098927572437,87.26404125526547,77.05539801521056,73.91279113765476,69.57733429782277,0.0,0.0,0.0,0.0,0.0,0.0
199,199,0.0,0.0,0.0,0.0,0.0,0.0,0.0,0.0,0.0,0.0,0.0,71.2684199507843,76.27614321469966,82.15089719515365,89.78638085485002,93.38943916139681,93.65470234939205,87.69871981793746,77.41091455189724,74.34990722314419,69.71293165375869,0.0,0.0,0.0,0.0,0.0,0.0
200,200,0.0,0.0,0.0,0.0,0.0,0.0,0.0,0.0,0.0,0.0,0.0,70.83684230608051,75.86392632371344,81.70926117836082,89.38529327517871,93.33185275076015,93.98998152242407,88.12889732522788,77.76377538887853,74.78814981766139,69.8437975215611,0.0,0.0,0.0,0.0,0.0,0.0
201,201,0.0,0.0,0.0,0.0,0.0,0.0,0.0,0.0,0.0,0.0,0.0,70.40740122601689,75.45137930265778,81.26600617104499,88.9781996333087,93.26131863874083,94.3153663632177,88.55425220915185,78.113800267451,75.22739617636242,69.9698422028987,0.0,0.0,0.0,0.0,0.0,0.0
202,202,0.0,0.0,0.0,0.0,0.0,0.0,0.0,0.0,0.0,0.0,0.0,69.98017493453276,75.03866196515341,80.82135064967508,88.56541935021565,93.17793512613328,94.63048355424354,88.97444815620678,78.46076386724901,75.66751864279986,70.09098845736823,0.0,0.0,0.0,0.0,0.0,0.0
203,203,0.0,0.0,0.0,0.0,0.0,0.0,0.0,0.0,0.0,0.0,0.0,69.5552322291124,74.62592905041559,80.37552908562058,88.1473117874592,93.08181076700575,94.93499164626013,89.38914303847513,78.80447874508882,76.10837798430246,70.20714378431025,0.0,0.0,0.0,0.0,0.0,0.0
204,204,0.0,0.0,0.0,0.0,0.0,0.0,0.0,0.0,0.0,0.0,0.0,69.13263292025276,74.21332400719228,79.92874715503615,87.72418638558507,92.97305429584111,95.22852085542482,89.79798921893506,79.14471899667521,76.54982293069082,70.31823395755416,0.0,0.0,0.0,0.0,0.0,0.0
205,205,0.0,0.0,0.0,0.0,0.0,0.0,0.0,0.0,0.0,0.0,0.0,68.71243898940556,73.80099176791869,79.48123321636345,87.29639974767372,92.85179408131012,95.51075570497683,90.20063388495463,79.48127628865792,76.99171665368452,70.42419211847654,0.0,0.0,0.0,0.0,0.0,0.0
206,206,0.0,0.0,0.0,0.0,0.0,0.0,0.0,0.0,0.0,0.0,0.0,68.29470375348468,73.38907233377083,79.03316572913573,86.8642499321373,92.71819726323275,95.78133295833491,90.59673806444599,79.81393195717185,77.4338901563311,70.52493068320946,0.0,0.0,0.0,0.0,0.0,0.0
207,207,0.0,0.0,0.0,0.0,0.0,0.0,0.0,0.0,0.0,0.0,0.0,67.8794775193198,72.97768873025456,78.58475991462838,86.42805517527756,92.57242029856499,96.03994563265988,90.98593078348708,80.14245685990743,77.87618200336301,70.62038645240976,0.0,0.0,0.0,0.0,0.0,0.0
208,208,0.0,0.0,0.0,0.0,0.0,0.0,0.0,0.0,0.0,0.0,0.0,67.46680249982904,72.56697767114098,78.136189068978,85.98814399379167,92.41462831151543,96.28627133930812,91.36784622210048,80.4666406795993,78.31841812459072,70.71049828322141,0.0,0.0,0.0,0.0,0.0,0.0
209,209,0.0,0.0,0.0,0.0,0.0,0.0,0.0,0.0,0.0,0.0,0.0,67.05672854453294,72.15705310595115,77.68764147647835,85.54479592122414,92.24501407837116,96.52000415474744,91.7421436928006,80.78624849133976,78.76042546381835,70.79519007824719,0.0,0.0,0.0,0.0,0.0,0.0
210,210,0.0,0.0,0.0,0.0,0.0,0.0,0.0,0.0,0.0,0.0,0.0,0.0,71.74803070000395,77.23929215455055,85.09831756758064,92.06378765068906,96.74083427316688,92.10845142142705,81.10106492149463,79.20202519578426,70.87441062491176,0.0,0.0,0.0,0.0,0.0,0.0
211,211,0.0,0.0,0.0,0.0,0.0,0.0,0.0,0.0,0.0,0.0,0.0,0.0,71.34002178464847,76.7912966140623,84.64899189303138,91.87114695802627,96.9485018371741,92.4664047485702,81.4108424995312,79.64301106331926,70.94810533084714,0.0,0.0,0.0,0.0,0.0,0.0
212,212,0.0,0.0,0.0,0.0,0.0,0.0,0.0,0.0,0.0,0.0,0.0,0.0,70.93313343086639,76.34382482562377,84.19710312212426,91.66732552556887,97.14272341391323,92.81563724105096,81.71536143865094,80.08319916364019,71.01621049914954,0.0,0.0,0.0,0.0,0.0,0.0
213,213,0.0,0.0,0.0,0.0,0.0,0.0,0.0,0.0,0.0,0.0,0.0,0.0,70.5274628731013,75.89702739805068,83.74292027359954,91.45256288013219,97.32325654233475,93.1557910985619,82.01438513675666,80.52237057858984,71.07868774203605,66.97331311348125,0.0,0.0,0.0,0.0,0.0
214,214,0.0,0.0,0.0,0.0,0.0,0.0,0.0,0.0,0.0,0.0,0.0,0.0,70.1231034987524,75.45104290489259,83.28671328009483,91.2270851557153,97.48985773127806,93.4865081440028,82.30769065290482,80.96032189823985,71.13548399613282,67.37577113675559,0.0,0.0,0.0,0.0,0.0
215,215,0.0,0.0,0.0,0.0,0.0,0.0,0.0,0.0,0.0,0.0,0.0,0.0,69.72015044657738,75.00601752822442,82.82872910704135,90.99115214444431,97.64229367073777,93.8074304012826,82.5950307450616,81.39682877955075,71.1865602362876,67.78057886154815,0.0,0.0,0.0,0.0,0.0
216,216,0.0,0.0,0.0,0.0,0.0,0.0,0.0,0.0,0.0,0.0,0.0,0.0,69.31868398478456,74.56208543374586,82.36923112347606,90.74502802319897,97.78037438994212,94.11820069529821,82.87618016151437,81.8316679813978,71.23188008695793,68.18769126937974,0.0,0.0,0.0,0.0,0.0
217,217,0.0,0.0,0.0,0.0,0.0,0.0,0.0,0.0,0.0,0.0,0.0,0.0,68.91878641535536,74.11936924416773,81.90845966394635,90.48897155376352,97.903910649331,94.41847340349628,83.15091314348531,82.26459472066963,71.2714098707825,68.59705536226689,0.0,0.0,0.0,0.0,0.0
218,218,0.0,0.0,0.0,0.0,0.0,0.0,0.0,0.0,0.0,0.0,0.0,0.0,68.52054183552828,73.67798667533611,81.44663288050549,90.22326361740743,98.01272517031383,94.70790521503699,83.4189878868994,82.69538075819447,71.3051244318987,69.00860976509469,0.0,0.0,0.0,0.0,0.0
219,219,0.0,0.0,0.0,0.0,0.0,0.0,0.0,0.0,0.0,0.0,0.0,0.0,68.12402008822525,73.23806281994838,80.983992317564,89.94817860560084,98.10667495519424,94.9861660204909,83.6801781627066,83.12376855206803,71.33298985417916,69.42230074655797,0.0,0.0,0.0,0.0,0.0
220,220,0.0,0.0,0.0,0.0,0.0,0.0,0.0,0.0,0.0,0.0,0.0,0.0,67.72928788349208,72.79969338092779,80.52074228046271,89.66401162697693,98.18562997518023,95.25292954173274,83.9342501051801,83.54950977799851,71.35499238447628,69.83805507365534,0.0,0.0,0.0,0.0,0.0
221,221,0.0,0.0,0.0,0.0,0.0,0.0,0.0,0.0,0.0,0.0,0.0,0.0,67.33640887279617,72.36298787763714,80.05709526475927,89.37103206581851,98.24948446932439,95.50786360739062,84.18099449513693,83.9723341694306,71.37110957501018,70.25580698175065,0.0,0.0,0.0,0.0,0.0
222,222,0.0,0.0,0.0,0.0,0.0,0.0,0.0,0.0,0.0,0.0,0.0,0.0,0.0,71.92803926617053,79.59326394971443,89.0695561370493,98.29813534022381,95.75066179484398,84.42017918566759,84.39198118902739,71.3813392307298,70.67548739582996,0.0,0.0,0.0,0.0,0.0
223,223,0.0,0.0,0.0,0.0,0.0,0.0,0.0,0.0,0.0,0.0,0.0,0.0,0.0,71.49494798823778,79.12942525690761,88.75985536985021,98.33152630530353,95.9810236790639,84.65158130596804,84.80817643338828,71.38566470396648,71.09701810218952,0.0,0.0,0.0,0.0,0.0
224,224,0.0,0.0,0.0,0.0,0.0,0.0,0.0,0.0,0.0,0.0,0.0,0.0,0.0,71.06379841332304,78.66577130716053,88.44225549862085,98.34961522389457,96.19866598686275,84.8749878233327,85.22063962544753,71.38408963829926,71.52030550873775,0.0,0.0,0.0,0.0,0.0
225,225,0.0,0.0,0.0,0.0,0.0,0.0,0.0,0.0,0.0,0.0,0.0,0.0,0.0,70.6346653104811,78.20248739007107,88.11702822518588,98.35235221944376,96.40331289984782,85.09019609132382,85.62907644273074,71.37660902545866,71.94527515347848,0.0,0.0,0.0,0.0,0.0
226,226,0.0,0.0,0.0,0.0,0.0,0.0,0.0,0.0,0.0,0.0,0.0,0.0,0.0,70.20763669207466,77.7397314427973,87.78449783626175,98.33976769688377,96.59470726864195,85.29698957845258,86.03320353725516,71.36322657800109,72.37183133711811,0.0,0.0,0.0,0.0,0.0
227,227,0.0,0.0,0.0,0.0,0.0,0.0,0.0,0.0,0.0,0.0,0.0,0.0,0.0,69.78277415391955,77.27767607762402,87.44494322289269,98.31185144900498,96.77259013157114,85.4951627225546,86.43272405792996,71.34396628673302,72.79987405621787,0.0,0.0,0.0,0.0,0.0
228,228,0.0,0.0,0.0,0.0,0.0,0.0,0.0,0.0,0.0,0.0,0.0,0.0,0.0,69.36015259233571,76.81648062675265,87.09868538391022,98.26865152964649,96.93672246146133,85.68453815693142,86.82732748051367,71.31882611157279,73.22929890934945,0.0,0.0,0.0,0.0,0.0
229,229,0.0,0.0,0.0,0.0,0.0,0.0,0.0,0.0,0.0,0.0,0.0,0.0,0.0,68.93982689052787,76.35627839499102,86.74601692848519,98.21024111841822,97.08690734510998,85.86491731208461,87.21672404469936,71.28783004138825,73.6599970050515,0.0,0.0,0.0,0.0,0.0
230,230,0.0,0.0,0.0,0.0,0.0,0.0,0.0,0.0,0.0,0.0,0.0,0.0,0.0,68.52187035117069,75.89722377442585,86.38723667845001,98.13668544460101,97.22292653603662,86.03612226593334,87.60058513209025,71.25100490231205,74.09186111009141,0.0,0.0,0.0,0.0,0.0
231,231,0.0,0.0,0.0,0.0,0.0,0.0,0.0,0.0,0.0,0.0,0.0,0.0,0.0,68.10632604835564,75.43944548578501,86.02263216351025,98.0480854551459,97.34461586929626,86.1979710760749,87.97861239932573,71.2083803200752,74.52476699365819,0.0,0.0,0.0,0.0,0.0
232,232,0.0,0.0,0.0,0.0,0.0,0.0,0.0,0.0,0.0,0.0,0.0,0.0,0.0,67.69325539788326,74.9830798124162,85.65251301066539,97.94457739307818,97.45179070987649,86.35029488625703,88.35047750923137,71.1599771705855,74.95858538157667,0.0,0.0,0.0,0.0,0.0
233,233,0.0,0.0,0.0,0.0,0.0,0.0,0.0,0.0,0.0,0.0,0.0,0.0,0.0,67.28269581577325,74.52823836840749,85.27715997597898,97.82628874740885,97.54432170117296,86.49295539450175,88.7158660664635,71.10583635088726,75.39319478748587,0.0,0.0,0.0,0.0,0.0
234,234,0.0,0.0,0.0,0.0,0.0,0.0,0.0,0.0,0.0,0.0,0.0,0.0,0.0,0.0,74.07504677670852,84.89686670748148,97.69339239639005,97.62207057521032,86.62577733099877,89.07446068197633,71.04600139783008,75.82844950725726,0.0,0.0,0.0,0.0,0.0
235,235,0.0,0.0,0.0,0.0,0.0,0.0,0.0,0.0,0.0,0.0,0.0,0.0,0.0,0.0,73.62360667324371,84.51191440325994,97.54607333824167,97.6849336752602,86.74864216194966,89.4259322602628,70.9805069782711,76.26421146748548,0.0,0.0,0.0,0.0,0.0
236,236,0.0,0.0,0.0,0.0,0.0,0.0,0.0,0.0,0.0,0.0,0.0,0.0,0.0,0.0,73.17402129330759,84.12258802377303,97.38451745528945,97.73282068026487,86.86140335257379,89.7699583610209,70.90941322460556,76.70033084862031,0.0,0.0,0.0,0.0,0.0
237,237,0.0,0.0,0.0,0.0,0.0,0.0,0.0,0.0,0.0,0.0,0.0,0.0,0.0,0.0,72.72639520217359,83.72915976456122,97.20894344372623,97.76567655959029,86.96394632901465,90.10620552222024,70.83275982945403,77.13664563933395,0.0,0.0,0.0,0.0,0.0
238,238,0.0,0.0,0.0,0.0,0.0,0.0,0.0,0.0,0.0,0.0,0.0,0.0,0.0,0.0,72.2808221647827,83.33190501185538,97.01959123220723,97.78344921783243,87.05616319548353,90.43436653911995,70.7506060432595,77.57299486590185,67.24496829972855,0.0,0.0,0.0,0.0
239,239,0.0,0.0,0.0,0.0,0.0,0.0,0.0,0.0,0.0,0.0,0.0,0.0,0.0,0.0,71.83737389989838,82.93108615220494,96.81669991256791,97.78611132748757,87.13794431687317,90.75411513190801,70.66300771471417,78.00921200146907,67.66628219915417,0.0,0.0,0.0,0.0
240,240,0.0,0.0,0.0,0.0,0.0,0.0,0.0,0.0,0.0,0.0,0.0,0.0,0.0,0.0,71.39614760991255,82.52696052641697,96.60053920664612,97.77366042030008,87.20920437655428,91.06512460296122,70.5700342633555,78.44511792351494,68.09054309017168,0.0,0.0,0.0,0.0
241,241,0.0,0.0,0.0,0.0,0.0,0.0,0.0,0.0,0.0,0.0,0.0,0.0,0.0,0.0,70.95721280068119,82.11979561129417,96.37138729130803,97.74610803877323,87.26986539813305,91.36707782543864,70.47174023155573,78.88052755296827,68.51770357310481,0.0,0.0,0.0,0.0
242,242,0.0,0.0,0.0,0.0,0.0,0.0,0.0,0.0,0.0,0.0,0.0,0.0,0.0,0.0,70.5206467224127,81.70983019397357,96.12953017238318,97.70350140482091,87.31986556709788,91.65966806909431,70.36820483032947,79.31525696565964,68.9477345615641,0.0,0.0,0.0,0.0
243,243,0.0,0.0,0.0,0.0,0.0,0.0,0.0,0.0,0.0,0.0,0.0,0.0,0.0,0.0,70.08650586273622,81.2973129575168,95.87528194686962,97.6459015629447,87.35915074198694,91.94257099847125,70.2594978665464,79.74910207495383,69.38058824174057,0.0,0.0,0.0,0.0
244,244,0.0,0.0,0.0,0.0,0.0,0.0,0.0,0.0,0.0,0.0,0.0,0.0,0.0,0.0,69.65486016786822,80.88247932005041,95.6089316560195,97.57338322289986,87.38765720840924,92.21549293634564,70.1456854146156,80.18186705299749,69.8162191169343,0.0,0.0,0.0,0.0
245,245,0.0,0.0,0.0,0.0,0.0,0.0,0.0,0.0,0.0,0.0,0.0,0.0,0.0,0.0,69.22576488570276,80.46556645244235,95.33082613260603,97.48605617057932,87.4053811917525,92.47814310614325,70.02685768720228,80.61334295563508,70.25458425133323,0.0,0.0,0.0,0.0
246,246,0.0,0.0,0.0,0.0,0.0,0.0,0.0,0.0,0.0,0.0,0.0,0.0,0.0,0.0,68.79927210370114,80.04679826906076,95.0412857185132,97.38402171663685,87.41228351180835,92.73020484102248,69.90308413995932,81.04329986951107,70.69562080797061,0.0,0.0,0.0,0.0
247,247,0.0,0.0,0.0,0.0,0.0,0.0,0.0,0.0,0.0,0.0,0.0,0.0,0.0,0.0,68.37543615564083,79.62639296421192,94.74065552997439,97.26742639895429,87.40835904016484,92.97141393144943,69.77445249652197,81.47152385078861,71.13926788962613,0.0,0.0,0.0,0.0
248,248,0.0,0.0,0.0,0.0,0.0,0.0,0.0,0.0,0.0,0.0,0.0,0.0,0.0,0.0,67.95430289348649,79.20456297487299,94.42928389445252,97.1364398302673,87.39361937198747,93.20148147991243,69.64104630607271,81.89778765225194,71.58547260688341,67.4098707048039,0.0,0.0,0.0
249,249,0.0,0.0,0.0,0.0,0.0,0.0,0.0,0.0,0.0,0.0,0.0,0.0,0.0,0.0,67.53591010970365,78.78150790312812,94.10752169338787,96.9912220739677,87.36807544709868,93.4201432937607,69.50295592912342,82.32184266967491,72.03416121867394,67.7528891987728,0.0,0.0,0.0
250,250,0.0,0.0,0.0,0.0,0.0,0.0,0.0,0.0,0.0,0.0,0.0,0.0,0.0,0.0,67.12029818497561,78.35744279060772,93.77573171445161,96.8319768237065,87.33175487802433,93.62714097608847,69.36026739644177,82.74344932805268,72.48526181058794,68.09609659245585,0.0,0.0,0.0
251,251,0.0,0.0,0.0,0.0,0.0,0.0,0.0,0.0,0.0,0.0,0.0,0.0,0.0,0.0,0.0,77.93254867064783,93.43427774506988,96.65890795864185,87.28471052571282,93.82222245440852,69.21307331135242,83.16235436783333,72.93869245955653,68.43938145109222,67.08183205971868,0.0,0.0
252,252,0.0,0.0,0.0,0.0,0.0,0.0,0.0,0.0,0.0,0.0,0.0,0.0,0.0,0.0,0.0,77.50702187195311,93.08351410574879,96.4722615389321,87.22697708368894,94.00517263462422,69.06146721714934,83.57830641478698,73.3943668655793,68.78265026429733,67.50247515467848,0.0,0.0
253,253,0.0,0.0,0.0,0.0,0.0,0.0,0.0,0.0,0.0,0.0,0.0,0.0,0.0,0.0,0.0,77.08103239882216,92.72382451215414,96.27226145620766,87.15862294922198,94.17574392416627,68.9055488933808,83.99104044664908,73.8522066284034,69.12579047894353,67.92609887446454,0.0,0.0
254,254,0.0,0.0,0.0,0.0,0.0,0.0,0.0,0.0,0.0,0.0,0.0,0.0,0.0,0.0,0.0,76.65475846608254,92.35556219769296,96.05916196458888,87.07972406018712,94.33373689591836,68.74540802157357,84.4002856182393,74.31211680175849,69.46869160534806,68.3526627673026,0.0,0.0
255,255,0.0,0.0,0.0,0.0,0.0,0.0,0.0,0.0,0.0,0.0,0.0,0.0,0.0,0.0,0.0,76.22837258141666,91.97911781364802,95.83325710233336,86.99037234054121,94.47895073395114,68.58114571817903,84.80576540431679,74.77398500900559,69.8112454651448,68.78213415329974,0.0,0.0
256,256,0.0,0.0,0.0,0.0,0.0,0.0,0.0,0.0,0.0,0.0,0.0,0.0,0.0,0.0,0.0,75.80202853119442,91.59485057913446,95.59480663832063,86.8906668562463,94.61120385876096,68.41285822780067,85.207206012143,75.23771269829625,70.15332407575188,69.2144723686388,0.0,0.0
257,257,0.0,0.0,0.0,0.0,0.0,0.0,0.0,0.0,0.0,0.0,0.0,0.0,0.0,0.0,0.0,75.37588799005998,91.20312677483358,95.34411913681068,86.7807050596997,94.73033449388758,68.24064754170821,85.60431196701589,75.70319015824118,70.49481835047412,69.64962833612816,0.0,0.0
258,258,0.0,0.0,0.0,0.0,0.0,0.0,0.0,0.0,0.0,0.0,0.0,0.0,0.0,0.0,0.0,74.95010069290517,90.80430948997902,95.08149889067982,86.66060830232261,94.83619095611908,68.06461590557149,85.99679916004581,76.17028941507364,70.83558786373874,70.08756644978281,0.0,0.0
259,259,0.0,0.0,0.0,0.0,0.0,0.0,0.0,0.0,0.0,0.0,0.0,0.0,0.0,0.0,0.0,74.52480486145627,90.39877674018929,94.80726598577094,86.5305128712663,94.92863200721631,67.88486572489272,86.38437039733276,76.63889000412021,71.17551704564664,70.528225957048,0.0,0.0
260,260,0.0,0.0,0.0,0.0,0.0,0.0,0.0,0.0,0.0,0.0,0.0,0.0,0.0,0.0,0.0,74.1001338686282,89.98688338916782,94.52174521083559,86.39054416225716,95.00753744457577,67.70149947281304,86.76672381767274,77.10885263954994,71.51447005908558,70.97155379474414,0.0,0.0
261,261,0.0,0.0,0.0,0.0,0.0,0.0,0.0,0.0,0.0,0.0,0.0,0.0,0.0,0.0,0.0,73.6762286411148,89.56898893609242,94.2252553236734,86.24086741064443,95.07280848533459,67.51461960038404,87.14356178909297,77.58004563646185,71.85230171500014,71.41748780546395,0.0,0.0
262,262,0.0,0.0,0.0,0.0,0.0,0.0,0.0,0.0,0.0,0.0,0.0,0.0,0.0,0.0,0.0,73.25320653425261,89.14544768641225,93.9181588625657,86.08161946133254,95.12435780248896,67.32432329874494,87.51457416004904,78.05231793653797,72.18887497247799,71.86596214068449,0.0,0.0
263,263,0.0,0.0,0.0,0.0,0.0,0.0,0.0,0.0,0.0,0.0,0.0,0.0,0.0,0.0,0.0,72.83118657893377,88.71659946048209,93.60078054541813,85.91296782051687,95.16210973532172,67.13072816777128,87.87945575054697,78.52551918753214,72.5240495517272,72.31691309339622,0.0,0.0
264,264,0.0,0.0,0.0,0.0,0.0,0.0,0.0,0.0,0.0,0.0,0.0,0.0,0.0,0.0,0.0,72.41029516411135,88.28278742467873,93.27349697179112,85.73510152887118,95.1860416592528,0.0,88.23788934968675,78.9994787829843,72.85767592458667,72.77025529045959,0.0,0.0
265,265,0.0,0.0,0.0,0.0,0.0,0.0,0.0,0.0,0.0,0.0,0.0,0.0,0.0,0.0,0.0,71.9906242028879,87.84435736761606,92.93663611832397,85.54818058948723,95.19609150810838,0.0,88.58955462708782,79.47403362058681,73.1896011549319,73.22591092201074,0.0,0.0
266,266,0.0,0.0,0.0,0.0,0.0,0.0,0.0,0.0,0.0,0.0,0.0,0.0,0.0,0.0,0.0,71.57229114534454,87.40163963489555,92.59057594179083,85.3524026119387,95.19227107989573,0.0,88.93415547570122,79.94900706967266,73.5196627920412,73.68380420773038,0.0,0.0
267,267,0.0,0.0,0.0,0.0,0.0,0.0,0.0,0.0,0.0,0.0,0.0,0.0,0.0,0.0,0.0,71.15539132675615,86.95494933243795,92.2356743061912,85.14795230785785,95.17456312712467,0.0,89.27136710171578,80.42421580449167,73.84771962437692,74.143830437104,0.0,0.0
268,268,0.0,0.0,0.0,0.0,0.0,0.0,0.0,0.0,0.0,0.0,0.0,0.0,0.0,0.0,0.0,70.74001044540563,86.50460356857047,91.8722979234877,84.93504254811305,95.14300371868592,0.0,89.6008718979389,80.89945484799176,74.17359030773696,74.60589857972411,0.0,0.0
269,269,0.0,0.0,0.0,0.0,0.0,0.0,0.0,0.0,0.0,0.0,0.0,0.0,0.0,0.0,0.0,70.32624183756076,86.05092082797022,91.5007928855638,84.71386448284592,95.09764096253076,0.0,89.92236021671289,81.3745267215914,74.49712115187448,75.0699067179633,0.0,0.0
270,270,0.0,0.0,0.0,0.0,0.0,0.0,0.0,0.0,0.0,0.0,0.0,0.0,0.0,0.0,0.0,69.91417478909158,85.59420371615018,91.12153210087318,84.48462840588259,95.03851435794355,0.0,90.23551263717593,81.8492270270612,74.81813666450884,75.53574153866649,0.0,0.0
271,271,0.0,0.0,0.0,0.0,0.0,0.0,0.0,0.0,0.0,0.0,0.0,0.0,0.0,0.0,0.0,69.50388364797136,85.13473103278005,90.73488555289252,84.24756299563654,94.96571629726081,0.0,90.54002805506232,82.3233366920631,75.13647088436139,76.00329094249781,0.0,0.0
272,272,0.0,0.0,0.0,0.0,0.0,0.0,0.0,0.0,0.0,0.0,0.0,0.0,0.0,0.0,0.0,69.09543941048399,84.67280743373367,90.34120126490001,84.00287442563034,94.87934043332689,0.0,90.8355872773612,82.79662148386035,75.45194212870335,76.47243103685753,0.0,0.0
273,273,0.0,0.0,0.0,0.0,0.0,0.0,0.0,0.0,0.0,0.0,0.0,0.0,0.0,0.0,0.0,68.68892052395285,84.20869709337414,89.94084243294475,83.75077862052,94.77949174282145,0.0,91.1218812112376,83.26885516773612,75.76437211395857,76.9430323406429,0.0,0.0
274,274,0.0,0.0,0.0,0.0,0.0,0.0,0.0,0.0,0.0,0.0,0.0,0.0,0.0,0.0,0.0,68.28438584402605,83.74267322980836,89.53416796813399,83.49151655034305,94.66629646407398,0.0,91.39863066156094,83.73978850374506,76.07359290219547,77.41495966680601,0.0,0.0
275,275,0.0,0.0,0.0,0.0,0.0,0.0,0.0,0.0,0.0,0.0,0.0,0.0,0.0,0.0,0.0,67.8819070804686,83.27500140289987,89.12152307062537,83.22530594048047,94.53991185012674,0.0,91.66551129928467,84.2091644642302,76.37940113515413,77.88807200823065,0.0,0.0
276,276,0.0,0.0,0.0,0.0,0.0,0.0,0.0,0.0,0.0,0.0,0.0,0.0,0.0,0.0,0.0,67.48153689813755,82.80593948184372,88.7032571634432,82.95237298931225,94.4004951735065,0.0,91.92225842125401,84.67673453795611,76.681630331628,78.3622084714356,0.0,0.0
277,277,0.0,0.0,0.0,0.0,0.0,0.0,0.0,0.0,0.0,0.0,0.0,0.0,0.0,0.0,0.0,67.08332526554706,82.33571451962256,88.27970541864843,82.67295958203557,94.24821359472647,0.0,92.1685822021211,85.14221846564435,76.98008525194533,78.83722263631672,0.0,0.0
278,278,0.0,0.0,0.0,0.0,0.0,0.0,0.0,0.0,0.0,0.0,0.0,0.0,0.0,0.0,0.0,0.0,81.86458499911484,87.85121518196782,82.38728389721811,94.08326390237922,0.0,92.4041965365857,85.6053362475465,77.27456813175735,79.31294798296358,0.0,0.0
279,279,0.0,0.0,0.0,0.0,0.0,0.0,0.0,0.0,0.0,0.0,0.0,0.0,0.0,0.0,0.0,0.0,81.39275584124825,87.41811877599137,82.09559453582918,93.90585170046424,0.0,92.62883908381235,86.06580865575573,77.56489934455898,79.78920417613068,0.0,0.0
280,280,0.0,0.0,0.0,0.0,0.0,0.0,0.0,0.0,0.0,0.0,0.0,0.0,0.0,0.0,0.0,0.0,80.92047035023391,86.98073366865064,81.79810832579257,93.71618097190921,0.0,92.84225267799786,86.52334075270981,77.85088388620288,80.26581850019487,0.0,0.0
281,281,0.0,0.0,0.0,0.0,0.0,0.0,0.0,0.0,0.0,0.0,0.0,0.0,0.0,0.0,0.0,0.0,80.4479193882594,86.53937969556036,81.49506399214684,93.51450351502953,0.0,93.04418583799824,86.97763014423263,78.1323249054599,80.74258959651918,0.0,0.0
282,282,0.0,0.0,0.0,0.0,0.0,0.0,0.0,0.0,0.0,0.0,0.0,0.0,0.0,0.0,0.0,0.0,79.97532397731099,86.09436999564245,81.18669110263059,93.30104834330204,0.0,93.23441303374715,87.42836710734207,78.40902388071564,81.21933104990106,0.0,0.0
283,283,0.0,0.0,0.0,0.0,0.0,0.0,0.0,0.0,0.0,0.0,0.0,0.0,0.0,0.0,0.0,0.0,79.5028613802564,85.64601082779691,80.87323240292662,93.07607107288787,0.0,93.41268599474213,87.87522596664995,78.68079487630663,81.69583471001646,0.0,0.0
284,284,0.0,0.0,0.0,0.0,0.0,0.0,0.0,0.0,0.0,0.0,0.0,0.0,0.0,0.0,0.0,0.0,79.03073118963074,85.19459316386967,80.55490613248023,92.83983335249913,0.0,93.57880329512234,88.31789141837129,78.94742980362365,82.17188509494447,67.05617158333185,0.0
285,285,0.0,0.0,0.0,0.0,0.0,0.0,0.0,0.0,0.0,0.0,0.0,0.0,0.0,0.0,0.0,0.0,78.55910461189258,84.74042563189876,80.23194325413468,92.59261207756988,0.0,93.73256161611125,88.75603276267576,79.20874781410859,82.64725933705064,67.45516128950659,0.0
286,286,0.0,0.0,0.0,0.0,0.0,0.0,0.0,0.0,0.0,0.0,0.0,0.0,0.0,0.0,0.0,0.0,78.08816046833019,84.28376850735074,79.9045721486984,92.33468890449718,0.0,93.87376602667872,89.18929464950381,79.46453903975413,83.12171928964179,67.85635303563106,0.0
287,287,0.0,0.0,0.0,0.0,0.0,0.0,0.0,0.0,0.0,0.0,0.0,0.0,0.0,0.0,0.0,0.0,77.61806391089023,83.82490767591347,79.57301122178391,92.06634970733363,0.0,94.00225049933356,89.61736034916554,79.71461443354478,83.59503487290372,68.25968746526416,67.1357471838652
288,288,0.0,0.0,0.0,0.0,0.0,0.0,0.0,0.0,0.0,0.0,0.0,0.0,0.0,0.0,0.0,0.0,77.14896017667112,83.36410542452128,79.23749042622026,91.78788404102835,0.0,94.11784838042435,90.03985286669497,79.95878488088412,84.06695283184786,68.66511275435742,67.39805813940308
289,289,0.0,0.0,0.0,0.0,0.0,0.0,0.0,0.0,0.0,0.0,0.0,0.0,0.0,0.0,0.0,0.0,76.68100223812675,82.90162469285184,78.89822926372979,91.49961315419235,0.0,94.22041280960775,90.45643494743247,80.19684680579604,84.53722020101414,69.07256347513486,67.65845244360419
290,290,0.0,0.0,0.0,0.0,0.0,0.0,0.0,0.0,0.0,0.0,0.0,0.0,0.0,0.0,0.0,0.0,76.21433688676905,82.43771315535405,78.5554369289109,91.20183183024768,0.0,94.30980707321409,90.86673649637689,80.42861138174527,85.00556013641075,69.48197633586008,67.9168093176923
291,291,0.0,0.0,0.0,0.0,0.0,0.0,0.0,0.0,0.0,0.0,0.0,0.0,0.0,0.0,0.0,0.0,75.74909180712457,81.97260363805593,78.20931942250239,90.89485572300867,0.0,94.3859352943656,91.27039154271957,80.65389781041165,85.47171255396859,69.89328486763523,68.17301132741065
292,292,0.0,0.0,0.0,0.0,0.0,0.0,0.0,0.0,0.0,0.0,0.0,0.0,0.0,0.0,0.0,0.0,75.28539581382401,81.50655229321464,77.86010008738911,90.57900156413467,0.0,94.44868211353398,91.66703906401287,80.87251147011153,85.93538518388024,70.30641372656031,68.42694463350412
293,293,0.0,0.0,0.0,0.0,0.0,0.0,0.0,0.0,0.0,0.0,0.0,0.0,0.0,0.0,0.0,0.0,74.82337856463252,81.0397622514393,77.50797759667138,90.25458665091587,0.0,94.49798375665566,92.05630456493616,81.08426617863768,86.39629469854664,70.721283964198,68.67848852382457
294,294,0.0,0.0,0.0,0.0,0.0,0.0,0.0,0.0,0.0,0.0,0.0,0.0,0.0,0.0,0.0,0.0,74.36314515204263,80.57246000355617,77.15316059675865,89.92193753981346,0.0,94.53376751546888,92.43782925724523,81.28899215875296,86.85413341781872,71.13781294069572,68.92752067551477
295,295,0.0,0.0,0.0,0.0,0.0,0.0,0.0,0.0,0.0,0.0,0.0,0.0,0.0,0.0,0.0,0.0,73.90480842319975,80.10485725815091,76.7958334769619,89.58137098384064,0.0,94.5559822991201,92.81121260696888,81.48649893720308,87.308603171485,71.55591423861051,69.17391178235309
296,296,0.0,0.0,0.0,0.0,0.0,0.0,0.0,0.0,0.0,0.0,0.0,0.0,0.0,0.0,0.0,0.0,73.44846993065546,79.63715141891231,76.43619705599038,89.23321191194425,0.0,94.56460895868568,93.17610007621381,81.67661295996231,87.75938132827415,71.97549169075664,69.41754733606219
297,297,0.0,0.0,0.0,0.0,0.0,0.0,0.0,0.0,0.0,0.0,0.0,0.0,0.0,0.0,0.0,0.0,72.9942264884767,79.16953318854304,76.07443468482448,88.8777926311422,0.0,94.55962989360859,93.532106064558,81.85917821384948,88.20614658518423,72.3964508627189,69.65828967684728
298,298,0.0,0.0,0.0,0.0,0.0,0.0,0.0,0.0,0.0,0.0,0.0,0.0,0.0,0.0,0.0,0.0,72.54216430866163,78.70219367161027,75.71073886282126,88.51542532164795,0.0,94.54104940135103,93.87886340860072,82.03401857529842,88.64857960294906,72.8186872611154,69.8960217249544
299,299,0.0,0.0,0.0,0.0,0.0,0.0,0.0,0.0,0.0,0.0,0.0,0.0,0.0,0.0,0.0,0.0,72.09237720599603,78.23531012032413,75.34529120184473,88.14643767691265,0.0,94.50890381270398,94.21600453692888,82.20098364686157,89.08632758723147,73.24209809314198,70.13061428441073
