,time,257,302,1451,1474,1429,235,280,1452,325,258,1430,303,1497,1475
0,0,79.96209069972736,86.77264433224259,98.9055316177944,0.0,0.0,0.0,0.0,0.0,0.0,0.0,0.0,0.0,0.0,0.0
1,1,79.64293177578307,87.15076805575748,98.88448191217418,0.0,0.0,0.0,0.0,0.0,0.0,0.0,0.0,0.0,0.0,0.0
2,2,79.31954645443881,87.52302576648042,98.84780526982361,0.0,0.0,0.0,0.0,0.0,0.0,0.0,0.0,0.0,0.0,0.0
3,3,78.99216056664667,87.88910153168732,98.79558082876244,0.0,0.0,0.0,0.0,0.0,0.0,0.0,0.0,0.0,0.0,0.0
4,4,78.66098972687475,88.2486847937488,98.72788004652328,0.0,0.0,0.0,0.0,0.0,0.0,0.0,0.0,0.0,0.0,0.0
5,5,78.32622552505718,88.60144432436263,98.64477768942096,0.0,0.0,0.0,0.0,0.0,0.0,0.0,0.0,0.0,0.0,0.0
6,6,77.98809157290815,88.94708184334337,98.54640690281745,0.0,0.0,0.0,0.0,0.0,0.0,0.0,0.0,0.0,0.0,0.0
7,7,77.64679391093843,89.28527039587566,98.43290343508461,0.0,0.0,0.0,0.0,0.0,0.0,0.0,0.0,0.0,0.0,0.0
8,8,77.3025146947249,89.61569024092262,98.30441638176073,0.0,0.0,0.0,0.0,0.0,0.0,0.0,0.0,0.0,0.0,0.0
9,9,76.95546683328692,89.93802043964158,98.16114065922568,67.24062140420271,0.0,0.0,0.0,0.0,0.0,0.0,0.0,0.0,0.0,0.0
10,10,76.60583901892295,90.25194857033735,98.00326150399592,67.54454101949274,0.0,0.0,0.0,0.0,0.0,0.0,0.0,0.0,0.0,0.0
11,11,76.25382298108255,90.5571622019756,97.83099784060308,67.84762656666338,0.0,0.0,0.0,0.0,0.0,0.0,0.0,0.0,0.0,0.0
12,12,75.89959346280251,90.85334937583232,97.64456888702279,68.14977089286113,0.0,0.0,0.0,0.0,0.0,0.0,0.0,0.0,0.0,0.0
13,13,75.54334118926853,91.14019910405042,97.44423698172676,68.45085905050257,0.0,0.0,0.0,0.0,0.0,0.0,0.0,0.0,0.0,0.0
14,14,75.18524619408866,91.41740188419577,97.23027410429648,68.75077881741629,0.0,0.0,0.0,0.0,0.0,0.0,0.0,0.0,0.0,0.0
15,15,74.82547171295317,91.68466933350976,97.00293985046116,69.04941011010477,0.0,0.0,0.0,0.0,0.0,0.0,0.0,0.0,0.0,0.0
16,16,74.46418995950248,91.94171605660725,96.76254515402178,69.34663023446883,0.0,0.0,0.0,0.0,0.0,0.0,0.0,0.0,0.0,0.0
17,17,74.10156899967598,92.18823118755098,96.5093870732695,69.64232493304443,0.0,0.0,0.0,0.0,0.0,0.0,0.0,0.0,0.0,0.0
18,18,73.73776654840972,92.42396553426303,96.243790771686,69.93636109033329,0.0,0.0,0.0,0.0,0.0,0.0,0.0,0.0,0.0,0.0
19,19,73.37293025802926,92.64862629460663,95.96606639892134,70.22861409017435,0.0,0.0,0.0,0.0,0.0,0.0,0.0,0.0,0.0,0.0
20,20,73.00722223946003,92.86196459405444,95.6765818410414,70.51895701821488,0.0,0.0,0.0,0.0,0.0,0.0,0.0,0.0,0.0,0.0
21,21,72.64078216952758,93.06371787226306,95.37565707595793,70.80724361320674,0.0,0.0,0.0,0.0,0.0,0.0,0.0,0.0,0.0,0.0
22,22,72.27375194728484,93.25366926696046,95.06366781124764,71.09335357124131,0.0,0.0,0.0,0.0,0.0,0.0,0.0,0.0,0.0,0.0
23,23,71.90626952398213,93.43156955056655,94.7409615238653,71.37714164882982,0.0,0.0,0.0,0.0,0.0,0.0,0.0,0.0,0.0,0.0
24,24,71.53846891742948,93.59720654882636,94.40791859291005,71.65846597953255,0.0,0.0,0.0,0.0,0.0,0.0,0.0,0.0,0.0,0.0
25,25,71.17047447576071,93.75037620001812,94.06490029174014,71.93718249032628,67.54417292966173,0.0,0.0,0.0,0.0,0.0,0.0,0.0,0.0,0.0
26,26,70.80241259220908,93.89090303843766,93.71227881106806,72.21315682687182,67.89404701909643,67.24549243148161,0.0,0.0,0.0,0.0,0.0,0.0,0.0,0.0
27,27,70.43440579854447,94.01859068055677,93.35044616739665,72.48623502870949,68.24427261880804,67.42716850562775,0.0,0.0,0.0,0.0,0.0,0.0,0.0,0.0
28,28,70.06656164113723,94.13329231403807,92.97976369404375,72.75627301692236,68.59475078669605,67.60538796504248,0.0,0.0,0.0,0.0,0.0,0.0,0.0,0.0
29,29,69.69900090442374,94.23485102487362,92.60063084179761,73.02311289398148,68.94538475677086,67.7800620172163,0.0,0.0,0.0,0.0,0.0,0.0,0.0,0.0
30,30,69.33181853814649,94.32315047039918,92.21341537532956,73.28661922079834,69.29606926709091,67.95108109011757,0.0,0.0,0.0,0.0,0.0,0.0,0.0,0.0
31,31,68.96513350121641,94.39806483967078,91.81850194983893,73.54662467377266,69.64669025473435,68.11836184628626,0.0,0.0,0.0,0.0,0.0,0.0,0.0,0.0
32,32,68.59902854421168,94.45950966283215,91.41626228821552,73.80298477721185,69.99714125311746,68.28180023104078,0.0,0.0,0.0,0.0,0.0,0.0,0.0,0.0
33,33,68.2336048798193,94.5073914982654,91.00708335018172,74.0555414878078,70.3473014295531,68.44129766566955,0.0,0.0,0.0,0.0,0.0,0.0,0.0,0.0
34,34,67.86894968558552,94.54165881505352,90.59132872154841,74.30414171285908,70.69705204540229,68.5967666134548,0.0,0.0,0.0,0.0,0.0,0.0,0.0,0.0
35,35,67.50515743238304,94.56227178121041,90.16935752180997,74.5486313337216,71.04626524719458,68.74811479778953,0.0,0.0,0.0,0.0,0.0,0.0,0.0,0.0
36,36,67.14230376383732,94.56919219425887,89.74155147029805,74.78885533872169,71.39481535718704,68.8952451711675,0.0,0.0,0.0,0.0,0.0,0.0,0.0,0.0
37,37,0.0,94.56241404088514,89.30826788542683,75.02465156590942,71.74256744963081,69.03806672701744,0.0,0.0,0.0,0.0,0.0,0.0,0.0,0.0
38,38,0.0,94.5419432108034,88.86984919695489,75.2558635221232,72.08938887613216,69.17650014546717,0.0,0.0,0.0,0.0,0.0,0.0,0.0,0.0
39,39,0.0,94.50781778334277,88.42664085680592,75.48234720936188,72.43513166443338,69.31044534402751,0.0,0.0,0.0,0.0,0.0,0.0,0.0,0.0
40,40,0.0,94.46006732855982,87.97899941284015,75.70393258702447,72.77966205425558,69.43983046581027,0.0,0.0,0.0,0.0,0.0,0.0,0.0,0.0
41,41,0.0,94.39876354783163,87.52724782902585,75.92048192251366,73.12281883148572,69.56456848861015,0.0,0.0,0.0,0.0,0.0,0.0,0.0,0.0
42,42,0.0,94.32398961321375,87.07171107389895,76.13182502345812,73.46446127467019,69.68457356960732,0.0,0.0,0.0,0.0,0.0,0.0,0.0,0.0
43,43,0.0,94.23582987605633,86.61271547496592,76.33782471551582,73.80442699081571,69.79977221478882,0.0,0.0,0.0,0.0,0.0,0.0,0.0,0.0
44,44,0.0,94.13441003130505,86.1505627932362,76.53832465261168,74.14254983643143,69.91008688949924,0.0,0.0,0.0,0.0,0.0,0.0,0.0,0.0
45,45,0.0,94.0198463074667,85.68557270143339,76.73316903715481,74.47867887011105,70.01544715802923,0.0,0.0,0.0,0.0,0.0,0.0,0.0,0.0
46,46,0.0,93.89228548973684,85.21802353450661,76.92222297881833,74.81263473181669,70.1157786795446,0.0,0.0,0.0,0.0,0.0,0.0,0.0,0.0
47,47,0.0,93.75190433555682,84.74821113861147,77.10533938703708,75.14425348411028,70.21101441671482,0.0,0.0,0.0,0.0,0.0,0.0,0.0,0.0
48,48,0.0,93.59886907039198,84.27641514945178,77.2823724002166,75.47335516114246,70.30108917956792,0.0,0.0,0.0,0.0,0.0,0.0,0.0,0.0
49,49,0.0,93.43336507590345,83.80289938985776,77.453191207901,75.79976286733276,70.38594533443562,67.44136873484055,0.0,0.0,0.0,0.0,0.0,0.0,0.0
50,50,0.0,93.25559631602243,83.32793595566348,77.61765314734733,76.12329655741907,70.46551601817305,67.86012578336997,0.0,0.0,0.0,0.0,0.0,0.0,0.0
51,51,0.0,93.0657748709294,82.85176529337669,77.7756310917984,76.44377312912769,70.53975901373873,68.28166777663174,0.0,0.0,0.0,0.0,0.0,0.0,0.0
52,52,0.0,92.86414987936102,82.37462838979786,77.92700011157729,76.76100652520893,70.60861173118757,68.7059476787032,0.0,0.0,0.0,0.0,0.0,0.0,0.0
53,53,0.0,92.65093811706973,81.89677395578356,78.07163072118668,77.07480109446217,70.6720251052732,69.13292076691663,0.0,0.0,0.0,0.0,0.0,0.0,0.0
54,54,0.0,92.42640206388155,81.41842743268084,78.20940283210469,77.38496505101516,70.72996376857606,69.56253937101394,0.0,0.0,0.0,0.0,0.0,0.0,0.0
55,55,0.0,92.19080017528823,80.9397919240299,78.34019908025044,77.69130402116946,70.78237772967614,69.99474721237965,0.0,0.0,0.0,0.0,0.0,0.0,0.0
56,56,0.0,91.94439620846386,80.46109326693343,78.4639189909968,77.99362118533642,70.82923650590362,70.42949587287156,0.0,0.0,0.0,0.0,0.0,0.0,0.0
57,57,0.0,91.68747781397465,79.98252018377075,78.5804512911036,78.29172439569241,70.87050075001929,70.86672256547844,0.0,0.0,0.0,0.0,0.0,0.0,0.0
58,58,0.0,91.42033647462613,79.50427638143876,78.68969496744528,78.58539852932785,70.90614508106344,71.30635511407559,0.0,0.0,0.0,0.0,0.0,0.0,0.0
59,59,0.0,91.14323864241318,79.02653675182974,78.79155952581448,78.87445436579516,70.93614102878686,71.74833488828824,0.0,0.0,0.0,0.0,0.0,0.0,0.0
60,60,0.0,90.85651051942872,78.54947679800199,78.88595815601921,79.15868708121232,70.9604684874639,72.19257632252493,0.0,0.0,0.0,0.0,0.0,0.0,0.0
61,61,0.0,90.56044256065003,78.07327922500205,78.97280078025128,79.43788309596151,70.97911004133404,72.63900732853294,0.0,0.0,0.0,0.0,0.0,0.0,0.0
62,62,0.0,90.25533644933044,77.59809214508903,79.05200831627127,79.71184891271227,70.99205671490873,73.0875399365268,0.0,0.0,0.0,0.0,0.0,0.0,0.0
63,63,0.0,89.94151348672995,77.12406466256863,79.12351999680628,79.98036845501558,70.9992850856078,73.53808173741072,0.0,0.0,0.0,0.0,0.0,0.0,0.0
64,64,0.0,89.61929519720013,76.65135323608948,79.1872722297345,80.24325377640254,71.00080884444166,73.99053576967351,0.0,0.0,0.0,0.0,0.0,0.0,0.0
65,65,0.0,89.28898471220386,76.18009459143836,79.24319863730514,80.5002873311392,70.99661007322493,74.44480670490536,0.0,0.0,0.0,0.0,0.0,0.0,0.0
66,66,0.0,88.95090294263738,75.71041968952706,79.29125868836219,80.75126573020891,70.98670225466672,74.90077562306593,0.0,0.0,0.0,0.0,0.0,0.0,0.0
67,67,0.0,88.60536960622365,75.24244741108694,79.3314021545868,80.99600045431393,70.97109016836681,75.35834391133268,0.0,0.0,0.0,0.0,0.0,0.0,0.0
68,68,0.0,88.2527027891665,74.77629778301024,79.36359773947221,81.23427355235448,70.94978134164263,75.81738246173354,0.0,0.0,0.0,0.0,0.0,0.0,0.0
69,69,0.0,87.89321852880936,74.31208542512002,79.3878117155661,81.46590489873927,70.92279747237598,76.27776304711634,0.0,0.0,0.0,0.0,0.0,0.0,0.0
70,70,0.0,87.52723912332318,73.84991347811274,79.40402944770618,81.69068527530968,70.89015152125431,76.7393519135001,0.0,0.0,0.0,0.0,0.0,0.0,0.0
71,71,0.0,87.15507512420837,73.38988635659494,79.41221962748811,81.90842154466996,70.85187626235097,77.20201644648594,0.0,0.0,0.0,0.0,0.0,0.0,0.0
72,72,0.0,86.77704246286658,72.93208531064924,79.41239161787767,82.11893733615872,70.80798997358862,77.66560491312616,0.0,0.0,0.0,0.0,0.0,0.0,0.0
73,73,0.0,86.39345326119087,72.47660549888242,79.40454531468518,82.32202749424751,70.7585249549236,78.12995942125232,0.0,0.0,0.0,0.0,0.0,0.0,0.0
74,74,0.0,86.00459870498575,72.02353139722624,79.388671146413,82.51752723852,70.7035217343831,78.59492985893729,0.0,0.0,0.0,0.0,0.0,0.0,0.0
75,75,0.0,85.6107994910438,71.57293147518074,79.36480021399636,82.7052511725584,70.6430233030462,79.06033201745797,0.0,0.0,0.0,0.0,0.0,0.0,0.0
76,76,0.0,85.21234626191836,71.12488203776667,79.33294694582128,82.88503205578614,70.57705807713928,79.52600333123583,0.0,0.0,0.0,0.0,0.0,0.0,0.0
77,77,0.0,84.80953320832923,70.67944958057369,79.2931448643407,83.05669789976038,70.50568520189022,79.9917463061766,0.0,0.0,0.0,0.0,0.0,0.0,0.0
78,78,0.0,84.40264936079859,70.2366912644073,79.24541792637613,83.22007994612635,70.42894911524434,80.45738560856914,0.0,0.0,0.0,0.0,0.0,0.0,0.0
79,79,0.0,83.99197838428258,69.79667198363967,79.18982331580568,83.37503664238116,70.34690215825096,80.922710167773,0.0,0.0,0.0,0.0,0.0,0.0,0.0
80,80,0.0,83.57779045585322,69.35944190870879,79.12640848378966,83.52141470090793,70.25960444800782,81.38750905204824,0.0,0.0,0.0,0.0,0.0,0.0,0.0
81,81,0.0,83.16037393062138,68.92504808305343,79.05521827325437,83.65906497305228,70.16711814157286,81.85157946109479,0.0,0.0,0.0,0.0,0.0,0.0,0.0
82,82,0.0,82.73997955382278,68.4935345216754,78.97633034506643,83.78786664094633,70.06950177956628,82.31468135659459,0.0,0.0,0.0,0.0,0.0,0.0,0.0
83,83,0.0,82.31686812005204,68.06494230838695,78.88980528561696,83.90767181192324,69.96682141525389,82.77659800222443,0.0,0.0,0.0,0.0,0.0,0.0,0.0
84,84,0.0,81.8913095732523,67.63930449270252,78.79572905658769,84.01837749246963,69.85915045716067,83.23708257430731,0.0,0.0,0.0,0.0,0.0,0.0,0.0
85,85,0.0,81.46352933335062,0.0,78.69417039845452,84.11987005009529,69.74655844325682,83.69588074554389,0.0,0.0,0.0,0.0,0.0,0.0,0.0
86,86,0.0,81.03377736466922,0.0,78.58523010246532,84.2120493853908,69.62912206380719,84.1527548456208,0.0,0.0,0.0,0.0,0.0,0.0,0.0
87,87,0.0,80.60228961794881,0.0,78.46899150671254,84.29480498780025,69.5069140028076,84.60742012843214,0.0,0.0,0.0,0.0,0.0,0.0,0.0
88,88,0.0,80.1692810810609,0.0,78.34556948682227,84.36807259028966,69.38001388861733,85.05961664210731,0.0,0.0,0.0,0.0,0.0,0.0,0.0
89,89,0.0,79.73498988815356,0.0,78.21504729521702,84.43176987123292,69.24850810778058,85.50906119115871,0.0,0.0,0.0,0.0,0.0,0.0,0.0
90,90,0.0,79.29960426794074,0.0,78.07755319144218,84.48582073510536,69.11247875282135,85.95546334878577,67.44175637953032,0.0,0.0,0.0,0.0,0.0,0.0
91,91,0.0,78.86334971002485,0.0,77.9331974343683,84.5301879394249,68.97200904254389,86.39853405250949,67.84963010771823,0.0,0.0,0.0,0.0,0.0,0.0
92,92,0.0,78.42641672642966,0.0,77.78209311259012,84.56480835500307,68.82718861660871,86.83796046445283,68.25988866657022,0.0,0.0,0.0,0.0,0.0,0.0
93,93,0.0,77.9889969932583,0.0,77.62436967688679,84.58965797229169,68.67810797119485,87.27344854089704,68.67248057251622,0.0,0.0,0.0,0.0,0.0,0.0
94,94,0.0,77.55126932040059,0.0,77.46015203315294,84.60470327159658,68.52485836573663,87.70467205777983,69.08735137779806,0.0,0.0,0.0,0.0,0.0,0.0
95,95,0.0,77.1134203464811,0.0,77.28958087265558,84.60993378311206,68.36752641938754,88.1313156603339,69.50444358494127,0.0,0.0,0.0,0.0,0.0,0.0
96,96,0.0,76.67561709277253,0.0,77.11277164507304,84.60534586569247,68.20621529136842,88.55304921355835,69.92369100466678,0.0,0.0,0.0,0.0,0.0,0.0
97,97,0.0,76.23802759747292,0.0,76.92988225881521,84.590934581793,68.04100738732042,88.96952763348033,70.34502958008494,0.0,0.0,0.0,0.0,0.0,0.0
98,98,0.0,75.80080100773719,0.0,76.7410450176923,84.56671809540374,67.87201189611262,89.38042706780602,70.7683805588965,0.0,0.0,0.0,0.0,0.0,0.0
99,99,0.0,75.36410067033798,0.0,76.54640038377582,84.53272948786902,67.69931196727661,89.7854006489852,71.19367851911971,0.0,0.0,0.0,0.0,0.0,0.0
100,100,0.0,74.92805842072599,0.0,76.34610326018682,84.48899233243192,67.52301710028081,90.18408724326615,71.62083733385899,0.0,0.0,0.0,0.0,0.0,0.0
101,101,0.0,74.49282028886454,0.0,76.14028952172045,84.43556122638431,67.34321600129911,90.5761487062741,72.04976673888018,0.0,0.0,0.0,0.0,0.0,0.0
102,102,0.0,74.05851430541193,0.0,75.9291222351877,84.37249728881444,67.16001292830249,90.96123387259908,72.48037820261345,0.0,0.0,0.0,0.0,0.0,0.0
103,103,0.0,73.62526979896452,0.0,75.7127516706922,84.29984381538027,0.0,91.33897856658211,72.91257914329046,0.0,0.0,0.0,0.0,0.0,0.0
104,104,0.0,73.19320494247097,0.0,75.49132197228971,84.21769892364038,0.0,91.70902477248345,73.34626061176616,0.0,0.0,0.0,0.0,0.0,0.0
105,105,0.0,72.76243923509477,0.0,75.2649904982226,84.1261264775129,0.0,92.07100222738586,73.78132740489188,0.0,0.0,0.0,0.0,0.0,0.0
106,106,0.0,72.3330754001622,0.0,75.03392087451353,84.02523659787929,0.0,92.4245770814146,74.21765525005151,0.0,0.0,0.0,0.0,0.0,0.0
107,107,0.0,71.90521781030145,0.0,74.79825720060722,83.9151290013928,0.0,92.76936586867443,74.65512724627098,0.0,0.0,0.0,0.0,0.0,0.0
108,108,0.0,71.47896642064364,0.0,74.55816239886143,83.7959009901914,0.0,93.10502288902347,75.09362169284063,0.0,0.0,0.0,0.0,0.0,0.0
109,109,0.0,71.05441112647483,0.0,74.3137860771264,83.66767920404655,0.0,93.43119259821106,75.53300552008938,0.0,0.0,0.0,0.0,0.0,0.0
110,110,0.0,70.63164353814771,0.0,74.06529596492268,83.53059526370134,0.0,93.7475198188116,75.97314694587949,0.0,0.0,0.0,0.0,0.0,0.0
111,111,0.0,70.21074553120573,0.0,73.81283380386219,83.38477763506557,0.0,94.05366039211184,76.41390250228612,0.0,0.0,0.0,0.0,0.0,0.0
112,112,0.0,69.79179521310766,0.0,73.55655910106529,83.2303751524038,0.0,94.34926188320912,76.8551165769849,0.0,0.0,0.0,0.0,0.0,0.0
113,113,0.0,69.37486701508091,0.0,73.29663004583789,83.06752511919483,0.0,94.63399442347679,77.29663453088365,0.0,0.0,0.0,0.0,0.0,0.0
114,114,0.0,68.96003178430556,0.0,73.03319732283536,82.89639241494241,0.0,94.90752124849982,77.73829614615931,0.0,0.0,0.0,0.0,0.0,0.0
115,115,0.0,68.54734619728144,0.0,72.76641624821154,82.71712988102739,0.0,95.16952991767728,78.17993556374175,0.0,0.0,0.0,0.0,0.0,0.0
116,116,0.0,68.13687986825424,0.0,72.49643449353991,82.52990935496217,0.0,95.41970247703041,78.62137420334436,0.0,0.0,0.0,0.0,0.0,0.0
117,117,0.0,67.72868320508753,0.0,72.22339813222085,82.33490564934405,0.0,95.65772622019583,79.06242031990452,0.0,0.0,0.0,0.0,0.0,0.0
118,118,0.0,67.32281419461755,0.0,71.94746330822448,82.13229627620568,0.0,95.88331523535759,79.5028901107439,0.0,0.0,0.0,0.0,0.0,0.0
119,119,0.0,0.0,0.0,71.6687723440632,81.92225354714049,0.0,96.0961905395266,79.94258668774245,0.0,0.0,0.0,0.0,0.0,0.0
120,120,0.0,0.0,0.0,71.38746569142737,81.70496726276939,0.0,96.29608068385974,80.38130699822494,0.0,0.0,0.0,0.0,0.0,0.0
121,121,0.0,0.0,0.0,71.10369334399135,81.48063649710299,0.0,96.48272235649401,80.8188418108931,0.0,0.0,0.0,0.0,0.0,0.0
122,122,0.0,0.0,0.0,70.81759150819823,81.24943910188348,0.0,96.65589282970342,81.25496070768638,0.0,0.0,0.0,0.0,0.0,0.0
123,123,0.0,0.0,0.0,70.52929430231501,81.01158428831876,0.0,96.81533651745774,81.6894492042473,0.0,0.0,0.0,0.0,0.0,0.0
124,124,0.0,0.0,0.0,70.23894490888173,80.7672595962518,0.0,96.96087166060698,82.12206399623135,0.0,0.0,0.0,0.0,0.0,0.0
125,125,0.0,0.0,0.0,69.94667281561509,80.51666813975571,0.0,97.09229538433158,82.55257825304298,0.0,0.0,0.0,0.0,0.0,0.0
126,126,0.0,0.0,0.0,69.65261076981332,80.26001325749492,0.0,97.20942666322014,82.9807437526344,0.0,0.0,0.0,0.0,0.0,0.0
127,127,0.0,0.0,0.0,69.35688356823512,79.99749826005441,0.0,97.31210690884997,83.406290142239,0.0,0.0,0.0,0.0,0.0,0.0
128,128,0.0,0.0,0.0,69.05961909068415,79.72932618572005,0.0,97.4002112699128,83.82898011662326,0.0,0.0,0.0,0.0,0.0,0.0
129,129,0.0,0.0,0.0,68.76094265939041,79.45569956499811,0.0,97.47359517842432,84.2485308683745,0.0,0.0,0.0,0.0,0.0,0.0
130,130,0.0,0.0,0.0,68.46097168368635,79.17682731794886,0.0,97.53218090933906,84.66467736744806,0.0,0.0,0.0,0.0,0.0,0.0
131,131,0.0,0.0,0.0,68.1598211486293,78.89291013622385,0.0,97.5758716158775,85.07714079706066,0.0,0.0,0.0,0.0,0.0,0.0
132,132,0.0,0.0,0.0,67.85761405997425,78.60415456899601,0.0,97.60462716917965,85.48562831159667,0.0,0.0,0.0,0.0,0.0,0.0
133,133,0.0,0.0,0.0,67.55446021798443,78.31075862568534,0.0,97.61838864210048,85.88985796940759,0.0,0.0,0.0,0.0,0.0,0.0
134,134,0.0,0.0,0.0,67.2504618119781,78.0129256779722,0.0,97.61714334522858,86.2895343346057,0.0,0.0,0.0,0.0,0.0,0.0
135,135,0.0,0.0,0.0,0.0,77.71086401411229,0.0,97.60089242706913,86.68435684245927,0.0,0.0,0.0,0.0,0.0,0.0
136,136,0.0,0.0,0.0,0.0,77.40476596976869,0.0,97.56965087139676,87.07401142549557,0.0,0.0,0.0,0.0,0.0,0.0
137,137,0.0,0.0,0.0,0.0,77.09483532061333,0.0,97.52347988600391,87.45819647285069,0.0,0.0,0.0,0.0,0.0,0.0
138,138,0.0,0.0,0.0,0.0,76.78125978851999,0.0,97.46243266231924,87.83659757752653,0.0,0.0,0.0,0.0,0.0,0.0
139,139,0.0,0.0,0.0,0.0,76.4642313793739,0.0,97.38659745725808,88.20890515006691,0.0,0.0,0.0,0.0,0.0,0.0
140,140,0.0,0.0,0.0,0.0,76.14395256508642,0.0,97.29607571757514,88.57478837419667,0.0,0.0,0.0,0.0,0.0,0.0
141,141,0.0,0.0,0.0,0.0,75.82059640653453,0.0,97.1909818255073,88.93393976847868,0.0,0.0,0.0,0.0,0.0,0.0
142,142,0.0,0.0,0.0,0.0,75.49435289371999,0.0,97.07147494039204,89.28602229350223,0.0,0.0,0.0,0.0,0.0,0.0
143,143,0.0,0.0,0.0,0.0,75.16540874223244,0.0,96.93770485663408,89.63073258558894,0.0,0.0,0.0,0.0,0.0,0.0
144,144,0.0,0.0,0.0,0.0,74.83393457013986,0.0,96.78985448745263,89.96772918895626,0.0,0.0,0.0,0.0,0.0,0.0
145,145,0.0,0.0,0.0,0.0,74.50011060726649,0.0,96.62811790387259,90.29669647483749,0.0,0.0,0.0,0.0,0.0,0.0
146,146,0.0,0.0,0.0,0.0,74.16410730265311,0.0,96.45271044172931,90.61730879155743,0.0,0.0,0.0,0.0,0.0,0.0
147,147,0.0,0.0,0.0,0.0,73.8260917347915,0.0,96.26386801348568,90.92924939764539,0.0,0.0,0.0,0.0,0.0,0.0
148,148,0.0,0.0,0.0,0.0,73.48622755361092,0.0,96.06181490460189,91.23220181558301,0.0,0.0,0.0,0.0,0.0,0.0
149,149,0.0,0.0,0.0,0.0,73.14468101022779,0.0,95.84682631553036,91.52585033235324,0.0,0.0,0.0,0.0,0.0,0.0
150,150,0.0,0.0,0.0,0.0,72.8015965390121,0.0,95.61917490431293,91.80988051674358,67.40821834870087,0.0,0.0,0.0,0.0,0.0
151,151,0.0,0.0,0.0,0.0,72.45713933779608,0.0,95.37913041762945,92.08399902390961,67.71547159247476,0.0,0.0,0.0,0.0,0.0
152,152,0.0,0.0,0.0,0.0,72.11145283927372,0.0,95.12700049109314,92.34788624083657,68.02186841231394,0.0,0.0,0.0,0.0,0.0
153,153,0.0,0.0,0.0,0.0,71.76468295219354,0.0,94.8630883088035,92.60126421771399,68.32729426166419,0.0,0.0,0.0,0.0,0.0
154,154,0.0,0.0,0.0,0.0,71.41697196745885,0.0,94.5877024163396,92.84384930599222,68.63163723500291,0.0,0.0,0.0,0.0,0.0
155,155,0.0,0.0,0.0,0.0,71.06845281070885,0.0,94.3011763107301,93.07535243035082,68.93477751692231,0.0,0.0,0.0,0.0,0.0
156,156,0.0,0.0,0.0,0.0,70.71926637118872,0.0,94.00383706571296,93.29550907224613,69.23659805660738,0.0,0.0,0.0,0.0,0.0
157,157,0.0,0.0,0.0,0.0,70.36952717995,0.0,93.69601499136239,93.50406041382347,69.53697383623947,0.0,0.0,0.0,0.0,0.0
158,158,0.0,0.0,0.0,0.0,70.01937467924363,0.0,93.37807274873425,93.70075386515609,69.83577165988201,0.0,0.0,0.0,0.0,0.0
159,159,0.0,0.0,0.0,0.0,69.66892771365818,0.0,93.05034467750971,93.88536362388115,70.13286671599346,0.0,0.0,0.0,0.0,0.0
160,160,0.0,0.0,0.0,0.0,69.31829630436593,0.0,92.71319583755678,94.05766140802396,70.42812617646983,0.0,0.0,0.0,0.0,0.0
161,161,0.0,0.0,0.0,0.0,68.96759816028933,0.0,92.36697188003,94.21742684070338,70.7214203690067,0.0,0.0,0.0,0.0,0.0
162,162,0.0,0.0,0.0,0.0,68.6169421000106,0.0,92.01202806325031,94.36445805580263,71.01260013684451,0.0,0.0,0.0,0.0,0.0
163,163,0.0,0.0,0.0,0.0,68.26643365057313,0.0,91.64872833744312,94.49859261527861,71.30153662913882,0.0,0.0,0.0,0.0,0.0
164,164,0.0,0.0,0.0,0.0,67.91616983673107,0.0,91.27744443070674,94.6196371229394,71.58808735178418,0.0,0.0,0.0,0.0,0.0
165,165,0.0,0.0,0.0,0.0,67.5662550474104,0.0,90.89851738320522,94.72744867763711,71.8721016349923,67.50303437645722,0.0,0.0,0.0,0.0
166,166,0.0,0.0,0.0,0.0,0.0,0.0,90.51231409747807,94.82189484963024,72.15343822202121,67.84162188348695,0.0,0.0,0.0,0.0
167,167,0.0,0.0,0.0,0.0,0.0,0.0,90.11918877164064,94.90283351821412,72.43194195962644,68.1802791951442,0.0,0.0,0.0,0.0
168,168,0.0,0.0,0.0,0.0,0.0,0.0,89.71949200823624,94.9701847580192,72.70746745349366,68.51890393735316,0.0,0.0,0.0,0.0
169,169,0.0,0.0,0.0,0.0,0.0,0.0,89.31357947005586,95.02384936646627,72.9798614560262,68.85739601985472,0.0,0.0,0.0,0.0
170,170,0.0,0.0,0.0,0.0,0.0,0.0,88.90180210014344,95.0637499667817,73.24896883347937,69.19564155525381,0.0,0.0,0.0,0.0
171,171,0.0,0.0,0.0,0.0,0.0,0.0,88.48450575973801,95.08984153061795,73.51463881130171,69.53353977946647,0.0,0.0,0.0,0.0
172,172,0.0,0.0,0.0,0.0,0.0,0.0,88.06201326974455,95.10209101399795,73.77670674865718,69.87097054906832,0.0,0.0,0.0,0.0
173,173,0.0,0.0,0.0,0.0,0.0,0.0,87.63465986648262,95.10048771420574,74.0350187321217,70.2078159329777,0.0,0.0,0.0,0.0
174,174,0.0,0.0,0.0,0.0,0.0,0.0,87.20278343357194,95.08501248422994,74.2894195911161,70.54395481595563,0.0,0.0,0.0,0.0
175,175,0.0,0.0,0.0,0.0,0.0,0.0,86.76670670752985,95.05570966702525,74.53974039671914,70.87926289432733,0.0,0.0,0.0,0.0
176,176,0.0,0.0,0.0,0.0,0.0,0.0,86.32672901156876,95.01260482562542,74.7858299548693,71.21360691335222,0.0,0.0,0.0,0.0
177,177,0.0,0.0,0.0,0.0,0.0,0.0,85.88317721300696,94.9557560129114,75.02752998799218,71.54686185301007,0.0,0.0,0.0,0.0
178,178,0.0,0.0,0.0,0.0,0.0,0.0,85.43632915821527,94.88524330678953,75.26466863489476,71.87888212328912,0.0,0.0,0.0,0.0
179,179,0.0,0.0,0.0,0.0,0.0,0.0,84.98649777016676,94.8011481280867,75.49709906686444,72.20953631959154,0.0,0.0,0.0,0.0
180,180,0.0,0.0,0.0,0.0,0.0,0.0,84.53396377738865,94.70359389377055,75.72464831279031,72.53867217960575,0.0,0.0,0.0,0.0
181,181,0.0,0.0,0.0,0.0,0.0,0.0,84.0790090447994,94.59268443826726,75.94716907790298,72.8661519997867,0.0,0.0,0.0,0.0
182,182,0.0,0.0,0.0,0.0,0.0,0.0,83.62189221138094,94.46857508217424,76.16449453606302,73.19182304279867,0.0,0.0,0.0,0.0
183,183,0.0,0.0,0.0,0.0,0.0,0.0,83.16288878768637,94.33143134011733,76.37646445361233,73.51552317865082,0.0,0.0,0.0,0.0
184,184,0.0,0.0,0.0,0.0,0.0,0.0,82.70224316677414,94.18140837593793,76.58293888768503,73.83710544450483,0.0,0.0,0.0,0.0
185,185,0.0,0.0,0.0,0.0,0.0,0.0,82.24021600766552,94.01870117437905,76.78375199964958,74.15640766136814,0.0,0.0,0.0,0.0
186,186,0.0,0.0,0.0,0.0,0.0,0.0,81.77702972446345,93.84351359499252,76.97875193999576,74.47326456347962,67.31348809316187,0.0,0.0,0.0
187,187,0.0,0.0,0.0,0.0,0.0,0.0,81.3129228040983,93.6560678861751,77.1677946172131,74.78750786862317,67.73122188432723,0.0,0.0,0.0
188,188,0.0,0.0,0.0,0.0,0.0,0.0,80.84811881586538,93.45657423457472,77.3507304501962,75.0989727655282,68.15173426027953,0.0,0.0,0.0
189,189,0.0,0.0,0.0,0.0,0.0,0.0,80.38283420921697,93.24528011994734,77.52741122582819,75.40748534117046,68.574978439793,0.0,0.0,0.0
190,190,0.0,0.0,0.0,0.0,0.0,0.0,79.917263836312,93.02244948828138,77.69770401518778,75.71286892493491,69.00090994949996,0.0,0.0,0.0
191,191,0.0,0.0,0.0,0.0,0.0,0.0,79.45161771167965,92.78832284262933,77.86146410520145,76.01495075872423,69.4294813830763,0.0,0.0,0.0
192,192,0.0,0.0,0.0,0.0,0.0,0.0,78.98608435731761,92.54317586095387,78.01856256649863,76.3135425145347,69.86064230827184,0.0,0.0,0.0
193,193,0.0,0.0,0.0,0.0,0.0,0.0,78.52084572304538,92.28729875076556,78.16885894784716,76.60847324536127,70.29433355779592,0.0,0.0,0.0
194,194,0.0,0.0,0.0,0.0,0.0,0.0,78.05607033632498,92.02097618152058,78.31224301570481,76.89955668279431,70.7304981548985,0.0,0.0,0.0
195,195,0.0,0.0,0.0,0.0,0.0,0.0,77.5919343184276,91.74449658126645,78.44858649019062,77.18660440514478,71.16906429583103,0.0,0.0,0.0
196,196,0.0,0.0,0.0,0.0,0.0,0.0,77.1285936118067,91.45817061833517,78.5777709200814,77.46943280666737,71.60997367438343,0.0,0.0,0.0
197,197,0.0,0.0,0.0,0.0,0.0,0.0,76.66619824781147,91.16229229241466,78.69968798256659,77.74784976394251,72.05314115668872,0.0,0.0,0.0
198,198,0.0,0.0,0.0,0.0,0.0,0.0,76.2049056388426,90.85717654509597,78.81423270403752,78.02167530801051,72.49849503834305,0.0,0.0,0.0
199,199,0.0,0.0,0.0,0.0,0.0,0.0,75.74484076497814,90.54314880056565,78.92130362209323,78.29071441878308,72.94594779871925,0.0,0.0,0.0
200,200,0.0,0.0,0.0,0.0,0.0,0.0,75.28614295230162,90.22051637097404,79.02081004052779,78.55477776407037,73.3954074992258,0.0,0.0,0.0
201,201,0.0,0.0,0.0,0.0,0.0,0.0,74.8289393440019,89.8895961679248,79.11265093098059,78.81367506823428,73.84677767068129,0.0,0.0,0.0
202,202,0.0,0.0,0.0,0.0,0.0,0.0,74.37334540435266,89.55073211793994,79.19675768474038,79.06722241340117,74.29995720153602,0.0,0.0,0.0
203,203,0.0,0.0,0.0,0.0,0.0,0.0,73.91947162361683,89.20422130594169,79.27305170260499,79.31522122186901,74.75484657757022,0.0,0.0,0.0
204,204,0.0,0.0,0.0,0.0,0.0,0.0,73.46743589298333,88.85040499630058,79.34146583358128,79.55749398595069,75.21132244922937,0.0,0.0,0.0
205,205,0.0,0.0,0.0,0.0,0.0,0.0,73.01732045518003,88.48960413069472,79.40193022483199,79.79384172891493,75.66927539359847,0.0,0.0,0.0
206,206,0.0,0.0,0.0,0.0,0.0,0.0,72.56923971351642,88.1221284578297,79.45439390021394,80.02408725026233,76.12857146811874,0.0,0.0,0.0
207,207,0.0,0.0,0.0,0.0,0.0,0.0,72.12326718728191,87.74831151807271,79.49881058938611,80.24804671238799,76.58907757942657,0.0,0.0,0.0
208,208,0.0,0.0,0.0,0.0,0.0,0.0,71.67950204901558,87.36846578194181,79.5351316166338,80.465529664349,77.05065502688105,0.0,0.0,0.0
209,209,0.0,0.0,0.0,0.0,0.0,0.0,71.23800975248353,86.98290884685373,79.56333471996555,80.67636867230259,77.51315940026306,0.0,0.0,0.0
210,210,0.0,0.0,0.0,0.0,0.0,0.0,70.79886950296056,86.59194568953166,79.58339539481639,80.88038296861336,77.97644048182352,0.0,0.0,0.0
211,211,0.0,0.0,0.0,0.0,0.0,0.0,70.36215641779225,86.19589407817557,79.59527971047578,81.07740072486882,78.44033516129026,0.0,0.0,0.0
212,212,0.0,0.0,0.0,0.0,0.0,0.0,69.92792496987934,85.7950584191227,79.59898753705988,81.26724447061825,78.90466693308947,0.0,0.0,0.0
213,213,0.0,0.0,0.0,0.0,0.0,0.0,69.49623756846563,85.38972988608525,79.59451658903488,81.44976132443236,79.36927402548511,0.0,0.0,0.0
214,214,0.0,0.0,0.0,0.0,0.0,0.0,69.0671585504122,84.98020299259717,79.58186962228908,81.62478588566464,79.83395987871769,0.0,0.0,0.0
215,215,0.0,0.0,0.0,0.0,0.0,0.0,68.64072717986375,84.56677498261097,79.56105442988718,81.79216295378268,80.2985426818235,0.0,0.0,0.0
216,216,0.0,0.0,0.0,0.0,0.0,0.0,68.21699609403434,84.14972109626815,79.532091017971,81.95173266450786,80.76282692654675,0.0,0.0,0.0
217,217,0.0,0.0,0.0,0.0,0.0,0.0,67.79601473453931,83.72932706264105,79.49501155252221,82.10336122763931,81.22658793595025,0.0,0.0,0.0
218,218,0.0,0.0,0.0,0.0,0.0,0.0,67.3778139712338,83.30585660051709,79.44984593049763,82.24690314707495,81.68963120009217,0.0,0.0,0.0
219,219,0.0,0.0,0.0,0.0,0.0,0.0,0.0,82.87958331159314,79.39662892740388,82.38222431256715,82.15172546162968,0.0,0.0,0.0
220,220,0.0,0.0,0.0,0.0,0.0,0.0,0.0,82.45075886085657,79.33542159789653,82.5092023544751,82.61263199714911,0.0,0.0,0.0
221,221,0.0,0.0,0.0,0.0,0.0,0.0,0.0,82.01963661945628,79.26627532546237,82.62771921486015,83.07212813045044,0.0,0.0,0.0
222,222,0.0,0.0,0.0,0.0,0.0,0.0,0.0,81.58646361897343,79.18925322644463,82.73765356766643,83.5299530343347,0.0,0.0,0.0
223,223,0.0,0.0,0.0,0.0,0.0,0.0,0.0,81.15147300528527,79.104422872109,82.83889651435574,83.98585410989072,67.34538055458768,0.0,0.0
224,224,0.0,0.0,0.0,0.0,0.0,0.0,0.0,80.7149066032223,79.0118561779505,82.93136750809336,84.43957168411079,67.76239485855909,0.0,0.0
225,225,0.0,0.0,0.0,0.0,0.0,0.0,0.0,80.27697746597875,78.9116505160822,83.01495995613037,84.89083906298264,68.18213866604435,67.12639090840162,0.0
226,226,0.0,0.0,0.0,0.0,0.0,0.0,0.0,79.83790727425854,78.80387890601948,83.08959598344893,85.33936605070069,68.60457438150833,67.20061115901275,0.0
227,227,0.0,0.0,0.0,0.0,0.0,0.0,0.0,79.39790403969319,78.68863951544967,83.15520323367907,85.78487162342704,69.02965098059364,67.27022326375554,0.0
228,228,0.0,0.0,0.0,0.0,0.0,0.0,0.0,78.95717667798806,78.56604118574727,83.21172286751757,86.22705956026356,69.45731970044005,67.3351877546064,0.0
229,229,0.0,0.0,0.0,0.0,0.0,0.0,0.0,78.51591361429361,78.4361821830073,83.25909397453937,86.66564374944726,69.88753427963702,67.39546178872611,0.0
230,230,0.0,0.0,0.0,0.0,0.0,0.0,0.0,78.07431130694357,78.29917813445624,83.29726940192182,87.10028885623068,70.32022873252582,67.4510043186272,0.0
231,231,0.0,0.0,0.0,0.0,0.0,0.0,0.0,77.63253925537867,78.1551477376527,83.32620799566098,87.53070412980803,70.75534466174643,67.5017813183144,0.0
232,232,0.0,0.0,0.0,0.0,0.0,0.0,0.0,77.19078861267451,78.0042056676615,83.34588257133413,87.95655825587743,71.19281457394578,67.54776068043316,0.0
233,233,0.0,0.0,0.0,0.0,0.0,0.0,0.0,76.74921044249757,77.84648319665968,83.3562720953323,88.37753113751323,71.63256725830011,67.588907062795,0.0
234,234,0.0,0.0,0.0,0.0,0.0,0.0,0.0,76.30798387889784,77.68211401986491,83.3573775162798,88.79327915597952,72.07452768251564,67.625202683491,0.0
235,235,0.0,0.0,0.0,0.0,0.0,0.0,0.0,75.86724886733646,77.51122040976131,83.34918230663558,89.20347078540716,72.51861091260056,67.65661622507142,0.0
236,236,0.0,0.0,0.0,0.0,0.0,0.0,0.0,75.42715986315113,77.33394731800598,83.3316998426262,89.6077603578934,72.96473373966398,67.68312881876096,0.0
237,237,0.0,0.0,0.0,0.0,0.0,0.0,0.0,74.98785920995348,77.15044143203143,83.3049496961168,90.00579719157366,73.41280881661139,67.70472890603392,0.0
238,238,0.0,0.0,0.0,0.0,0.0,0.0,0.0,74.54947759877149,76.9608375158196,83.26896547678153,90.39724452762817,73.86273215560325,67.72139142525594,0.0
239,239,0.0,0.0,0.0,0.0,0.0,0.0,0.0,74.11214700615982,76.76528534223579,83.22377113008992,90.78174325499386,74.31440109221901,67.73311950192759,0.0
240,240,0.0,0.0,0.0,0.0,0.0,0.0,0.0,73.67599424289082,76.56394250709151,83.16941240715623,91.15893041569508,74.76770820066668,67.73989236131104,0.0
241,241,0.0,0.0,0.0,0.0,0.0,0.0,0.0,73.24112885553163,76.35695418357149,83.10595669499699,91.52844917420018,75.22253475665767,67.74170702943377,0.0
242,242,0.0,0.0,0.0,0.0,0.0,0.0,0.0,72.80766803740892,76.14447306207558,83.03345361232321,91.88995926768715,75.67876325765084,67.73857313776078,0.0
243,243,0.0,0.0,0.0,0.0,0.0,0.0,0.0,72.37571814395103,75.92665898887088,82.9519742004278,92.24308022286347,76.13627112056932,67.73048163376389,0.0
244,244,0.0,0.0,0.0,0.0,0.0,0.0,0.0,71.94537514689529,75.70366557148697,82.86161065833832,92.58745858683973,76.59491724833107,67.71744128109087,0.0
245,245,0.0,0.0,0.0,0.0,0.0,0.0,0.0,71.51673670430722,75.47565314100079,82.76243710172339,92.92274012687966,77.05455462467427,67.6994630047822,0.0
246,246,0.0,0.0,0.0,0.0,0.0,0.0,0.0,71.08989616270475,75.24278195137708,82.65456403474498,93.24857038285532,77.51505069220059,67.6765546727354,0.0
247,247,0.0,0.0,0.0,0.0,0.0,0.0,0.0,70.66493130726268,75.00521200990273,82.53808358763035,93.56460519032636,77.9762331985585,67.64873150172343,0.0
248,248,0.0,0.0,0.0,0.0,0.0,0.0,0.0,70.24192756620502,74.76309656172165,82.41311597248601,93.87048156303739,78.4379579818555,67.61601082593802,0.0
249,249,0.0,0.0,0.0,0.0,0.0,0.0,0.0,69.82096080782851,74.51660738080221,82.27977048058024,94.16587811660968,78.90004019419094,67.5784224554497,0.0
250,250,0.0,0.0,0.0,0.0,0.0,0.0,0.0,69.40209777304442,74.26589638303986,82.1381762002021,94.4504358458294,79.36230225709994,67.5359826727227,0.0
251,251,0.0,0.0,0.0,0.0,0.0,0.0,0.0,68.98540731297057,74.01112723656581,81.9884739112676,94.72382890938965,79.8245746121206,67.48872018072252,0.0
252,252,0.0,0.0,0.0,0.0,0.0,0.0,0.0,68.57094946531411,73.75246243129183,81.83078528076189,94.98574566184988,80.28664521979245,67.43666566763333,0.0
253,253,0.0,0.0,0.0,0.0,0.0,0.0,0.0,68.15879170572566,73.4900508668068,81.66526613828621,95.23586894505496,80.7483314917208,67.37985692959333,0.0
254,254,0.0,0.0,0.0,0.0,0.0,0.0,0.0,67.74897710592691,73.22405862983807,81.49206790474726,95.47389716528235,81.20941490277664,67.31832333617983,0.0
255,255,0.0,0.0,0.0,0.0,0.0,0.0,0.0,67.34155660467239,72.95463796675423,81.3113450208536,95.69952437336386,81.66967715326976,67.2521115825637,0.0
256,256,0.0,0.0,0.0,0.0,0.0,0.0,0.0,0.0,72.68194562300238,81.12324723083952,95.91248247553604,82.12890056280696,67.18125471986485,0.0
257,257,0.0,0.0,0.0,0.0,0.0,0.0,0.0,0.0,72.40614250927601,80.92794185253808,96.1125005556504,82.58685298010435,0.0,0.0
258,258,0.0,0.0,0.0,0.0,0.0,0.0,0.0,0.0,72.12736381042306,80.72560577687112,96.29931578241828,83.04329518815064,0.0,0.0
259,259,0.0,0.0,0.0,0.0,0.0,0.0,0.0,0.0,71.84577846452181,80.51641029662154,96.47269515768461,83.49797299182157,0.0,0.0
260,260,0.0,0.0,0.0,0.0,0.0,0.0,0.0,0.0,71.56152367820376,80.30052105000595,96.63240462271855,83.9506328303641,0.0,0.0
261,261,0.0,0.0,0.0,0.0,0.0,0.0,0.0,0.0,71.27474640971688,80.07811984582413,96.77824134799774,84.40101415491326,0.0,0.0
262,262,0.0,0.0,0.0,0.0,0.0,0.0,0.0,0.0,70.98559710301325,79.84938953326943,96.91000254388757,84.84884130711568,0.0,0.0
263,263,0.0,0.0,0.0,0.0,0.0,0.0,0.0,0.0,70.69421234516963,79.61452096485561,97.02751788614084,85.29383970089002,0.0,0.0
264,264,0.0,0.0,0.0,0.0,0.0,0.0,0.0,0.0,70.40073216761454,79.37368390765305,97.13063949598912,85.73571964419676,0.0,0.0
265,265,0.0,0.0,0.0,0.0,0.0,0.0,0.0,0.0,70.10529975353207,79.12707727685242,97.21919946617822,86.17419290523954,0.0,0.0
266,266,0.0,0.0,0.0,0.0,0.0,0.0,0.0,0.0,69.8080389985783,78.87488560900823,97.29309600451529,86.6089477081747,0.0,0.0
267,267,0.0,0.0,0.0,0.0,0.0,0.0,0.0,0.0,69.50909360615863,78.61729333881034,97.35222954859209,87.03968247923831,0.0,0.0
268,268,0.0,0.0,0.0,0.0,0.0,0.0,0.0,0.0,69.20858255632281,78.35449854545558,97.39651371392718,87.4660894964955,0.0,0.0
269,269,0.0,0.0,0.0,0.0,0.0,0.0,0.0,0.0,68.90663339102697,78.08668456094031,97.42588630155504,87.88783754172924,0.0,0.0
270,270,0.0,0.0,0.0,0.0,0.0,0.0,0.0,0.0,68.60337636194268,77.81404088933313,97.44030950585584,88.30460674095292,0.0,0.0
271,271,0.0,0.0,0.0,0.0,0.0,0.0,0.0,0.0,68.29892826563564,77.53676277847703,97.43977004214271,88.7160628295222,0.0,0.0
272,272,0.0,0.0,0.0,0.0,0.0,0.0,0.0,0.0,67.99340865715259,77.25503044374939,97.42424683584314,89.12187507563965,0.0,0.0
273,273,0.0,0.0,0.0,0.0,0.0,0.0,0.0,0.0,67.68692918478094,76.9690363188019,97.39378654203803,89.52169878817121,0.0,0.0
274,274,0.0,0.0,0.0,0.0,0.0,0.0,0.0,0.0,67.37960929167875,76.67897102746075,97.34841717557948,89.91518443698943,0.0,0.0
275,275,0.0,0.0,0.0,0.0,0.0,0.0,0.0,0.0,0.0,76.38501659290883,97.28820192608528,90.3019965566207,0.0,67.18476811368151
276,276,0.0,0.0,0.0,0.0,0.0,0.0,0.0,0.0,0.0,76.08735312330802,97.21321741835499,90.6817775483254,0.0,67.51961329676021
277,277,0.0,0.0,0.0,0.0,0.0,0.0,0.0,0.0,0.0,75.78616520109428,97.12358567917144,91.05416615750488,0.0,67.85452175593315
278,278,0.0,0.0,0.0,0.0,0.0,0.0,0.0,0.0,0.0,75.48163501798908,97.0194093943453,91.41881692208011,0.0,68.1893873447006
279,279,0.0,0.0,0.0,0.0,0.0,0.0,0.0,0.0,0.0,75.17393582964903,96.90084664912467,91.7753822548961,0.0,68.52411133766464
280,280,0.0,0.0,0.0,0.0,0.0,0.0,0.0,0.0,0.0,74.86324484356007,96.76804622345655,92.12349363693608,0.0,68.85859215165416
281,281,0.0,0.0,0.0,0.0,0.0,0.0,0.0,0.0,0.0,74.54973021892799,96.6211793185879,92.46280027163048,0.0,69.19271444748595
282,282,0.0,0.0,0.0,0.0,0.0,0.0,0.0,0.0,0.0,74.23357628520675,96.46046014489458,92.79296055729766,0.0,69.52637056228188
283,283,0.0,0.0,0.0,0.0,0.0,0.0,0.0,0.0,0.0,73.91493298351412,96.28608170464878,93.11360356946767,0.0,69.8594443856108
284,284,0.0,0.0,0.0,0.0,0.0,0.0,0.0,0.0,0.0,73.5939725198434,96.09828933032706,93.42440797589651,0.0,70.19181108831206
285,285,0.0,0.0,0.0,0.0,0.0,0.0,0.0,0.0,0.0,73.2708577153214,95.89730619018201,93.72500444661243,0.0,70.52335946036807
286,286,0.0,0.0,0.0,0.0,0.0,0.0,0.0,0.0,0.0,72.94573616422473,95.68339582111467,94.01508514775324,0.0,70.85395277294191
287,287,0.0,0.0,0.0,0.0,0.0,0.0,0.0,0.0,0.0,72.61877667399071,95.4568401659821,94.29429506656534,0.0,71.18346226977205
288,288,0.0,0.0,0.0,0.0,0.0,0.0,0.0,0.0,0.0,72.29012062674549,95.21790780504436,94.56232258818797,0.0,71.51175608575203
289,289,0.0,0.0,0.0,0.0,0.0,0.0,0.0,0.0,0.0,71.9599183254927,94.96689486420111,94.81885020291773,0.0,71.83869926238799
290,290,0.0,0.0,0.0,0.0,0.0,0.0,0.0,0.0,0.0,71.62831675734702,94.70411367765237,95.06356511702973,0.0,72.16415376869092
291,291,0.0,0.0,0.0,0.0,0.0,0.0,0.0,0.0,0.0,71.29545378867687,94.4298614692471,95.2961805290844,0.0,72.48796658568332
292,292,0.0,0.0,0.0,0.0,0.0,0.0,0.0,0.0,0.0,70.96146413498741,94.14448075307027,95.516405648189,0.0,72.80999932816228
293,293,0.0,0.0,0.0,0.0,0.0,0.0,0.0,0.0,0.0,70.62647934384148,93.84829742658371,95.72395647562232,0.0,73.13009261760025
294,294,0.0,0.0,0.0,0.0,0.0,0.0,0.0,0.0,0.0,70.29063901219926,93.5416406459688,95.91858779063196,0.0,73.44810211356095
295,295,0.0,0.0,0.0,0.0,0.0,0.0,0.0,0.0,0.0,69.9540624390883,93.22485209294561,96.1000418908819,0.0,73.76386844549354
296,296,0.0,0.0,0.0,0.0,0.0,0.0,0.0,0.0,0.0,69.61687696633066,92.89828503431852,96.26808034884053,0.0,74.07722921531843
297,297,0.0,0.0,0.0,0.0,0.0,0.0,0.0,0.0,0.0,69.2791901766517,92.56229363473298,96.42249532433075,0.0,74.38801906564929
298,298,0.0,0.0,0.0,0.0,0.0,0.0,0.0,0.0,0.0,68.9411339077331,92.21723236175144,96.56306802813278,0.0,74.69608243663374
299,299,0.0,0.0,0.0,0.0,0.0,0.0,0.0,0.0,0.0,68.60280410843484,91.86345541255827,96.68963265191314,0.0,75.00124220807407
