,time,949,971,1397,1442,1464,994,927,1420,972,1465,950,1398,1443
0,0,94.93727558931774,68.65064428239599,82.52916632318589,71.66984633740617,71.89093165337297,0.0,0.0,0.0,0.0,0.0,0.0,0.0,0.0
1,1,95.23994025425384,68.25589133662099,82.50005929691763,72.0991875077015,71.75264644959752,0.0,0.0,0.0,0.0,0.0,0.0,0.0,0.0
2,2,95.53140975050019,67.86285226025713,82.46198502490351,72.53016451242462,71.60920448439623,0.0,0.0,0.0,0.0,0.0,0.0,0.0,0.0
3,3,95.81134571825628,67.47158736953352,82.41497607483879,72.96269500316642,71.46069393855777,0.0,0.0,0.0,0.0,0.0,0.0,0.0,0.0
4,4,96.07940351285951,0.0,82.35907076132257,73.39666242022491,71.30722759524883,0.0,0.0,0.0,0.0,0.0,0.0,0.0,0.0
5,5,96.33526423504054,0.0,82.29433616712633,73.8319636525243,71.14889620572639,0.0,0.0,0.0,0.0,0.0,0.0,0.0,0.0
6,6,96.57859357423108,0.0,82.22082945120212,74.268478693766,70.98581469491869,0.0,0.0,0.0,0.0,0.0,0.0,0.0,0.0
7,7,96.8090952144954,0.0,82.13862087015416,74.70608884336723,70.81808732578348,0.0,0.0,0.0,0.0,0.0,0.0,0.0,0.0
8,8,97.0264694824189,0.0,82.04778593583471,75.1446705691799,70.64582486386227,0.0,0.0,0.0,0.0,0.0,0.0,0.0,0.0
9,9,97.2304459905313,0.0,81.94842054662949,75.58408243887159,70.46913868134304,0.0,0.0,0.0,0.0,0.0,0.0,0.0,0.0
10,10,97.4207415843978,0.0,81.84061781482389,76.0241905518691,70.28814064145756,0.0,0.0,0.0,0.0,0.0,0.0,0.0,0.0
11,11,97.59711467439163,0.0,81.72447558889914,76.46484928256855,70.10293740070577,0.0,0.0,0.0,0.0,0.0,0.0,0.0,0.0
12,12,97.75933385012472,0.0,81.60010385467764,76.90590754476666,69.91365266659014,0.0,0.0,0.0,0.0,0.0,0.0,0.0,0.0
13,13,97.90717843193866,0.0,81.46761690001276,77.34720192102323,69.72039349239355,0.0,0.0,0.0,0.0,0.0,0.0,0.0,0.0
14,14,98.04043900726033,0.0,81.32713312521597,77.788563083475,69.52328358468371,0.0,0.0,0.0,0.0,0.0,0.0,0.0,0.0
15,15,98.15893984775549,0.0,81.17878982719064,78.2298296385444,69.32242996543961,0.0,0.0,0.0,0.0,0.0,0.0,0.0,0.0
16,16,98.26251769562782,0.0,81.02272033599385,78.67081369133201,69.11795048939828,0.0,0.0,0.0,0.0,0.0,0.0,0.0,0.0
17,17,98.35102217446735,0.0,80.85906136963857,79.11132806793505,68.90996803047324,0.0,0.0,0.0,0.0,0.0,0.0,0.0,0.0
18,18,98.42432718304318,0.0,80.68796021936856,79.5511866686675,68.69858876704691,0.0,0.0,0.0,0.0,0.0,0.0,0.0,0.0
19,19,98.48234233984198,0.0,80.50955964107008,79.99018302299262,68.4839398935137,0.0,0.0,0.0,0.0,0.0,0.0,0.0,0.0
20,20,98.52498028100891,0.0,80.32401979366402,80.42811152600643,68.26613179118073,0.0,0.0,0.0,0.0,0.0,0.0,0.0,0.0
21,21,98.55218993605195,0.0,80.1315030812384,80.86476039633656,68.04527949405241,0.0,0.0,0.0,0.0,0.0,0.0,0.0,0.0
22,22,98.56391259307429,0.0,79.93216665675085,81.299896656745,67.8215024374123,0.0,0.0,0.0,0.0,0.0,0.0,0.0,0.0
23,23,98.56013719571098,0.0,79.72617682178843,81.73330330253629,67.59490862858226,0.0,0.0,0.0,0.0,0.0,0.0,0.0,0.0
24,24,98.54088937407835,0.0,79.51370143056896,82.1647345038011,67.36561554871896,0.0,0.0,0.0,0.0,0.0,0.0,0.0,0.0
25,25,98.50616519864496,0.0,79.29492395346469,82.59395320282925,0.0,0.0,0.0,0.0,0.0,0.0,0.0,0.0,0.0
26,26,98.45604144730828,0.0,79.0700002219351,83.02071631028767,0.0,0.0,0.0,0.0,0.0,0.0,0.0,0.0,0.0
27,27,98.3905761506163,0.0,78.83912258865392,83.4447510406888,0.0,0.0,0.0,0.0,0.0,0.0,0.0,0.0,0.0
28,28,98.30985254639275,0.0,78.6024625079652,83.86580974869516,0.0,0.0,0.0,0.0,0.0,0.0,0.0,0.0,0.0
29,29,98.21400071830149,0.0,78.36019886037556,84.28360705871378,0.0,0.0,0.0,0.0,0.0,0.0,0.0,0.0,0.0
30,30,98.10314229938827,0.0,78.11251753093434,84.69788361163324,0.0,0.0,0.0,0.0,0.0,0.0,0.0,0.0,0.0
31,31,97.97743401553834,0.0,77.85959720399107,85.10834195216485,0.0,0.0,0.0,0.0,0.0,0.0,0.0,0.0,0.0
32,32,97.83705616302855,0.0,77.60162307322005,85.51471159143169,0.0,0.0,0.0,0.0,0.0,0.0,0.0,0.0,0.0
33,33,97.68219032775372,0.0,77.33877282702217,85.91668366287426,0.0,0.0,0.0,0.0,0.0,0.0,0.0,0.0,0.0
34,34,97.51304070704047,0.0,77.07123019433598,86.31396882712166,0.0,0.0,0.0,0.0,0.0,0.0,0.0,0.0,0.0
35,35,97.32985497077395,0.0,76.79918453229514,86.70626449805103,0.0,0.0,0.0,0.0,0.0,0.0,0.0,0.0,0.0
36,36,97.13285876573276,0.0,76.52281044978108,87.09325470659867,0.0,0.0,0.0,0.0,0.0,0.0,0.0,0.0,0.0
37,37,96.9223198445366,0.0,76.24228794095659,87.47464477838994,0.0,0.0,0.0,0.0,0.0,0.0,0.0,0.0,0.0
38,38,96.69851490860341,0.0,75.9578085447183,87.8501013720289,0.0,0.0,0.0,0.0,0.0,0.0,0.0,0.0,0.0
39,39,96.46171839974393,0.0,75.66953565991359,88.21932205656483,0.0,67.25244565811333,0.0,0.0,0.0,0.0,0.0,0.0,0.0
40,40,96.21223369164373,0.0,75.37765059512368,88.58197471568458,0.0,67.52544193675244,0.0,0.0,0.0,0.0,0.0,0.0,0.0
41,41,95.95039190283364,0.0,75.08233247019935,88.93775075013434,0.0,67.79680865013319,0.0,0.0,0.0,0.0,0.0,0.0,0.0
42,42,95.67648822059344,0.0,74.78375173426069,89.28632124426981,0.0,68.06643748387773,0.0,0.0,0.0,0.0,0.0,0.0,0.0
43,43,95.39088583445344,0.0,74.48208291176192,89.62735492055705,0.0,68.33420239425962,0.0,0.0,0.0,0.0,0.0,0.0,0.0
44,44,95.09390036385304,0.0,74.17749173363504,89.96053697035607,0.0,68.59999111318297,0.0,0.0,0.0,0.0,0.0,0.0,0.0
45,45,94.78588246141271,0.0,73.87014769664485,90.2855423914219,0.0,68.8636842587556,0.0,0.0,0.0,0.0,0.0,0.0,0.0
46,46,94.46720603147347,0.0,73.56020526640916,90.60205477223673,0.0,69.12516060799035,0.0,0.0,0.0,0.0,0.0,0.0,0.0
47,47,94.13821651083761,0.0,73.24784089503535,90.90974831429565,0.0,69.38429715086787,0.0,0.0,0.0,0.0,0.0,0.0,0.0
48,48,93.79929126108243,0.0,72.93319750077823,91.20829746757052,0.0,69.64096363784135,0.0,0.0,0.0,0.0,0.0,0.0,0.0
49,49,93.45078823085021,0.0,72.61643963576914,91.49740599655283,0.0,69.8950390963461,0.0,0.0,0.0,0.0,0.0,0.0,0.0
50,50,93.09309531685663,0.0,72.29771673951757,91.77676053899657,0.0,70.14640111896263,0.0,0.0,0.0,0.0,0.0,0.0,0.0
51,51,92.72656999781249,0.0,71.97718127052322,92.04605942974746,0.0,70.3949090401782,0.0,0.0,0.0,0.0,0.0,0.0,0.0
52,52,92.35159806569578,0.0,71.6549767271964,92.30499416170913,0.0,70.6404374441198,0.0,0.0,0.0,0.0,0.0,0.0,0.0
53,53,91.96855344334445,0.0,71.33124365212726,92.55328860765778,0.0,70.88285971097997,0.0,0.0,0.0,0.0,0.0,0.0,0.0
54,54,91.5778075752538,0.0,71.00611959786652,92.79065142622395,0.0,71.12203660538076,67.53134413619966,0.0,0.0,0.0,0.0,0.0,0.0
55,55,91.17973837010209,0.0,70.67975045229016,93.01681543191248,0.0,71.35783912894135,67.84841646036507,0.0,0.0,0.0,0.0,0.0,0.0
56,56,90.77471057824522,0.0,70.35226176925386,93.23150898693477,0.0,71.59013152815562,68.16487378847587,0.0,0.0,0.0,0.0,0.0,0.0
57,57,90.36310359472641,0.0,70.02378182690296,93.4344761537698,0.0,71.81877706823184,68.48060372500244,0.0,0.0,0.0,0.0,0.0,0.0
58,58,89.9452734116559,0.0,69.69444135351357,93.62547745003778,0.0,72.04364403955917,68.79548564023229,0.0,0.0,0.0,0.0,0.0,0.0
59,59,89.52157129075762,0.0,69.36435685723026,93.80429056561215,0.0,72.26460011808693,69.10940670909407,0.0,0.0,0.0,0.0,0.0,0.0
60,60,89.0923704634899,0.0,69.03365280748099,93.97068093397887,0.0,72.48150053838106,69.42225145670368,0.0,0.0,0.0,0.0,0.0,0.0
61,61,88.65801089103215,0.0,68.7024396626679,94.12445220638412,0.0,72.69422389044452,69.73389071843499,0.0,0.0,0.0,0.0,0.0,0.0
62,62,88.21883564369776,0.0,68.37083033110284,94.26540682378712,0.0,72.90263066657442,70.04419788886788,0.0,0.0,0.0,0.0,0.0,0.0
63,63,87.77518142780896,0.0,68.03893466182446,94.39337667419525,0.0,73.10658108765978,70.35304356460324,0.0,0.0,0.0,0.0,0.0,0.0
64,64,87.32738699984975,0.0,67.70685945887139,94.50818317361272,0.0,73.30594745313063,70.66029557041045,0.0,0.0,0.0,0.0,0.0,0.0
65,65,86.8757753416143,0.0,67.37470334075935,94.60968826860292,0.0,73.50060232908375,70.96582471360654,0.0,0.0,0.0,0.0,0.0,0.0
66,66,86.4206623947362,0.0,0.0,94.69776455165666,0.0,73.69040633811186,71.26948197858012,0.0,0.0,0.0,0.0,0.0,0.0
67,67,85.96234849136077,0.0,0.0,94.77229555946562,0.0,73.87523279093242,71.57113275957143,0.0,0.0,0.0,0.0,0.0,0.0
68,68,85.50114357779535,0.0,0.0,94.8331862700513,0.0,74.05495567768827,71.87063416524137,0.0,0.0,0.0,0.0,0.0,0.0
69,69,85.03734975688015,0.0,0.0,94.88035317917648,0.0,74.22944980878746,72.16783482882035,0.0,0.0,0.0,0.0,0.0,0.0
70,70,84.57122867579716,0.0,0.0,94.91373474005556,0.0,74.3985846683793,72.46258666072474,0.0,0.0,0.0,0.0,0.0,0.0
71,71,84.1030836204466,0.0,0.0,94.93328132140223,0.0,74.56224969219772,72.75474515955652,0.0,0.0,0.0,0.0,0.0,0.0
72,72,83.6331613848207,0.0,0.0,94.938986058102,0.0,74.72031675980101,73.0441454743881,0.0,0.0,0.0,0.0,0.0,0.0
73,73,83.16173350633493,0.0,0.0,94.93082347742826,0.0,74.87267178960235,73.33063843237093,0.0,0.0,0.0,0.0,0.0,0.0
74,74,82.68905560547698,0.0,0.0,94.90881096731707,0.0,75.01920235833093,73.61406055325317,0.0,0.0,0.0,0.0,0.0,0.0
75,75,82.21536014625366,0.0,0.0,94.87297801965596,0.0,75.15979784405828,73.89425849168887,0.0,0.0,0.0,0.0,0.0,0.0
76,76,81.74088010962937,0.0,0.0,94.82337637596261,0.0,75.29434956976124,74.1710708549497,0.0,0.0,0.0,0.0,0.0,0.0
77,77,81.26585607669132,0.0,0.0,94.76005945332277,0.0,75.42275094713406,74.44432178050513,0.0,0.0,0.0,0.0,0.0,0.0
78,78,80.79049088577685,0.0,0.0,94.68312302382604,0.0,75.54491059088139,74.7138586566618,0.0,0.0,0.0,0.0,0.0,0.0
79,79,80.31500274211848,0.0,0.0,94.59265393449544,0.0,75.66073314562593,74.97951482971257,0.0,0.0,0.0,0.0,0.0,0.0
80,80,79.83958050832771,0.0,0.0,94.48877065384941,0.0,75.77011278897903,75.24111571288435,0.0,0.0,0.0,0.0,0.0,0.0
81,81,79.36443517323542,0.0,0.0,94.37162279619473,0.0,75.87297897663215,75.49849166024786,0.0,0.0,0.0,0.0,0.0,0.0
82,82,78.88973456293742,0.0,0.0,94.24134007758633,0.0,75.9692379836521,75.75148485822507,0.0,0.0,0.0,0.0,0.0,0.0
83,83,78.41565447353734,0.0,0.0,94.09810283254538,0.0,76.05882527835801,75.99992365462214,0.0,0.0,0.0,0.0,0.0,0.0
84,84,77.94237790857926,0.0,0.0,93.94208086406218,0.0,76.14164665136393,76.24363549754646,0.0,0.0,0.0,0.0,0.0,0.0
85,85,77.47006024265559,0.0,0.0,93.77347333854985,0.0,76.21765718874117,76.48245375179897,0.0,0.0,0.0,0.0,0.0,0.0
86,86,76.99884405485362,0.0,0.0,93.5924880967372,0.0,76.28677586078356,76.71620470289514,67.50145511659495,0.0,0.0,0.0,0.0,0.0
87,87,76.52889291825106,0.0,0.0,93.3993411950106,0.0,76.34895811869227,76.94472771665383,67.91528925970637,0.0,0.0,0.0,0.0,0.0
88,88,76.06033070858928,0.0,0.0,93.1942860465173,0.0,76.40414982193926,77.1678487524195,68.33170320808028,0.0,0.0,0.0,0.0,0.0
89,89,75.59328920575075,0.0,0.0,92.97754349315152,0.0,76.45230049750467,77.38541418608308,68.75064453729254,0.0,0.0,0.0,0.0,0.0
90,90,75.12790739665836,0.0,0.0,92.74939019910869,0.0,76.49337006753582,77.59725051778528,69.17206307014385,0.0,0.0,0.0,0.0,0.0
91,91,74.66429279466666,0.0,0.0,92.51006940567957,0.0,76.52732229768763,77.80319152228132,69.59590010552478,0.0,0.0,0.0,0.0,0.0
92,92,74.2025606797764,0.0,0.0,92.25988813698245,0.0,76.55413817308595,78.00309246805685,70.02211027702576,0.0,0.0,0.0,0.0,0.0
93,93,73.7428148939704,0.0,0.0,91.99909966335647,0.0,76.57378266829004,78.19678220241236,70.4506173595605,0.0,0.0,0.0,0.0,0.0
94,94,73.28515445137776,0.0,0.0,91.7280097732025,0.0,76.58625139280366,78.38411154059072,70.88135813837201,0.0,0.0,0.0,0.0,0.0
95,95,72.82967365602562,0.0,0.0,91.44692732089185,0.0,76.59152399899665,78.56492592086352,71.31426600561583,0.0,0.0,0.0,0.0,0.0
96,96,72.37646817310609,0.0,0.0,91.15613533619937,0.0,76.58960417970358,78.73907953837067,71.74925916851578,0.0,0.0,0.0,0.0,0.0
97,97,71.92560538474314,0.0,0.0,90.85594768844918,0.0,76.58048635222603,78.90642863227362,72.18625168540542,0.0,0.0,0.0,0.0,0.0
98,98,71.47717823045575,0.0,0.0,90.54668901112005,0.0,76.56417565701199,79.06683168872826,72.62516534604406,0.0,0.0,0.0,0.0,0.0
99,99,71.03124616088222,0.0,0.0,90.22867534974122,0.0,76.54070125720712,79.22014964506222,73.06590602844372,0.0,0.0,0.0,0.0,0.0
100,100,70.58788235470588,0.0,0.0,89.90221397482921,0.0,76.51006302951158,79.36625325266355,73.5083812919833,0.0,0.0,0.0,0.0,0.0
101,101,70.14715597921604,0.0,0.0,89.56763970032702,0.0,76.47229812725425,79.5050162244441,73.95247578602658,0.0,0.0,0.0,0.0,0.0
102,102,69.70911022024276,0.0,0.0,89.22526814981369,0.0,76.42744096001898,79.636315426776,74.39808776624054,0.0,0.0,0.0,0.0,0.0
103,103,69.27381285348832,0.0,0.0,88.87542291571984,0.0,76.3755165436746,79.76003829932021,74.8451046538686,0.0,0.0,0.0,0.0,0.0
104,104,68.84130077515304,0.0,0.0,88.51842586476215,0.0,76.31658687247169,79.87607589897345,75.29340900320938,0.0,0.0,0.0,0.0,0.0
105,105,68.41162966608128,0.0,0.0,88.15461437815786,0.0,76.25067791618335,79.984308532926,75.74286536636825,0.0,0.0,0.0,0.0,0.0
106,106,67.98483598233415,0.0,0.0,87.78429642682002,0.0,76.17786562085999,80.08465676262144,76.1933458099937,0.0,0.0,0.0,0.0,0.0
107,107,67.56095879441769,0.0,0.0,87.40778602732904,0.0,76.0981964208597,80.17702357924264,76.64471056997623,0.0,0.0,0.0,0.0,0.0
108,108,0.0,0.0,0.0,87.02541972953291,0.0,76.01174001324505,80.26131625275237,77.09680757013554,0.0,0.0,0.0,0.0,0.0
109,109,0.0,0.0,0.0,86.63749542814922,0.0,75.91856939737997,80.33746849150792,77.54949243857199,0.0,0.0,0.0,0.0,0.0
110,110,0.0,0.0,0.0,86.24432429041993,0.0,75.81876076647943,80.40539670058281,78.0026015640408,0.0,0.0,0.0,0.0,0.0
111,111,0.0,0.0,0.0,85.84622132248444,0.0,75.71238036798627,80.46505142219694,78.45596520763237,0.0,0.0,0.0,0.0,0.0
112,112,0.0,0.0,0.0,85.4434881138884,0.0,75.5995300458305,80.51636609510722,78.90941450290477,0.0,0.0,0.0,0.0,0.0
113,113,0.0,0.0,0.0,85.03641297856657,0.0,75.48029483975533,80.55930125791518,79.36276748070921,67.21052712376292,0.0,0.0,0.0,0.0
114,114,0.0,0.0,0.0,84.62528740141995,0.0,75.35476251518442,80.5938078495255,79.81582860348966,67.61658751684075,0.0,0.0,0.0,0.0
115,115,0.0,0.0,0.0,84.21040543960942,0.0,75.22303630263733,80.61985676233404,80.26841026680398,68.02504960610791,0.0,0.0,0.0,0.0
116,116,0.0,0.0,0.0,83.79204718254002,0.0,75.08522172665977,80.6374241767675,80.72029655903134,68.43585802545752,0.0,0.0,0.0,0.0
117,117,0.0,0.0,0.0,83.3704868855382,0.0,74.94141369823444,80.64649160268407,81.17128691172032,68.8489596218064,0.0,0.0,0.0,0.0
118,118,0.0,0.0,0.0,82.94599282724526,0.0,74.79172205220327,80.6470533033033,81.62115946938084,69.264292785203,0.0,0.0,0.0,0.0
119,119,0.0,0.0,0.0,82.51881944826042,0.0,74.6362711583227,80.63910153379237,82.06968555652807,69.68180358679166,0.0,0.0,0.0,0.0
120,120,0.0,0.0,0.0,82.08923062055167,0.0,74.47516168726864,80.6226561024113,82.51663741701921,70.10141843050731,0.0,0.0,0.0,0.0
121,121,0.0,0.0,0.0,81.65747602494747,0.0,74.30852121145182,80.59772001872432,82.96176518501981,70.52307687376009,0.0,0.0,0.0,0.0
122,122,0.0,0.0,0.0,81.22379148228251,0.0,74.13646602586924,80.5643311677397,83.40482769889492,70.94669250953689,0.0,0.0,0.0,0.0
123,123,0.0,0.0,0.0,80.78841413352912,0.0,73.95911993689943,80.52250320305708,83.84555344163131,71.37219782004976,0.0,0.0,0.0,0.0
124,124,0.0,0.0,0.0,80.35157466259186,0.0,73.77660778510887,80.47229188104987,84.28370392782173,71.79950445287471,0.0,0.0,0.0,0.0
125,125,0.0,0.0,0.0,79.91349001462781,0.0,73.58905530050258,80.41373598196685,84.71897800416144,72.22851987429283,0.0,0.0,0.0,0.0
126,126,0.0,0.0,0.0,79.47437096035385,0.0,73.39659508191102,80.3468940629854,85.15112437705422,72.65915926912481,0.0,0.0,0.0,0.0
127,127,0.0,0.0,0.0,79.03442919359375,0.0,73.19935411551724,80.27182228256393,85.57984477955652,73.0913097339767,0.0,0.0,0.0,0.0
128,128,0.0,0.0,0.0,78.59386290890355,0.0,72.99745985430039,80.18859628859839,86.0048424635618,73.52488403747196,0.0,0.0,0.0,0.0
129,129,0.0,0.0,0.0,78.15286416037536,0.0,72.79105212683048,80.0972890799452,86.42583126672476,73.95975395943123,0.0,0.0,0.0,0.0
130,130,0.0,0.0,0.0,77.71161889374332,0.0,72.58026470022536,79.99799277763576,86.84251090909702,74.39581719662696,0.0,0.0,0.0,0.0
131,131,0.0,0.0,0.0,77.27030020301893,0.0,72.36522531858584,79.89078929103914,87.25455813349808,74.83294819876244,0.0,0.0,0.0,0.0
132,132,0.0,0.0,0.0,76.82908888994625,0.0,72.14607349914031,79.77577929377948,87.66166105299985,75.27101628787811,0.0,0.0,0.0,0.0
133,133,0.0,0.0,0.0,76.3881395955057,0.0,71.92293653503735,79.65306023436827,88.06350259171889,75.70989208243155,0.0,0.0,0.0,0.0
134,134,0.0,0.0,0.0,75.94762134207559,0.0,71.69596478815635,79.5227550297013,88.45976076057703,76.14943461208136,0.0,0.0,0.0,0.0
135,135,0.0,0.0,0.0,75.50767110746158,0.0,71.46527279066125,79.38496856445455,88.85010895749441,76.58949086004516,0.0,0.0,0.0,0.0
136,136,0.0,0.0,0.0,75.06844664190261,0.0,71.23101521437825,79.23982355812561,89.23419819523833,77.02991553057024,0.0,0.0,0.0,0.0
137,137,0.0,0.0,0.0,74.63008073957053,0.0,70.99331097796997,79.08744591047804,89.61172056132781,77.47055128660539,0.0,0.0,0.0,0.0
138,138,0.0,0.0,0.0,74.19270746388754,0.0,70.75230117839565,78.92797158880033,89.98231949674525,77.91122140270832,0.0,0.0,0.0,0.0
139,139,0.0,0.0,0.0,73.75644949862377,0.0,70.50811997148908,78.7615321874664,90.34565322935917,78.35176380504657,0.0,0.0,0.0,0.0
140,140,0.0,0.0,0.0,73.32142471193637,0.0,70.26088906053127,78.58826891476745,90.70139595632564,78.79198986305236,0.0,0.0,0.0,0.0
141,141,0.0,0.0,0.0,72.88775831877096,0.0,70.01075142380388,78.40831826720468,91.04920133296031,79.23171883400082,0.0,0.0,0.0,0.0
142,142,0.0,0.0,0.0,72.45554646384822,0.0,69.75783172365816,78.22183980433873,91.38872119866278,79.6707569754011,0.0,0.0,0.0,0.0
143,143,0.0,0.0,0.0,72.02489900758692,0.0,69.50225878392055,78.02898085018072,91.71962519608978,80.10890441423732,0.0,0.0,0.0,0.0
144,144,0.0,0.0,0.0,71.59591525777296,0.0,69.24415986493612,77.8298972760332,92.04156345983401,80.54594775625075,0.0,0.0,0.0,0.0
145,145,0.0,0.0,0.0,71.16867866451975,0.0,68.98365518519955,77.62473942786333,92.35421493617432,80.98166713093089,0.0,0.0,0.0,0.0
146,146,0.0,0.0,0.0,70.74329172716692,0.0,68.7208795273003,77.41367253893358,92.65724012618652,81.41585879159437,0.0,0.0,0.0,0.0
147,147,0.0,0.0,0.0,70.3198185301192,0.0,68.45594960770852,77.19685584224051,92.95032027194728,81.84828304624428,0.0,0.0,0.0,0.0
148,148,0.0,0.0,0.0,69.89834794460334,0.0,68.18898049028031,76.97445602676753,93.23310915361606,82.27870114842368,0.0,0.0,0.0,0.0
149,149,0.0,0.0,0.0,69.4789536406419,0.0,67.92010126269643,76.74663346095659,93.50532220605832,82.70686796891763,0.0,0.0,0.0,0.0
150,150,0.0,0.0,0.0,69.06170027237778,0.0,67.64941796132021,76.5135621593136,93.76661893448515,83.13254776224659,0.0,0.0,0.0,0.0
151,151,0.0,0.0,0.0,68.64665460669757,0.0,67.37705563185668,76.27540274279414,94.01671232531321,83.55546744251717,0.0,0.0,0.0,0.0
152,152,0.0,0.0,0.0,68.23386941634686,0.0,0.0,76.03232894626795,94.25532031117537,83.9753791822363,0.0,0.0,0.0,0.0
153,153,0.0,0.0,0.0,67.82341557179377,0.0,0.0,75.78450744203863,94.48213589752123,84.39200546860195,0.0,0.0,0.0,0.0
154,154,0.0,0.0,0.0,67.41532921931287,0.0,0.0,75.53210436305193,94.69689836450924,84.8050707264653,0.0,0.0,0.0,0.0
155,155,0.0,0.0,0.0,0.0,0.0,0.0,75.27529157841423,94.89933337531909,85.21430186488594,0.0,0.0,0.0,0.0
156,156,0.0,0.0,0.0,0.0,0.0,0.0,75.01423991906645,95.08921475434511,85.61939551733818,0.0,0.0,0.0,0.0
157,157,0.0,0.0,0.0,0.0,0.0,0.0,74.74911267282016,95.26627302209626,86.02007591271699,0.0,0.0,0.0,0.0
158,158,0.0,0.0,0.0,0.0,0.0,0.0,74.48007827179134,95.43031916670245,86.4160457313714,0.0,0.0,0.0,0.0
159,159,0.0,0.0,0.0,0.0,0.0,0.0,74.20730366834529,95.58111143454214,86.80698555541623,0.0,0.0,0.0,0.0
160,160,0.0,0.0,0.0,0.0,0.0,0.0,73.93096041274312,95.71847976864844,87.19260519515339,0.0,0.0,0.0,0.0
161,161,0.0,0.0,0.0,0.0,0.0,0.0,73.65119963576134,95.8422332285894,87.57259320162017,0.0,0.0,0.0,0.0
162,162,0.0,0.0,0.0,0.0,0.0,0.0,73.36818933728432,95.95221230909871,87.94663398249942,0.0,0.0,0.0,0.0
163,163,0.0,0.0,0.0,0.0,0.0,0.0,73.08209536000946,96.04827910407475,88.31440812436355,0.0,0.0,0.0,0.0
164,164,0.0,0.0,0.0,0.0,0.0,0.0,72.79306923952667,96.13029675204129,88.67560167403413,0.0,0.0,0.0,0.0
165,165,0.0,0.0,0.0,0.0,0.0,0.0,72.50126650649929,96.1981612158748,89.02988885124229,0.0,0.0,0.0,0.0
166,166,0.0,0.0,0.0,0.0,0.0,0.0,72.20685228258579,96.25178065794218,89.37695023298438,0.0,0.0,0.0,0.0
167,167,0.0,0.0,0.0,0.0,0.0,0.0,71.90996545461603,96.29108620284417,89.71647351457557,0.0,0.0,0.0,0.0
168,168,0.0,0.0,0.0,0.0,0.0,0.0,71.61076036305353,96.31602162294685,90.04811741619616,0.0,0.0,0.0,0.0
169,169,0.0,0.0,0.0,0.0,0.0,0.0,71.30938288860048,96.32655402370793,90.37158536612918,0.0,0.0,0.0,0.0
170,170,0.0,0.0,0.0,0.0,0.0,0.0,71.00598209261408,96.32267395245533,90.68653416264796,0.0,0.0,0.0,0.0
171,171,0.0,0.0,0.0,0.0,0.0,0.0,70.70069855503841,96.30438489185565,90.99265751294318,0.0,0.0,0.0,0.0
172,172,0.0,0.0,0.0,0.0,0.0,0.0,70.39366457018868,96.27170325210189,91.28964045160156,0.0,0.0,0.0,0.0
173,173,0.0,0.0,0.0,0.0,0.0,0.0,70.08502109479493,96.22467937772811,91.57717859246085,0.0,0.0,0.0,0.0
174,174,0.0,0.0,0.0,0.0,0.0,0.0,69.77490062032265,96.16337633111148,91.85495017808378,0.0,0.0,0.0,0.0
175,175,0.0,0.0,0.0,0.0,0.0,0.0,69.46343287022273,96.08788022820436,92.12266425863606,0.0,0.0,0.0,0.0
176,176,0.0,0.0,0.0,0.0,0.0,0.0,69.15074477316631,95.99827901267079,92.3800232818654,0.0,0.0,0.0,0.0
177,177,0.0,0.0,0.0,0.0,0.0,0.0,68.83695505674316,95.89471457755491,92.62674285637299,0.0,0.0,0.0,0.0
178,178,0.0,0.0,0.0,0.0,0.0,0.0,68.52219581868218,95.7772986252366,92.86254275370364,0.0,0.0,0.0,0.0
179,179,0.0,0.0,0.0,0.0,0.0,0.0,68.20657477277523,95.64619602579185,93.08713760013744,0.0,0.0,0.0,0.0
180,180,0.0,0.0,0.0,0.0,0.0,0.0,67.89020764760045,95.50158245036876,93.30028665452843,0.0,0.0,0.0,0.0
181,181,0.0,0.0,0.0,0.0,0.0,0.0,67.5732073154447,95.34363362388582,93.50172569122479,0.0,0.0,0.0,0.0
182,182,0.0,0.0,0.0,0.0,0.0,0.0,0.0,95.17256624821742,93.69121674653843,0.0,0.0,0.0,0.0
183,183,0.0,0.0,0.0,0.0,0.0,0.0,0.0,94.98858571818548,93.8685190054417,0.0,0.0,0.0,0.0
184,184,0.0,0.0,0.0,0.0,0.0,0.0,0.0,94.79193708400612,94.03343935959809,0.0,0.0,0.0,0.0
185,185,0.0,0.0,0.0,0.0,0.0,0.0,0.0,94.58284290875345,94.1857529278658,0.0,0.0,0.0,0.0
186,186,0.0,0.0,0.0,0.0,0.0,0.0,0.0,94.36157425129988,94.32527363172348,0.0,0.0,0.0,0.0
187,187,0.0,0.0,0.0,0.0,0.0,0.0,0.0,94.12840890578826,94.45183482348992,0.0,0.0,0.0,0.0
188,188,0.0,0.0,0.0,0.0,0.0,0.0,0.0,93.88360076468193,94.56526948630211,0.0,0.0,0.0,0.0
189,189,0.0,0.0,0.0,0.0,0.0,0.0,0.0,93.62746970379993,94.66543085249663,67.50822315364817,0.0,0.0,0.0
190,190,0.0,0.0,0.0,0.0,0.0,0.0,0.0,93.36029040991427,94.75220306947608,67.80203224264005,0.0,0.0,0.0
191,191,0.0,0.0,0.0,0.0,0.0,0.0,0.0,93.08237197577489,94.82546080863705,68.09460011368702,0.0,0.0,0.0
192,192,0.0,0.0,0.0,0.0,0.0,0.0,0.0,92.79403688647324,94.88511030501897,68.3858028586509,0.0,0.0,0.0
193,193,0.0,0.0,0.0,0.0,0.0,0.0,0.0,92.4956104000803,94.93107949690412,68.67553533165093,0.0,0.0,0.0
194,194,0.0,0.0,0.0,0.0,0.0,0.0,0.0,92.18740064319569,94.96329776454239,68.96366343757373,0.0,0.0,0.0
195,195,0.0,0.0,0.0,0.0,0.0,0.0,0.0,91.86974665560193,94.9817370627049,69.25007208302958,0.0,0.0,0.0
196,196,0.0,0.0,0.0,0.0,0.0,0.0,0.0,91.54298827521568,94.98637107483664,69.534627651946,0.0,0.0,0.0
197,197,0.0,0.0,0.0,0.0,0.0,0.0,0.0,91.20745612662247,94.97717525792778,69.8172106088521,0.0,0.0,0.0
198,198,0.0,0.0,0.0,0.0,0.0,0.0,0.0,90.86349020295393,94.95418838069335,70.09768829772464,0.0,0.0,0.0
199,199,0.0,0.0,0.0,0.0,0.0,0.0,0.0,90.51142969077284,94.91742022649237,70.37592580330121,0.0,0.0,0.0
200,200,0.0,0.0,0.0,0.0,0.0,0.0,0.0,90.15161247427861,94.8669334942909,70.65178600890711,0.0,0.0,0.0
201,201,0.0,0.0,0.0,0.0,0.0,0.0,0.0,89.78438382252729,94.80278220310463,70.92512966000265,0.0,0.0,0.0
202,202,0.0,0.0,0.0,0.0,0.0,0.0,0.0,89.41008647377794,94.72505246207096,71.19582695368833,0.0,0.0,0.0
203,203,0.0,0.0,0.0,0.0,0.0,0.0,0.0,89.0290601981119,94.63385194834972,71.46373483446156,0.0,0.0,0.0
204,204,0.0,0.0,0.0,0.0,0.0,0.0,0.0,88.64162352774322,94.52928925575802,71.72870833142804,0.0,0.0,0.0
205,205,0.0,0.0,0.0,0.0,0.0,0.0,0.0,88.2481361091116,94.41149399859391,71.99060064539574,0.0,0.0,0.0
206,206,0.0,0.0,0.0,0.0,0.0,0.0,0.0,87.84890866199224,94.28063660000026,72.24926917401187,0.0,0.0,0.0
207,207,0.0,0.0,0.0,0.0,0.0,0.0,0.0,87.44426545972382,94.13685701852313,72.50456984768933,0.0,0.0,0.0
208,208,0.0,0.0,0.0,0.0,0.0,0.0,0.0,87.03454321898049,93.98035532904392,72.75635723139902,0.0,0.0,0.0
209,209,0.0,0.0,0.0,0.0,0.0,0.0,0.0,86.62005588962244,93.81131048857358,73.00447251945735,0.0,0.0,0.0
210,210,0.0,0.0,0.0,0.0,0.0,0.0,0.0,86.20110364840293,93.6299402162192,73.2487737281287,67.36603842222002,67.53618481338371,0.0
211,211,0.0,0.0,0.0,0.0,0.0,0.0,0.0,85.77800651912848,93.43647020799382,73.48911187823722,67.77991584045131,67.82950591215076,0.0
212,212,0.0,0.0,0.0,0.0,0.0,0.0,0.0,85.35106152473075,93.23111389250602,73.7253309178234,68.19639974156665,68.12162062574043,0.0
213,213,0.0,0.0,0.0,0.0,0.0,0.0,0.0,84.92055971140906,93.01414121470339,73.9572800899186,68.61544404211709,68.41241147297907,0.0
214,214,0.0,0.0,0.0,0.0,0.0,0.0,0.0,84.4867859786498,92.78578892856771,74.18482052120739,69.0370051684397,68.70177457464428,0.0
215,215,0.0,0.0,0.0,0.0,0.0,0.0,0.0,84.05002695809104,92.54632916562859,74.40778799259542,69.46102036975995,68.98957708605275,0.0
216,216,0.0,0.0,0.0,0.0,0.0,0.0,0.0,83.61055457835721,92.29603912596909,74.62604296255215,69.88743992459781,69.27569972983264,0.0
217,217,0.0,0.0,0.0,0.0,0.0,0.0,0.0,83.16864209518444,92.03519091026988,74.83942690688309,70.31619996552908,69.56002650869374,0.0
218,218,0.0,0.0,0.0,0.0,0.0,0.0,0.0,82.72454025366729,91.76408954173013,75.04780033191595,70.74723307973399,69.84242279555092,0.0
219,219,0.0,0.0,0.0,0.0,0.0,0.0,0.0,82.27850113254487,91.48302402541731,75.25101129235489,71.18047396651006,70.12276823333416,0.0
220,220,0.0,0.0,0.0,0.0,0.0,0.0,0.0,81.83077767135644,91.19229574324726,75.44892108042855,71.61583637734547,70.40092929226667,0.0
221,221,0.0,0.0,0.0,0.0,0.0,0.0,0.0,81.3816081634631,90.8922082447909,75.64137222044819,72.0532532494175,70.67676455585959,0.0
222,222,0.0,0.0,0.0,0.0,0.0,0.0,0.0,80.93121665093565,90.58309470349323,75.82824041860636,72.49263025916527,70.95015316364314,0.0
223,223,0.0,0.0,0.0,0.0,0.0,0.0,0.0,80.4798206909595,90.26524236320148,76.00937644757914,72.93388054739862,71.22094387821996,0.0
224,224,0.0,0.0,0.0,0.0,0.0,0.0,0.0,80.02764591404303,89.93898559657806,76.18463866621475,73.37691310497493,71.48901213883425,0.0
225,225,0.0,0.0,0.0,0.0,0.0,0.0,0.0,79.57489643508082,89.60464901502598,76.35389997934107,73.8216140961701,71.75420856779496,0.0
226,226,0.0,0.0,0.0,0.0,0.0,0.0,0.0,79.12176993241472,89.26253826750948,76.51702834295071,74.26788950997287,72.01639944354237,0.0
227,227,0.0,0.0,0.0,0.0,0.0,0.0,0.0,78.66845768521996,88.91299418953582,76.67390015211056,74.71561580992619,72.2754318149059,0.0
228,228,0.0,0.0,0.0,0.0,0.0,0.0,0.0,78.2151446206912,88.55632856732565,76.82438042664944,75.16468325858717,72.53116284927464,0.0
229,229,0.0,0.0,0.0,0.0,0.0,0.0,0.0,77.76200937032213,88.19286014656852,76.96834965251851,75.61495797913526,72.78345433582616,0.0
230,230,0.0,0.0,0.0,0.0,0.0,0.0,0.0,77.3092243345894,87.82290511184196,77.10569745389101,76.0663135749067,73.03215481289784,0.0
231,231,0.0,0.0,0.0,0.0,0.0,0.0,0.0,76.85694904288206,87.44679409122011,77.23630931562047,76.51861184803752,73.2771114695583,0.0
232,232,0.0,0.0,0.0,0.0,0.0,0.0,0.0,76.40534389394105,87.06483659018483,77.36007342877515,76.97170904833928,73.51818869228437,0.0
233,233,0.0,0.0,0.0,0.0,0.0,0.0,0.0,75.9545501781652,86.67734702310099,77.47689449715955,77.42544897082222,73.75522551582142,0.0
234,234,0.0,0.0,0.0,0.0,0.0,0.0,0.0,75.50472333524955,86.28462709941283,77.58665989076503,77.87967625418581,73.98807850269652,0.0
235,235,0.0,0.0,0.0,0.0,0.0,0.0,0.0,75.05598707535903,85.88699106833852,77.68929437992112,78.33422275315417,74.21660368797485,0.0
236,236,0.0,0.0,0.0,0.0,0.0,0.0,0.0,74.60847928758398,85.48473145554463,77.78469884814119,78.78891411327912,74.44064411797522,0.0
237,237,0.0,0.0,0.0,0.0,0.0,0.0,0.0,74.16231974342534,85.07814427551706,77.87279143250628,79.24357683533752,74.66006128742622,0.0
238,238,0.0,0.0,0.0,0.0,0.0,0.0,0.0,73.71762947894285,84.66752841533656,77.95349400847674,79.69801696843234,74.87469761895909,0.0
239,239,0.0,0.0,0.0,0.0,0.0,0.0,0.0,73.27451221864982,84.25316083392246,78.02674614991209,80.15204843588288,75.08440809979878,0.0
240,240,0.0,0.0,0.0,0.0,0.0,0.0,0.0,72.83307329994985,83.83532113548465,78.0924776444753,80.60545689783487,75.28905435749947,0.0
241,241,0.0,0.0,0.0,0.0,0.0,0.0,0.0,72.39341940526997,83.41429101028072,78.15062929906168,81.05803580351864,75.48848556115439,0.0
242,242,0.0,0.0,0.0,0.0,0.0,0.0,0.0,71.95564653947308,82.99032238533802,78.20115309377535,81.50956454534011,75.68256427664282,0.0
243,243,0.0,0.0,0.0,0.0,0.0,0.0,0.0,71.51983468515303,82.5636927287094,78.24399839635369,81.95983092804514,75.87114079933524,0.0
244,244,0.0,0.0,0.0,0.0,0.0,0.0,0.0,71.08607158092757,82.13464967798551,78.27913289137054,82.40858570104281,76.05408586316159,0.0
245,245,0.0,0.0,0.0,0.0,0.0,0.0,0.0,70.65443509932487,81.7034349145331,78.30652180316072,82.85559550199568,76.23125826361999,0.0
246,246,0.0,0.0,0.0,0.0,0.0,0.0,0.0,70.22499930174007,81.27029910425354,78.32614186608828,83.30061260027784,76.40252461724072,0.0
247,247,0.0,0.0,0.0,0.0,0.0,0.0,0.0,69.7978345380466,80.83547133969178,78.33798138689562,83.7433745192131,76.56775302096764,0.0
248,248,0.0,0.0,0.0,0.0,0.0,0.0,0.0,69.3730130150079,80.39917459283757,78.34201935635443,84.18362783413032,76.72681322243635,0.0
249,249,0.0,0.0,0.0,0.0,0.0,0.0,0.0,68.95058155114363,79.96163295466047,78.33826033513108,84.62109653940102,76.87959022479505,0.0
250,250,0.0,0.0,0.0,0.0,0.0,0.0,0.0,68.53060035375808,79.52305685184665,78.32669959592323,85.05549774573934,77.02595100571821,0.0
251,251,0.0,0.0,0.0,0.0,0.0,0.0,0.0,68.11312630503394,79.08365765870855,78.30735101359078,85.4865584044167,77.16578490142685,0.0
252,252,0.0,0.0,0.0,0.0,0.0,0.0,0.0,67.69820785149967,78.64362622900774,78.28024005703071,85.91397433749586,77.29898377309867,0.0
253,253,0.0,0.0,0.0,0.0,0.0,0.0,0.0,67.28588541687773,78.20315455529376,78.24537589834361,86.33745149895552,77.42542853434983,0.0
254,254,0.0,0.0,0.0,0.0,0.0,0.0,0.0,0.0,77.76243540636793,78.20280707198648,86.75668987736745,77.54502325733863,0.0
255,255,0.0,0.0,0.0,0.0,0.0,0.0,0.0,0.0,77.32164159819966,78.1525518273532,87.17137506009128,77.65766137835642,0.0
256,256,0.0,0.0,0.0,0.0,0.0,0.0,0.0,0.0,76.8809402538993,78.09467452890719,87.58119548132784,77.76325313379283,0.0
257,257,0.0,0.0,0.0,0.0,0.0,0.0,0.0,0.0,76.4404994969694,78.02920917041828,87.9858342806808,77.86170522443194,0.0
258,258,0.0,0.0,0.0,0.0,0.0,0.0,0.0,0.0,76.00047500296877,77.95622864065776,88.38495181915314,77.95294158082542,0.0
259,259,0.0,0.0,0.0,0.0,0.0,0.0,0.0,0.0,75.56101693794646,77.87578228656925,88.77822996386323,78.03687597102704,67.56840802227424
260,260,0.0,0.0,0.0,0.0,0.0,0.0,0.0,0.0,75.12227644400167,77.78795110602975,89.16532842680849,78.11343971022755,67.98901699238685
261,261,0.0,0.0,0.0,0.0,0.0,0.0,0.0,0.0,74.68437999107013,77.6928061758718,89.54591166438273,78.18257496975978,68.41241147297907
262,262,0.0,0.0,0.0,0.0,0.0,0.0,0.0,0.0,74.2474681613357,77.59042922055565,89.9196404522304,78.24420710565876,68.83855434655237
263,263,0.0,0.0,0.0,0.0,0.0,0.0,0.0,0.0,73.8116636687668,77.48091240113699,90.28618154601749,78.29828639751453,69.2674004235859
264,264,0.0,0.0,0.0,0.0,0.0,0.0,0.0,0.0,73.37709053832435,77.3643444791617,90.64518046270861,78.34476736634183,69.69889601700906
265,265,0.0,0.0,0.0,0.0,0.0,0.0,0.0,0.0,72.94385569450715,77.2408175589444,90.99630823841281,78.38361582907241,70.1329896816839
266,266,0.0,0.0,0.0,0.0,0.0,0.0,0.0,0.0,72.5120676972664,77.11044722131628,91.3391966177926,78.41478803101626,70.56962680054794
267,267,0.0,0.0,0.0,0.0,0.0,0.0,0.0,0.0,72.08183647481813,76.97333835992558,91.67353263228776,78.43825861717808,71.00874375849281
268,268,0.0,0.0,0.0,0.0,0.0,0.0,0.0,0.0,71.65325556566663,76.82959867273377,91.99894577571682,78.45400673973408,71.45026748787923
269,269,0.0,0.0,0.0,0.0,0.0,0.0,0.0,0.0,71.22641444529961,76.67934518976091,92.31512270672974,78.46202308798526,71.89413849539784
270,270,0.0,0.0,0.0,0.0,0.0,0.0,0.0,0.0,70.80140431367211,76.52270398191978,92.62171229759524,78.4622959244722,72.34027021721481
271,271,0.0,0.0,0.0,0.0,0.0,0.0,0.0,0.0,70.37830096224732,76.35978997586858,92.9183837649621,78.45482508764206,72.78858357386652
272,272,0.0,0.0,0.0,0.0,0.0,0.0,0.0,0.0,69.95719335238131,76.19074005451101,93.20481801123796,78.43962199233074,73.23899540400336
273,273,0.0,0.0,0.0,0.0,0.0,0.0,0.0,0.0,69.5381442402859,76.01568618236958,93.48068864248937,78.41669562737812,73.69141218705225
274,274,0.0,0.0,0.0,0.0,0.0,0.0,0.0,0.0,69.12122960383718,75.83475537862311,93.74569222564844,78.38606652037569,74.14572955564212
275,275,0.0,0.0,0.0,0.0,0.0,0.0,0.0,0.0,68.70651092566251,75.64808921523016,93.99949923903132,78.34775970813322,74.60185077018781
276,276,0.0,0.0,0.0,0.0,0.0,0.0,0.0,0.0,68.29404123625253,75.45582391628932,94.24183461436188,78.3018116636777,75.05966817144242
277,277,0.0,0.0,0.0,0.0,0.0,0.0,0.0,0.0,67.88388646358277,75.25810965995991,94.47238835108216,78.24827020194724,75.51905620402778
278,278,0.0,0.0,0.0,0.0,0.0,0.0,0.0,0.0,67.47609870066337,75.05507806026633,94.69089663240433,78.18717351857296,75.97990331557303
279,279,0.0,0.0,0.0,0.0,0.0,0.0,0.0,0.0,0.0,74.84688708394486,94.89709219133886,78.1185710302428,76.44207319589106
280,280,0.0,0.0,0.0,0.0,0.0,0.0,0.0,0.0,0.0,74.63366953822538,95.09071492117035,78.04253708483809,76.90542363265216
281,281,0.0,0.0,0.0,0.0,0.0,0.0,0.0,0.0,0.0,74.41558397629525,95.27152275722716,77.95912231139584,77.36982680500509
282,282,0.0,0.0,0.0,0.0,0.0,0.0,0.0,0.0,0.0,74.19277627092437,95.43928207101506,77.8684089369219,77.83512909884875
283,283,0.0,0.0,0.0,0.0,0.0,0.0,0.0,0.0,0.0,73.96539848228045,95.59377858308294,77.77047599419832,78.30116371545428
284,284,0.0,0.0,0.0,0.0,0.0,0.0,0.0,0.0,0.0,73.73358998208525,95.73482845025873,77.66539242469413,78.7677783574967
285,285,0.0,0.0,0.0,0.0,0.0,0.0,0.0,0.0,0.0,73.4975145312103,95.86222680763207,77.55326499245618,79.2347864482944
286,286,0.0,0.0,0.0,0.0,0.0,0.0,0.0,0.0,0.0,73.25732275619688,95.97582107314928,77.43417633046654,79.70202311811522
287,287,0.0,0.0,0.0,0.0,0.0,0.0,0.0,0.0,0.0,73.01315240674167,96.07544892345275,77.30823275576178,80.16929568813998
288,288,0.0,0.0,0.0,0.0,0.0,0.0,0.0,0.0,0.0,72.76516473578513,96.16099098272161,77.17552995471726,80.63641188492744
289,289,0.0,0.0,0.0,0.0,0.0,0.0,0.0,0.0,0.0,72.51350770085212,96.23232933852522,77.03618004195671,81.10315777909693
290,290,0.0,0.0,0.0,0.0,0.0,0.0,0.0,0.0,0.0,72.25832218803454,96.28935827519497,76.89029772884409,81.56932711515522
291,291,0.0,0.0,0.0,0.0,0.0,0.0,0.0,0.0,0.0,71.99976567348989,96.33201617545913,76.73800016062658,82.03470683359363
292,292,0.0,0.0,0.0,0.0,0.0,0.0,0.0,0.0,0.0,71.73797638907548,96.36023309540387,76.5794067532594,82.49906930737437
293,293,0.0,0.0,0.0,0.0,0.0,0.0,0.0,0.0,0.0,71.47310288455697,96.37397306960742,76.41463903027044,82.96217188932393
294,294,0.0,0.0,0.0,0.0,0.0,0.0,0.0,0.0,0.0,71.20529773888387,96.37322370733118,76.2438336716509,83.4237643779199
295,295,0.0,0.0,0.0,0.0,0.0,0.0,0.0,0.0,0.0,70.93468865878464,96.35798568448826,76.06710916978628,83.8836130121023
296,296,0.0,0.0,0.0,0.0,0.0,0.0,0.0,0.0,0.0,70.66142465958457,96.32827274212002,75.88461192868157,84.34144522325036
297,297,0.0,0.0,0.0,0.0,0.0,0.0,0.0,0.0,0.0,70.38564695887214,96.28413272505104,75.69646988652497,84.79698878184018
298,298,0.0,0.0,0.0,0.0,0.0,0.0,0.0,0.0,0.0,70.1074891209907,96.22561582753919,75.5028187433002,85.24998055234818
299,299,0.0,0.0,0.0,0.0,0.0,0.0,0.0,0.0,0.0,69.82708275144098,96.15280603935774,75.30381452328193,85.70012571624125
