,time,190,212,593,615,638,257,616,235,168,594,571,213,639,572,191,258
0,0,69.67740627755425,93.22472370522512,75.48028189140548,78.71440062964365,79.2682959784491,0.0,0.0,0.0,0.0,0.0,0.0,0.0,0.0,0.0,0.0,0.0
1,1,70.10713724914092,92.96382186103429,75.76692921629615,78.25430996727813,79.42380197768877,0.0,0.0,0.0,0.0,0.0,0.0,0.0,0.0,0.0,0.0,0.0
2,2,70.5392614314885,92.69225822672757,76.0498070927507,77.79461461476151,79.57204706324893,0.0,0.0,0.0,0.0,0.0,0.0,0.0,0.0,0.0,0.0,0.0
3,3,70.97370601626362,92.41032916454236,76.32874687193086,77.33548325976795,79.71291033013192,0.0,0.0,0.0,0.0,0.0,0.0,0.0,0.0,0.0,0.0,0.0
4,4,71.41040582695928,92.1183633037288,76.60357172858136,76.87707164052001,79.84626690120902,0.0,0.0,0.0,0.0,0.0,0.0,0.0,0.0,0.0,0.0,0.0
5,5,71.84928045803262,91.81666257491275,76.8741032810566,76.41954294339769,79.97200252893282,0.0,0.0,0.0,0.0,0.0,0.0,0.0,0.0,0.0,0.0,0.0
6,6,72.2902453350201,91.50555969063635,77.14016174538732,75.96302775853044,80.08999202740534,0.0,0.0,0.0,0.0,0.0,0.0,0.0,0.0,0.0,0.0,0.0
7,7,72.73322963889026,91.1853693903771,77.40155928959442,75.50767110746158,80.20013579341175,0.0,0.0,0.0,0.0,0.0,0.0,0.0,0.0,0.0,0.0,0.0
8,8,73.1781286207062,90.85642609433725,77.65812053758128,75.05360575859025,80.30233830371348,0.0,0.0,0.0,0.0,0.0,0.0,0.0,0.0,0.0,0.0,0.0
9,9,73.62485093059301,90.51906408636587,77.90966940448328,74.60095904619283,80.39650092501655,0.0,0.0,0.0,0.0,0.0,0.0,0.0,0.0,0.0,0.0,0.0
10,10,74.07329468334719,90.17361700313722,78.15601539318249,74.1498404809426,80.48253670712468,0.0,0.0,0.0,0.0,0.0,0.0,0.0,0.0,0.0,0.0,0.0
11,11,74.52335329006631,89.82040817659673,78.39698827279051,73.7003734766426,80.56037061432318,0.0,0.0,0.0,0.0,0.0,0.0,0.0,0.0,0.0,0.0,0.0
12,12,74.97490896512474,89.4597778164759,78.63241081431546,73.25265773960945,80.62992495369735,0.0,0.0,0.0,0.0,0.0,0.0,0.0,0.0,0.0,0.0,0.0
13,13,75.42784516617654,89.09206379032263,78.86209170944338,72.80680061849378,80.69113423584534,0.0,0.0,0.0,0.0,0.0,0.0,0.0,0.0,0.0,0.0,0.0
14,14,75.88203379026965,88.71758330076995,79.08586091295459,72.36289267045305,80.7439379424114,0.0,0.0,0.0,0.0,0.0,0.0,0.0,0.0,0.0,0.0,0.0
15,15,76.33734792602702,88.33668644672304,79.3035490230659,71.92102613650954,80.78829546519691,0.0,0.0,0.0,0.0,0.0,0.0,0.0,0.0,0.0,0.0,0.0
16,16,76.79363534350273,87.94967519585293,79.51498030603689,71.4812830727854,80.82415657696471,0.0,0.0,0.0,0.0,0.0,0.0,0.0,0.0,0.0,0.0,0.0
17,17,77.25076467283907,87.55690079216112,79.7199799468014,71.04374155094139,80.85149115415778,0.0,0.0,0.0,0.0,0.0,0.0,0.0,0.0,0.0,0.0,0.0
18,18,77.70857201491793,87.15866611188855,79.91838879442474,70.60848142659943,80.87027443051934,0.0,0.0,0.0,0.0,0.0,0.0,0.0,0.0,0.0,0.0,0.0
19,19,78.1669009008913,86.7552957453527,80.11004206687551,70.17557290380779,80.88047960653853,0.0,0.0,0.0,0.0,0.0,0.0,0.0,0.0,0.0,0.0,0.0
20,20,78.62558896597076,86.34710062626179,80.2947693979845,69.74507698826174,80.8821076186074,0.0,0.0,0.0,0.0,0.0,0.0,0.0,0.0,0.0,0.0,0.0
21,21,79.08445365898154,85.9343865568933,80.47241698172837,69.31705138811728,80.87515743084622,0.0,0.0,0.0,0.0,0.0,0.0,0.0,0.0,0.0,0.0,0.0
22,22,79.54331291570985,85.51746227708124,80.64284073937021,68.89156139435894,80.8596260352559,0.0,0.0,0.0,0.0,0.0,0.0,0.0,0.0,0.0,0.0,0.0
23,23,80.00197823073444,85.09661415077399,80.80588443142409,68.46865267774287,80.83553074313022,0.0,0.0,0.0,0.0,0.0,0.0,0.0,0.0,0.0,0.0,0.0
24,24,80.4602546000179,84.67213122640847,80.96140937621442,68.04837868551566,80.80290170565743,0.0,0.0,0.0,0.0,0.0,0.0,0.0,0.0,0.0,0.0,0.0
25,25,80.91793303231862,84.24431271910103,81.10927253185636,67.63077929025647,80.76176701239739,0.0,0.0,0.0,0.0,0.0,0.0,0.0,0.0,0.0,0.0,0.0
26,26,81.37480513970668,83.81342712055827,81.24934158026461,67.21589692625523,80.71216007569333,67.20070353027441,0.0,0.0,0.0,0.0,0.0,0.0,0.0,0.0,0.0,0.0
27,27,81.83064831168029,83.37975279987789,81.38148774607495,0.0,80.65413435842294,67.31092914553288,0.0,0.0,0.0,0.0,0.0,0.0,0.0,0.0,0.0,0.0
28,28,82.28523297053339,82.94354579511096,81.50560110195573,0.0,80.587741047778,67.41681148512801,0.0,0.0,0.0,0.0,0.0,0.0,0.0,0.0,0.0,0.0
29,29,82.73832256700912,82.50506374828754,81.62155313572384,0.0,80.51304375353273,67.51828709788448,0.0,0.0,0.0,0.0,0.0,0.0,0.0,0.0,0.0,0.0
30,30,83.18967359019027,82.06456541590322,81.72924216560202,0.0,80.43011098624133,67.61529387258682,0.0,0.0,0.0,0.0,0.0,0.0,0.0,0.0,0.0,0.0
31,31,83.6390276430788,81.62228748501234,81.82857100348794,0.0,80.33902337509532,67.70777110557019,67.57705761965497,0.0,0.0,0.0,0.0,0.0,0.0,0.0,0.0,0.0
32,32,84.08613516139138,81.1784678173038,81.91943949230054,0.0,80.23985882161567,67.79565956779342,67.99785343139963,0.0,0.0,0.0,0.0,0.0,0.0,0.0,0.0,0.0
33,33,84.5307238442729,80.73333760241437,82.00176751082516,0.0,80.13271434453898,67.87890680712046,68.42144343587609,0.0,0.0,0.0,0.0,0.0,0.0,0.0,0.0,0.0
34,34,84.97252249333714,80.28711401855891,82.07546465905105,0.0,80.01769118408725,67.95745153069912,68.8477799837754,0.0,0.0,0.0,0.0,0.0,0.0,0.0,0.0,0.0
35,35,85.41123666347217,79.84001512605379,82.1404762691497,0.0,79.89488012726528,68.03124984538353,69.27682863274306,0.0,0.0,0.0,0.0,0.0,0.0,0.0,0.0,0.0
36,36,85.84658980275186,79.39224514593107,82.1967223496531,0.0,79.76440495300699,68.10025440862087,69.70853593696827,0.0,0.0,0.0,0.0,0.0,0.0,0.0,0.0,0.0
37,37,86.27828236411122,78.944001969294,82.24416666892527,0.0,79.62637855429985,68.16441442662651,70.14284510698259,0.0,0.0,0.0,0.0,0.0,0.0,0.0,0.0,0.0
38,38,86.70601674726714,78.49547718872374,82.28275552605844,0.0,79.48091735429702,68.22369152967983,70.5797015665646,0.0,0.0,0.0,0.0,0.0,0.0,0.0,0.0,0.0
39,39,87.12947201916215,78.04686306154608,82.31244081454895,0.0,79.32815542837609,68.27804932095928,71.01904746993837,0.0,0.0,0.0,0.0,0.0,0.0,0.0,0.0,0.0
40,40,87.54833812362024,77.59833163586983,82.33321092505572,0.0,79.16821554482307,68.32745341950564,71.46080999853669,0.0,0.0,0.0,0.0,0.0,0.0,0.0,0.0,0.0
41,41,87.96229056603434,77.15004913055402,82.34503693362055,0.0,79.0012518107446,68.37186087693749,71.90491816566632,0.0,0.0,0.0,0.0,0.0,0.0,0.0,0.0,0.0
42,42,88.37101687725747,76.70218268263443,82.34790342237886,0.0,78.8273853144402,68.4112520650675,72.3513030675226,0.0,0.0,0.0,0.0,0.0,0.0,0.0,0.0,0.0
43,43,88.77417292986952,76.25489341948865,82.3418162246689,0.0,78.64677499068304,68.44559356990983,72.79987405621787,0.0,0.0,0.0,0.0,0.0,0.0,0.0,0.0,0.0
44,44,89.17141816906151,75.80832347825128,82.32677931090615,0.0,78.45956764498614,68.47486478354044,73.25054800566227,0.0,0.0,0.0,0.0,0.0,0.0,0.0,0.0,0.0
45,45,89.56243458380132,75.36262267407824,82.30280248524535,0.0,78.2659119935395,68.49905265031786,73.70323142605284,0.0,0.0,0.0,0.0,0.0,0.0,0.0,0.0,0.0
46,46,89.94685469647791,74.91792230807135,82.26990906089928,0.0,78.0659653859058,68.5181303644635,74.1578324744227,0.0,0.0,0.0,0.0,0.0,0.0,0.0,0.0,0.0
47,47,90.32435269771129,74.47436122790279,82.22813579565485,0.0,77.85989342219271,68.53208937207472,74.61424224785578,0.0,0.0,0.0,0.0,0.0,0.0,0.0,0.0,0.0
48,48,90.69457201231467,74.03205402859302,82.17752511924147,0.0,77.64784900458105,68.54092340980189,75.07235311305001,0.0,0.0,0.0,0.0,0.0,0.0,0.0,0.0,0.0
49,49,91.05715284977846,73.5911230373331,82.11812505657285,0.0,77.42999976067091,68.54462317281843,75.53204601549575,0.0,0.0,0.0,0.0,0.0,0.0,0.0,0.0,0.0
50,50,91.4117706574241,73.1516794254002,82.04998914236224,0.0,77.20651391357889,68.54318699804286,75.99319653636827,0.0,0.0,0.0,0.0,0.0,0.0,0.0,0.0,0.0
51,51,91.75805195153214,72.71383569118963,81.97318396328794,0.0,76.97754661187264,68.53661019327869,76.45568806426796,0.0,0.0,0.0,0.0,0.0,0.0,0.0,0.0,0.0
52,52,92.09566939998938,72.27768165393677,81.88778897665668,0.0,76.74328029733138,68.52490638952703,76.91937215261748,0.0,0.0,0.0,0.0,0.0,0.0,0.0,0.0,0.0
53,53,92.42424703908948,71.84332082034949,81.79387349015946,0.0,76.50388378920955,68.50808083953538,77.3841076258169,0.0,0.0,0.0,0.0,0.0,0.0,0.0,0.0,0.0
54,54,92.74346661799039,71.41084044148454,81.69154220542471,0.0,76.2595191161383,68.48614109001142,77.84975439729472,0.0,0.0,0.0,0.0,0.0,0.0,0.0,0.0,0.0
55,55,93.05298161844091,70.98032377029412,81.58088174285687,0.0,76.01036124874312,68.4591076246409,78.31614590582768,0.0,0.0,0.0,0.0,0.0,0.0,0.0,0.0,0.0
56,56,93.35243663650323,70.55185581445504,81.46199848684337,0.0,75.75657793074868,68.42699252015214,78.7831230435711,0.0,0.0,0.0,0.0,0.0,0.0,0.0,0.0,0.0
57,57,93.64151749909897,70.12551191623699,81.33499564811561,0.0,75.49834268268776,68.38982073473672,79.25050634769538,0.0,0.0,0.0,0.0,0.0,0.0,0.0,0.0,0.0
58,58,93.91989294839838,69.70135819432929,81.20000317418194,0.0,75.23582798524865,68.34761410129333,79.71812396077686,0.0,0.0,0.0,0.0,0.0,0.0,0.0,0.0,0.0
59,59,94.187234804067,69.27946288262241,81.05713984908081,0.0,74.96920512111232,68.30040723341672,80.18579047653412,0.0,0.0,0.0,0.0,0.0,0.0,0.0,0.0,0.0
60,60,94.4432388621908,68.85989070213849,80.90652822824173,0.0,74.69863768359525,68.24822095113358,80.65330644645381,0.0,0.0,0.0,0.0,0.0,0.0,0.0,0.0,0.0
61,61,94.68759549459206,68.44269763470592,80.74830926345521,0.0,74.42429425471512,68.19109935675645,81.12046536598604,0.0,0.0,0.0,0.0,0.0,0.0,0.0,0.0,0.0
62,62,94.92002071413725,68.02793134095499,80.58261966587699,0.0,74.14634179222324,68.12907797047812,81.58706118213719,0.0,0.0,0.0,0.0,0.0,0.0,0.0,0.0,0.0
63,63,95.14022642292751,67.61565234736189,80.40960653569282,0.0,73.86495790159056,68.0621943050351,82.05287337973549,0.0,0.0,0.0,0.0,0.0,0.0,0.0,0.0,0.0
64,64,95.34793110158499,0.0,80.2294269868453,0.0,73.58028717215488,67.99048782170608,82.51767425435436,0.0,0.0,0.0,0.0,0.0,0.0,0.0,0.0,0.0
65,65,95.54288116506727,0.0,80.04222591245181,0.0,73.29250940559442,67.91401560833864,82.98122106678207,0.0,0.0,0.0,0.0,0.0,0.0,0.0,0.0,0.0
66,66,95.72484155363159,0.0,79.84815783948306,0.0,73.00177145434958,67.83282600032221,83.44327933604941,0.0,0.0,0.0,0.0,0.0,0.0,0.0,0.0,0.0
67,67,95.89356511679782,0.0,79.64740095596792,0.0,72.70824239639096,67.74696385822654,83.90359972185956,0.0,0.0,0.0,0.0,0.0,0.0,0.0,0.0,0.0
68,68,96.04883472025668,0.0,79.44010613198179,0.0,72.41207076305042,67.65648618504525,84.36190952415282,0.0,0.0,0.0,0.0,0.0,0.0,0.0,0.0,0.0
69,69,96.1904536002939,0.0,79.2264545054239,0.0,72.11341473408179,67.56144636772774,84.81795272208761,0.0,0.0,0.0,0.0,0.0,0.0,0.0,0.0,0.0
70,70,96.31822490765217,0.0,79.00659974448548,0.0,71.81241812976309,67.46191487425597,85.27144177050644,0.0,0.0,0.0,0.0,0.0,0.0,0.0,0.0,0.0
71,71,96.43200486192634,0.0,78.78073209501959,0.0,71.50923988765898,67.35794286393114,85.72209811459116,0.0,0.0,0.0,0.0,0.0,0.0,0.0,0.0,0.0
72,72,96.53160834274426,0.0,78.54901404920524,0.0,71.20401869008394,67.24960355212406,86.16962785002372,0.0,0.0,0.0,0.0,0.0,0.0,0.0,0.0,0.0
73,73,96.61692541887005,0.0,78.31163670875769,0.0,70.8969022081968,0.0,86.61373845465934,0.0,0.0,0.0,0.0,0.0,0.0,0.0,0.0,0.0
74,74,96.68783727436987,0.0,78.06876332159167,0.0,70.58802956964644,0.0,87.0541135294458,0.0,0.0,0.0,0.0,0.0,0.0,0.0,0.0,0.0
75,75,96.74423758889614,0.0,77.8205849950239,0.0,70.27753156239811,0.0,87.49043818989442,0.0,0.0,0.0,0.0,0.0,0.0,0.0,0.0,0.0
76,76,96.78606474239838,0.0,77.56727175896394,0.0,69.96555309598368,0.0,87.92239969003359,0.0,0.0,0.0,0.0,0.0,0.0,0.0,0.0,0.0
77,77,96.81324889311101,0.0,77.30901379175236,0.0,69.65221934528655,0.0,88.34967919528702,0.0,0.0,0.0,0.0,0.0,0.0,0.0,0.0,0.0
78,78,96.825754682488,0.0,77.0459868233852,0.0,69.33765832229972,0.0,88.77192515235481,0.0,0.0,0.0,0.0,0.0,0.0,0.0,0.0,0.0
79,79,96.82357073005852,0.0,76.7783658108729,0.0,69.02199519214743,0.0,89.18880652099904,0.0,0.0,0.0,0.0,0.0,0.0,0.0,0.0,0.0
80,80,96.80669902357242,0.0,76.50634472333132,0.0,68.70535225624474,0.0,89.5999778443691,0.0,0.0,0.0,0.0,0.0,0.0,0.0,0.0,0.0
81,81,96.7751549144788,0.0,76.23008943695244,0.0,68.38785425491355,0.0,90.00509756143461,0.0,0.0,0.0,0.0,0.0,0.0,0.0,0.0,0.0
82,82,96.72898834778424,0.0,75.94979097409231,0.0,68.06960705194942,0.0,90.40381019185847,67.30763420778952,0.0,0.0,0.0,0.0,0.0,0.0,0.0,0.0
83,83,96.668262425332,0.0,75.6656123351457,0.0,67.75072966765957,0.0,90.79575566985962,67.65034366374582,0.0,0.0,0.0,0.0,0.0,0.0,0.0,0.0
84,84,96.59306384966168,0.0,75.37774098734904,0.0,67.4313277059847,0.0,91.18057919976194,67.99330884028912,0.0,0.0,0.0,0.0,0.0,0.0,0.0,0.0
85,85,96.50348147275717,0.0,75.08634289492494,0.0,0.0,0.0,91.55792255906059,68.33644173545675,0.0,0.0,0.0,0.0,0.0,0.0,0.0,0.0
86,86,96.39963784408782,0.0,74.79160127713459,0.0,0.0,0.0,91.92741494886015,68.67963556712287,0.0,0.0,0.0,0.0,0.0,0.0,0.0,0.0
87,87,96.28168871079694,0.0,74.49367789932569,0.0,0.0,0.0,92.28870213244582,69.02278559805067,0.0,0.0,0.0,0.0,0.0,0.0,0.0,0.0
88,88,96.14976987426668,0.0,74.19273873979755,0.0,0.0,0.0,92.6414184411797,69.36579484372517,0.0,0.0,0.0,0.0,0.0,0.0,0.0,0.0
89,89,96.00407057259227,0.0,73.88895983908327,0.0,0.0,0.0,92.98519675667634,69.70854145887779,0.0,0.0,0.0,0.0,0.0,0.0,0.0,0.0
90,90,95.8447698108144,0.0,73.58250208100513,0.0,0.0,0.0,93.31967896757895,70.05091666798675,0.0,0.0,0.0,0.0,0.0,0.0,0.0,0.0
91,91,95.67207786489494,0.0,73.27351771836923,0.0,0.0,0.0,93.64451690070702,70.39280303981721,0.0,0.0,0.0,0.0,0.0,0.0,0.0,0.0
92,92,95.48622508121484,0.0,72.96218079978655,0.0,0.0,0.0,93.9593331193623,70.73407420309826,0.0,0.0,0.0,0.0,0.0,0.0,0.0,0.0
93,93,95.28745083763083,0.0,72.64863208404654,0.0,0.0,0.0,94.26380131847206,71.0746117852206,0.0,0.0,0.0,0.0,0.0,0.0,0.0,0.0
94,94,95.07598245632043,0.0,72.3330337814173,0.0,0.0,0.0,94.55756729167786,71.41428277540248,0.0,0.0,0.0,0.0,0.0,0.0,0.0,0.0
95,95,94.85210670301514,0.0,72.01552720235144,0.0,0.0,0.0,94.84028949136183,71.7529506770217,0.0,0.0,0.0,0.0,0.0,0.0,0.0,0.0
96,96,94.61609680000834,0.0,71.69626853511488,0.0,0.0,0.0,95.1116297096739,72.0904814185965,0.0,0.0,0.0,0.0,0.0,0.0,0.0,0.0
97,97,94.3682325645039,0.0,71.37539328450012,0.0,0.0,0.0,95.37128474657682,72.42673767998558,0.0,0.0,0.0,0.0,0.0,0.0,0.0,0.0
98,98,94.10879982512873,0.0,71.05304570091529,0.0,0.0,0.0,95.61891515994436,72.76157289353593,0.0,0.0,0.0,0.0,0.0,0.0,0.0,0.0
99,99,93.83812986578694,0.0,70.7293611724099,0.0,0.0,0.0,95.8542388160433,73.09483706247133,0.0,0.0,0.0,0.0,0.0,0.0,0.0,0.0
100,100,93.55651807729873,0.0,70.40447772478329,0.0,0.0,0.0,96.07694890180225,73.4263767904563,0.0,0.0,0.0,0.0,0.0,0.0,0.0,0.0
101,101,93.26430361770115,0.0,70.07851899880413,0.0,0.0,0.0,96.28677703538484,73.75604768160855,0.0,0.0,0.0,0.0,0.0,0.0,0.0,0.0
102,102,92.96179882770946,0.0,69.75161134148519,0.0,0.0,0.0,96.48344168716208,74.0836775137518,0.0,0.0,0.0,0.0,0.0,0.0,0.0,0.0
103,103,92.64933836264825,0.0,69.42388353575522,0.0,0.0,0.0,96.66670145203273,74.40910923079667,0.0,0.0,0.0,0.0,0.0,0.0,0.0,0.0
104,104,92.32727795788009,0.0,69.09545568610059,0.0,0.0,0.0,96.8363136176066,74.73218278608711,0.0,0.0,0.0,0.0,0.0,0.0,0.0,0.0
105,105,91.99594506963938,0.0,68.76643947693745,0.0,0.0,0.0,96.99204521945498,75.05272880634605,0.0,0.0,0.0,0.0,0.0,0.0,0.0,0.0
106,106,91.65568707915197,0.0,68.43694907769935,0.0,0.0,0.0,97.13369503860955,75.37056193721529,0.0,0.0,0.0,0.0,0.0,0.0,0.0,0.0
107,107,91.30686056923602,0.0,68.1070956216657,0.0,0.0,0.0,97.26107292447357,75.68552595162078,0.0,0.0,0.0,0.0,0.0,0.0,0.0,0.0
108,108,90.9498116202027,0.0,67.7769819972783,0.0,0.0,0.0,97.37402180602697,75.99743612285953,0.0,0.0,0.0,0.0,0.0,0.0,0.0,0.0
109,109,90.58488498550383,0.0,67.44671862516608,0.0,0.0,0.0,97.47236436942025,76.30611133044302,0.0,0.0,0.0,0.0,0.0,0.0,0.0,0.0
110,110,90.21243285196456,0.0,0.0,0.0,0.0,0.0,97.5559788401082,76.61136776886629,0.0,0.0,0.0,0.0,0.0,0.0,0.0,0.0
111,111,89.83280481699832,0.0,0.0,0.0,0.0,0.0,97.62474556550687,76.91301906673743,0.0,0.0,0.0,0.0,0.0,0.0,0.0,0.0
112,112,89.44634743807366,0.0,0.0,0.0,0.0,0.0,97.67856891128689,77.210889964304,0.0,0.0,0.0,0.0,0.0,0.0,0.0,0.0
113,113,89.0534038083081,0.0,0.0,0.0,0.0,0.0,97.71738843172697,77.5047760116377,67.41590249209013,0.0,0.0,0.0,0.0,0.0,0.0,0.0
114,114,88.65432208961461,0.0,0.0,0.0,0.0,0.0,97.74113571201197,77.794497701261,67.7158102873859,0.0,0.0,0.0,0.0,0.0,0.0,0.0
115,115,88.24943703377596,0.0,0.0,0.0,0.0,0.0,97.74977789695352,78.07985315309072,68.01466581689556,0.0,0.0,0.0,0.0,0.0,0.0,0.0
116,116,87.83907880762443,0.0,0.0,0.0,0.0,0.0,97.74330697151915,78.36066636485937,68.31235264326885,0.0,0.0,0.0,0.0,0.0,0.0,0.0
117,117,87.42358135866975,0.0,0.0,0.0,0.0,0.0,97.72172893724732,78.63672513783766,68.60875173237098,0.0,0.0,0.0,0.0,0.0,0.0,0.0
118,118,87.00327310268106,0.0,0.0,0.0,0.0,0.0,97.68508548555037,78.90784370866865,68.90374147316199,0.0,0.0,0.0,0.0,0.0,0.0,0.0
119,119,86.57845961375578,0.0,0.0,0.0,0.0,0.0,97.63341050810645,79.17382117602814,69.19720314340877,0.0,0.0,0.0,0.0,0.0,0.0,0.0
120,120,86.14947482105383,0.0,0.0,0.0,0.0,0.0,97.56679500395921,79.43446990218908,69.48901019459055,0.0,0.0,0.0,0.0,0.0,0.0,0.0
121,121,85.71661230804835,0.0,0.0,0.0,0.0,0.0,97.48531101303745,79.68959454024855,69.77903912201477,0.0,0.0,0.0,0.0,0.0,0.0,0.0
122,122,85.28017639041575,0.0,0.0,0.0,0.0,0.0,97.38907633211933,79.93899927637038,70.06715299640588,0.0,0.0,0.0,0.0,0.0,0.0,0.0
123,123,84.8404565573478,0.0,0.0,0.0,0.0,0.0,97.27823243682967,80.18248805349265,70.35322354872693,0.0,0.0,0.0,0.0,0.0,0.0,0.0
124,124,84.39775202751214,0.0,0.0,0.0,0.0,0.0,97.15292256415266,80.41987215250825,70.63712033651524,0.0,0.0,0.0,0.0,0.0,0.0,0.0
125,125,83.95233072181165,0.0,0.0,0.0,0.0,0.0,97.01332356732543,80.65095586046505,70.91869936717148,0.0,0.0,0.0,0.0,0.0,0.0,0.0
126,126,83.5044700512167,0.0,0.0,0.0,0.0,0.0,96.85960255643309,80.87556623235568,71.19782574785225,0.0,0.0,0.0,0.0,0.0,0.0,0.0
127,127,83.05444029801444,0.0,0.0,0.0,0.0,0.0,96.69199117817433,81.09350163675253,71.47435678764352,0.0,0.0,0.0,0.0,0.0,0.0,0.0
128,128,82.60248903827423,0.0,0.0,0.0,0.0,0.0,96.51068894264972,81.30458378612903,71.74814769519267,0.0,0.0,0.0,0.0,0.0,0.0,0.0
129,129,82.14888028275645,0.0,0.0,0.0,0.0,0.0,96.31594783046685,81.50862838299015,72.01905165803817,0.0,0.0,0.0,0.0,0.0,0.0,0.0
130,130,81.69384008022335,0.0,0.0,0.0,0.0,0.0,96.10801842303343,81.70547552958146,72.28693180417996,0.0,0.0,0.0,0.0,0.0,0.0,0.0
131,131,81.23760318791125,0.0,0.0,0.0,0.0,0.0,95.88714954200266,81.89492954988685,72.551631822234,67.34053111782985,0.0,0.0,0.0,0.0,0.0,0.0
132,132,80.78041221877172,0.0,0.0,0.0,0.0,0.0,95.65363990904643,82.07684257848132,72.81299950338224,67.74601986359494,0.0,0.0,0.0,0.0,0.0,0.0
133,133,80.3224728222524,0.0,0.0,0.0,0.0,0.0,95.40777445428651,82.25104664456856,73.07089313141077,68.15383497757041,0.0,0.0,0.0,0.0,0.0,0.0
134,134,79.86399887028743,0.0,0.0,0.0,0.0,0.0,95.14984478681569,82.41736886108842,73.3251514685153,68.56392928035845,0.0,0.0,0.0,0.0,0.0,0.0
135,135,79.40519015783497,0.0,0.0,0.0,0.0,0.0,94.88018950161485,82.57567802842311,73.57562399444905,68.97624748050539,0.0,0.0,0.0,0.0,0.0,0.0
136,136,78.94625410789656,0.0,0.0,0.0,0.0,0.0,94.59910083554655,82.72581562483843,73.82215906326391,69.39072030012117,0.0,0.0,0.0,0.0,0.0,0.0
137,137,78.48736299941599,0.0,0.0,0.0,0.0,0.0,94.30692660799204,82.86763449158117,74.06460402916495,69.80729141918462,67.14755507358532,0.0,0.0,0.0,0.0,0.0
138,138,78.028704100169,0.0,0.0,0.0,0.0,0.0,94.00400777541331,83.00101487604553,74.30279910465127,70.22589035456174,67.18340374484873,0.0,0.0,0.0,0.0,0.0
139,139,77.57044432086062,0.0,0.0,0.0,0.0,0.0,93.69067809692939,83.12581791554078,74.5365962405943,70.6464430519424,67.21446968661789,0.0,0.0,0.0,0.0,0.0
140,140,77.11276488782414,0.0,0.0,0.0,0.0,0.0,93.36729356438343,83.24192487113582,74.7658342567197,71.06887179377429,67.24072929906276,0.0,0.0,0.0,0.0,0.0
141,141,76.65580680367324,0.0,0.0,0.0,0.0,0.0,93.0342015926398,83.34922967315924,74.9903641642865,71.49310091576163,67.262171280979,0.0,0.0,0.0,0.0,0.0
142,142,76.19972571562366,0.0,0.0,0.0,0.0,0.0,92.69177005573408,83.44762338797919,75.21003041989333,71.91903355202713,67.27877610731882,0.0,0.0,0.0,0.0,0.0
143,143,75.74467125478537,0.0,0.0,0.0,0.0,0.0,92.34035690177537,83.53700224050037,75.42467736022886,72.34658618657033,67.29053660303148,0.0,0.0,0.0,0.0,0.0
144,144,75.2907806952385,0.0,0.0,0.0,0.0,0.0,91.98030994228759,83.61729163782425,75.63415586910305,72.77565350055855,67.29744253658744,0.0,0.0,0.0,0.0,0.0
145,145,74.83817944562598,0.0,0.0,0.0,0.0,0.0,91.61201437434147,83.68839880032681,75.83831718910793,73.20614375906393,67.29949606443253,0.0,0.0,0.0,0.0,0.0
146,146,74.38699411032522,0.0,0.0,0.0,0.0,0.0,91.23581503389981,83.75026052992978,76.03700651982768,73.63794282030476,67.29668600528707,0.0,0.0,0.0,0.0,0.0
147,147,73.93733978492637,0.0,0.0,0.0,0.0,0.0,90.85208310405227,83.80281160337539,76.23008283351376,74.0709379055752,67.28902386795201,0.0,0.0,0.0,0.0,0.0
148,148,73.48933281456546,0.0,0.0,0.0,0.0,0.0,90.4611772494251,83.84600081254396,76.41739947768708,74.50500525471949,67.276507823264,0.0,0.0,0.0,0.0,0.0
149,149,73.04307840053919,0.0,0.0,0.0,0.0,0.0,90.06346199035337,83.87978311356989,76.59881085568793,74.94002881614426,67.2591484288645,0.0,0.0,0.0,0.0,0.0
150,150,72.5986830598893,0.0,0.0,0.0,0.0,0.0,89.65928859022384,83.90411971134694,76.77418600605505,75.37587507750652,67.23695832225451,0.0,0.0,0.0,0.0,0.0
151,151,72.15622478631917,0.0,0.0,0.0,0.0,0.0,89.24901316453371,83.91898613658348,76.9433754464246,75.81240530449061,67.20995220532274,0.0,0.0,0.0,0.0,0.0
152,152,71.71581305154452,0.0,0.0,0.0,0.0,0.0,88.83297795094825,83.9243803185884,77.1062582067783,76.24948206672835,67.17814169839625,0.0,0.0,0.0,0.0,0.0
153,153,71.27751170206648,0.0,0.0,0.0,0.0,0.0,88.41152914470989,83.92027459476759,77.26268831134054,76.68694281053811,67.14155071651479,0.0,0.0,0.0,0.0,0.0
154,154,70.84141569485125,0.0,0.0,0.0,0.0,0.0,87.98501615174936,83.90669575432119,77.41255570075296,77.12464596062733,0.0,0.0,0.0,0.0,0.0,0.0
155,155,70.40759275480268,0.0,0.0,0.0,0.0,0.0,87.55375601633594,83.88364499602602,77.55573238654235,77.5624176945964,0.0,0.0,0.0,0.0,0.0,0.0
156,156,69.97611269971024,0.0,0.0,0.0,0.0,0.0,87.11808618988258,83.8511459211944,77.69209281662442,78.00009182738083,0.0,0.0,0.0,0.0,0.0,0.0
157,157,69.54704169803527,0.0,0.0,0.0,0.0,0.0,86.67832884181993,83.80923646357022,77.82152782230162,78.43749654607615,0.0,0.0,0.0,0.0,0.0,0.0
158,158,69.12043694170029,0.0,0.0,0.0,0.0,0.0,86.23479952417989,83.75795284141716,77.94393121022922,78.87444729627357,0.0,0.0,0.0,0.0,0.0,0.0
159,159,68.69635244226463,0.0,0.0,0.0,0.0,0.0,85.78779861587236,83.69735341359656,78.0591999198119,79.31075350172749,0.0,0.0,0.0,0.0,0.0,0.0
160,160,68.2748444206379,0.0,0.0,0.0,0.0,0.0,85.33762814341881,83.62749462954683,78.16722723523849,79.7462185339999,0.0,0.0,0.0,0.0,0.0,0.0
161,161,67.85596584254054,0.0,0.0,0.0,0.0,0.0,84.88459119918488,83.5484468486143,78.26793069374737,80.18063969207718,0.0,0.0,0.0,0.0,0.0,0.0
162,162,67.43975101243926,0.0,0.0,0.0,0.0,0.0,84.42895897942275,83.46029414442576,78.36121063083802,80.61380080787853,0.0,0.0,0.0,0.0,0.0,0.0
163,163,0.0,0.0,0.0,0.0,0.0,0.0,83.97102007422656,83.36311038374693,78.44699902342401,81.04549424351353,0.0,0.0,0.0,0.0,0.0,0.0
164,164,0.0,0.0,0.0,0.0,0.0,0.0,83.51103944767317,83.25700652649782,78.52521087588447,81.47549152404906,0.0,0.0,0.0,0.0,0.0,0.0
165,165,0.0,0.0,0.0,0.0,0.0,0.0,83.04927492792407,83.14207506746791,78.59577220837417,81.90355781609375,0.0,0.0,0.0,0.0,0.0,0.0
166,166,0.0,0.0,0.0,0.0,0.0,0.0,82.58598491435599,83.01843716848639,78.65863430912647,82.32945966988505,0.0,0.0,0.0,0.0,0.0,0.0
167,167,0.0,0.0,0.0,0.0,0.0,0.0,82.1214125890819,82.88620308287697,78.7137317536203,82.75295768944714,0.0,67.21785306177321,0.0,0.0,0.0,0.0
168,168,0.0,0.0,0.0,0.0,0.0,0.0,81.65580149623122,82.74550332256106,78.76101759234729,83.17378301869228,0.0,67.63608129764741,0.0,0.0,0.0,0.0
169,169,0.0,0.0,0.0,0.0,0.0,0.0,81.18937264325935,82.59647268009034,78.80044941329035,83.59169976217211,0.0,68.05714634838608,0.0,0.0,0.0,0.0
170,170,0.0,0.0,0.0,0.0,0.0,0.0,80.72234019201093,82.43925000142863,78.83198941214717,84.00642687350323,0.0,68.4810140668563,0.0,0.0,0.0,0.0
171,171,0.0,0.0,0.0,0.0,0.0,0.0,80.2549334440365,82.27398564823814,78.85561152213104,84.4177010872808,0.0,68.90764777793194,0.0,0.0,0.0,0.0
172,172,0.0,0.0,0.0,0.0,0.0,0.0,79.787344965482,82.10081812532297,78.87129441596613,84.82524553534851,0.0,69.33699180515548,0.0,0.0,0.0,0.0
173,173,0.0,0.0,0.0,0.0,0.0,0.0,79.31977524020597,81.9199199270019,78.87902154159187,85.22877776799584,0.0,69.76900908186363,0.0,0.0,0.0,0.0
174,174,0.0,0.0,0.0,0.0,0.0,0.0,78.85241068844427,81.73145107039875,78.87878822103055,85.62801826601317,0.0,70.20363761743852,0.0,0.0,0.0,0.0
175,175,0.0,0.0,0.0,0.0,0.0,0.0,78.38543114124913,81.53556674075286,78.87059459555384,86.02266579940179,0.0,70.64082304265116,0.0,0.0,0.0,0.0
176,176,0.0,0.0,0.0,0.0,0.0,0.0,77.91901681784579,81.33245481959028,78.85444562546898,86.41243082095738,0.0,71.08050198019778,0.0,0.0,0.0,0.0
177,177,0.0,0.0,0.0,0.0,0.0,0.0,77.45332073191275,81.1222825302888,78.83035814423305,86.79700222880894,0.0,71.5226190282677,0.0,0.0,0.0,0.0
178,178,0.0,0.0,0.0,0.0,0.0,0.0,76.98851042717513,80.90522651440793,78.79835375912025,87.17609005527855,0.0,71.96708618025858,0.0,0.0,0.0,0.0
179,179,0.0,0.0,0.0,0.0,0.0,0.0,76.52473357653126,80.68147978635544,78.75845881509868,87.54937461392467,0.0,72.41384644907184,0.0,0.0,0.0,0.0
180,180,0.0,0.0,0.0,0.0,0.0,0.0,76.0621320440341,80.45121429223136,78.71071843208249,87.91654961110913,0.0,72.86280356362036,0.0,0.0,0.0,0.0
181,181,0.0,0.0,0.0,0.0,0.0,0.0,75.60084848206812,80.214632479798,78.6551612041998,88.27730549976641,0.0,73.31387460911417,0.0,0.0,0.0,0.0
182,182,0.0,0.0,0.0,0.0,0.0,0.0,75.14100679556479,79.97190804975416,78.59184841775854,88.63131197204568,0.0,73.76697866466176,0.0,0.0,0.0,0.0
183,183,0.0,0.0,0.0,0.0,0.0,0.0,74.682732053888,79.72324438091549,78.52083171049512,88.97827160718519,0.0,74.22200577885789,0.0,0.0,0.0,0.0
184,184,0.0,0.0,0.0,0.0,0.0,0.0,74.22613768847323,79.4688375144929,78.44217407833789,89.31785820241925,0.0,74.67885335033522,0.0,0.0,0.0,0.0
185,185,0.0,0.0,0.0,0.0,0.0,0.0,73.77133835962051,79.20886901706383,78.35594273284693,89.64974354570238,0.0,75.13742036500734,0.0,0.0,0.0,0.0
186,186,0.0,0.0,0.0,0.0,0.0,0.0,73.31843747078719,78.94354164231453,78.26222291393378,89.97363465776228,0.0,75.59758819639875,0.0,0.0,0.0,0.0
187,187,0.0,0.0,0.0,0.0,0.0,0.0,72.86753973019799,78.67304323602254,78.1610898284977,90.28919217849354,0.0,76.05922628233478,0.0,0.0,0.0,0.0
188,188,0.0,0.0,0.0,0.0,0.0,0.0,72.41872705488755,78.39758193349105,78.05263639188207,90.59611315907513,0.0,76.52221822606194,0.0,0.0,0.0,0.0
189,189,0.0,0.0,0.0,0.0,0.0,0.0,71.97208922379902,78.11733667817566,77.93694529154129,90.89408587301394,0.0,76.98642921718974,0.0,0.0,0.0,0.0
190,190,0.0,0.0,0.0,0.0,0.0,0.0,71.52771743755528,77.83251309952152,77.81413033866832,91.18279944250008,0.0,77.45170512129157,0.0,0.0,0.0,0.0
191,191,0.0,0.0,0.0,0.0,0.0,0.0,71.08568110624184,77.54330132498592,77.68428101829615,91.46196335992174,0.0,77.91791294745137,0.0,0.0,0.0,0.0
192,192,0.0,0.0,0.0,0.0,0.0,0.0,70.6460517206167,77.24989665631722,77.54751746163006,91.73126076278713,0.0,78.3848795567335,0.0,0.0,0.0,0.0
193,193,0.0,0.0,0.0,0.0,0.0,0.0,70.20889699908027,76.95247895852515,77.40394895596586,91.99040581881131,0.0,78.85245308189437,0.0,0.0,0.0,0.0
194,194,0.0,0.0,0.0,0.0,0.0,0.0,69.77428099387437,76.65124641023921,77.25369437262144,92.2391064043079,0.0,79.32046160542632,0.0,0.0,0.0,0.0
195,195,0.0,0.0,0.0,0.0,0.0,0.0,69.34226419670571,76.34638807406952,77.09687511471446,92.47710324721788,0.0,79.7887194708412,0.0,0.0,0.0,0.0
196,196,0.0,0.0,0.0,0.0,0.0,0.0,68.9128928504753,76.03808402000908,76.93362167122207,92.70410283076193,0.0,80.2570414153694,0.0,0.0,0.0,0.0
197,197,0.0,0.0,0.0,0.0,0.0,0.0,68.48622636923616,75.72651849740689,76.76405990457879,92.91985546316482,0.0,80.72523551587462,0.0,0.0,0.0,0.0
198,198,0.0,0.0,0.0,0.0,0.0,0.0,68.06230485261031,75.4118666228021,76.58833101929234,93.12410745040481,0.0,81.1931031256669,0.0,0.0,0.0,0.0
199,199,0.0,0.0,0.0,0.0,0.0,0.0,67.64116576782062,75.09432017282617,76.40657117350247,93.31662117481385,0.0,81.66042366541349,0.0,0.0,0.0,0.0
200,200,0.0,0.0,0.0,0.0,0.0,0.0,67.22285943891066,74.7740421912533,76.21891145363234,93.49715593338796,0.0,82.12698436992831,0.0,0.0,0.0,0.0
201,201,0.0,0.0,0.0,0.0,0.0,0.0,0.0,74.45120577957942,76.02549756960308,93.66549815409783,0.0,82.59255786617622,0.0,0.0,0.0,0.0
202,202,0.0,0.0,0.0,0.0,0.0,0.0,0.0,74.12598722337529,75.82648281272134,93.82144222960687,0.0,83.05690955621655,0.0,0.0,0.0,0.0
203,203,0.0,0.0,0.0,0.0,0.0,0.0,0.0,73.79854707433208,75.62200820430041,93.9648009991021,0.0,83.51979760875226,0.0,0.0,0.0,0.0
204,204,0.0,0.0,0.0,0.0,0.0,0.0,0.0,73.46904903416169,75.41222205882907,94.09538620382003,0.0,83.98096495083057,0.0,0.0,0.0,0.0
205,205,0.0,0.0,0.0,0.0,0.0,0.0,0.0,73.1376474627428,75.19727321015108,94.21303902036426,0.0,84.44015505515381,0.0,0.0,0.0,0.0
206,206,0.0,0.0,0.0,0.0,0.0,0.0,0.0,72.8045056722983,74.97732361968025,94.31762058936509,0.0,84.89709603694567,0.0,0.0,0.0,0.0
207,207,0.0,0.0,0.0,0.0,0.0,0.0,0.0,72.4697714583405,74.75250973056816,94.40898207055419,0.0,85.35151682739101,0.0,0.0,0.0,0.0
208,208,0.0,0.0,0.0,0.0,0.0,0.0,0.0,72.1335953531538,74.52299987254874,94.48701549769585,0.0,85.80313932235995,0.0,0.0,0.0,0.0
209,209,0.0,0.0,0.0,0.0,0.0,0.0,0.0,71.79611860392447,74.28894296035867,94.55161368445505,0.0,86.25165311584587,0.0,0.0,0.0,0.0
210,210,0.0,0.0,0.0,0.0,0.0,0.0,0.0,71.45748502945389,74.0504938536828,94.6027009071109,0.0,86.6967740918513,0.0,0.0,0.0,0.0
211,211,0.0,0.0,0.0,0.0,0.0,0.0,0.0,71.1178349791455,73.80780062902699,94.64021286304605,0.0,87.1381945421586,0.0,0.0,0.0,0.0
212,212,0.0,0.0,0.0,0.0,0.0,0.0,0.0,70.77729393633228,73.56102923917165,94.66409682329882,0.0,87.57559988539539,0.0,0.0,0.0,0.0
213,213,0.0,0.0,0.0,0.0,0.0,0.0,0.0,70.43600124895836,73.31033221660037,94.67432194627169,0.0,88.00866885388211,0.0,0.0,0.0,0.0
214,214,0.0,0.0,0.0,0.0,0.0,0.0,0.0,70.09408139117635,73.05585501999157,94.67086919261456,0.0,88.43707370566815,0.0,0.0,0.0,0.0
215,215,0.0,0.0,0.0,0.0,0.0,0.0,0.0,69.75165004265551,72.79775418928327,94.65376191696241,0.0,88.86048046255918,0.0,0.0,0.0,0.0
216,216,0.0,0.0,0.0,0.0,0.0,0.0,0.0,69.40883079089312,72.53618484066273,94.62299457046805,0.0,89.27854917487852,0.0,0.0,0.0,0.0
217,217,0.0,0.0,0.0,0.0,0.0,0.0,0.0,69.06573291888661,72.27129461376823,94.57863445003116,0.0,89.690952496512,0.0,0.0,0.0,0.0
218,218,0.0,0.0,0.0,0.0,0.0,0.0,0.0,68.72247879482013,72.00323556357628,94.52071980105966,0.0,90.0973214885388,0.0,0.0,0.0,0.0
219,219,0.0,0.0,0.0,0.0,0.0,0.0,0.0,68.37916589383964,71.7321521438947,94.44934102265452,0.0,90.49730945328724,67.40422721015206,0.0,0.0,0.0
220,220,0.0,0.0,0.0,0.0,0.0,0.0,0.0,68.03590471169515,71.45819874019196,94.36456936407073,0.0,90.89056538372913,67.75891470546317,0.0,0.0,0.0
221,221,0.0,0.0,0.0,0.0,0.0,0.0,0.0,67.69279195612708,71.18151034384633,94.26653777860047,0.0,91.27672489153628,68.11415436896571,0.0,0.0,0.0
222,222,0.0,0.0,0.0,0.0,0.0,0.0,0.0,67.34992141488715,70.90223741678656,94.15534947897854,0.0,91.6554293291333,68.4698459965331,0.0,0.0,0.0
223,223,0.0,0.0,0.0,0.0,0.0,0.0,0.0,0.0,70.62051680094194,94.03115850661423,0.0,92.02632664054444,68.82589129920288,0.0,0.0,0.0
224,224,0.0,0.0,0.0,0.0,0.0,0.0,0.0,0.0,70.3364945857684,93.89411880316155,0.0,92.38903342173283,69.18219413844426,0.0,0.0,0.0
225,225,0.0,0.0,0.0,0.0,0.0,0.0,0.0,0.0,70.050297705805,93.74440396509,0.0,92.74319293946073,69.5386497791002,0.0,0.0,0.0
226,226,0.0,0.0,0.0,0.0,0.0,0.0,0.0,0.0,69.76206221729518,93.58219675274032,0.0,93.0884472476761,69.8951445749295,0.0,0.0,0.0
227,227,0.0,0.0,0.0,0.0,0.0,0.0,0.0,0.0,69.47192730204902,93.40768868406187,0.0,93.42443773086055,70.251566869393,0.0,0.0,0.0
228,228,0.0,0.0,0.0,0.0,0.0,0.0,0.0,0.0,69.18001867231595,93.22110924221619,0.0,93.75078569550512,70.60780724967266,0.0,0.0,0.0
229,229,0.0,0.0,0.0,0.0,0.0,0.0,0.0,0.0,68.88646516384058,93.0226658181872,0.0,94.06716267141336,70.96373019557524,0.0,0.0,0.0
230,230,0.0,0.0,0.0,0.0,0.0,0.0,0.0,0.0,68.5913877744737,92.81260260143179,0.0,94.3731914932863,71.31922493183949,0.0,0.0,0.0
231,231,0.0,0.0,0.0,0.0,0.0,0.0,0.0,0.0,68.294910461492,92.59116046921412,0.0,94.66854712826189,71.6741543081013,0.0,0.0,0.0
232,232,0.0,0.0,0.0,0.0,0.0,0.0,0.0,0.0,67.99715462815678,92.35861548977827,0.0,94.95287693729496,72.02838900732193,0.0,0.0,0.0
233,233,0.0,0.0,0.0,0.0,0.0,0.0,0.0,0.0,67.69823389155144,92.11521016817933,0.0,95.22585191427768,72.38178430146027,0.0,0.0,0.0
234,234,0.0,0.0,0.0,0.0,0.0,0.0,0.0,0.0,67.3982646172284,91.8612402561843,0.0,95.48713685183901,72.73420952709044,0.0,0.0,0.0
235,235,0.0,0.0,0.0,0.0,0.0,0.0,0.0,0.0,0.0,91.59696709951437,0.0,95.73643237967154,73.08550647134786,0.0,0.0,0.0
236,236,0.0,0.0,0.0,0.0,0.0,0.0,0.0,0.0,0.0,91.32269403192704,0.0,95.97343455331564,73.43553111413384,0.0,0.0,0.0
237,237,0.0,0.0,0.0,0.0,0.0,0.0,0.0,0.0,0.0,91.03871762862347,0.0,96.1978247048257,73.78412977152745,0.0,0.0,0.0
238,238,0.0,0.0,0.0,0.0,0.0,0.0,0.0,0.0,0.0,90.74533682400394,0.0,96.4093435553531,74.13114507178675,0.0,0.0,0.0
239,239,0.0,0.0,0.0,0.0,0.0,0.0,0.0,0.0,0.0,90.4428616943648,0.0,96.60770815338317,74.47640968186555,0.0,0.0,0.0
240,240,0.0,0.0,0.0,0.0,0.0,0.0,0.0,0.0,0.0,90.1315941759422,0.0,96.79267569822991,74.81976513735634,0.0,0.0,0.0
241,241,0.0,0.0,0.0,0.0,0.0,0.0,0.0,0.0,0.0,89.81184622334042,0.0,96.9639913199598,75.16103037231615,0.0,0.0,0.0
242,242,0.0,0.0,0.0,0.0,0.0,0.0,0.0,0.0,0.0,89.48393900571345,0.0,97.12143114609249,75.50003976621413,0.0,0.0,0.0
243,243,0.0,0.0,0.0,0.0,0.0,0.0,0.0,0.0,0.0,89.14818403629546,0.0,97.26479245517004,75.83661139958707,0.0,0.0,0.0
244,244,0.0,0.0,0.0,0.0,0.0,0.0,0.0,0.0,0.0,88.80490098102169,0.0,97.39388355343797,76.17056632556391,0.0,0.0,0.0
245,245,0.0,0.0,0.0,0.0,0.0,0.0,0.0,0.0,0.0,88.45440798469899,0.0,97.50852423951106,76.5017222884899,0.0,0.0,0.0
246,246,0.0,0.0,0.0,0.0,0.0,0.0,0.0,0.0,0.0,88.09702124950208,0.0,97.6085570759937,76.8298803977029,0.0,0.0,0.0
247,247,0.0,0.0,0.0,0.0,0.0,0.0,0.0,0.0,0.0,87.73305463466312,0.0,97.69385875310886,77.15486524552081,0.0,0.0,0.0
248,248,0.0,0.0,0.0,0.0,0.0,0.0,0.0,0.0,0.0,87.36282795062492,0.0,97.76429716746836,77.47646476299948,0.0,0.0,0.0
249,249,0.0,0.0,0.0,0.0,0.0,0.0,0.0,0.0,0.0,86.98664903210054,0.0,97.81977506787358,77.794497701261,0.0,0.0,0.0
250,250,0.0,0.0,0.0,0.0,0.0,0.0,0.0,0.0,0.0,86.604830817463,0.0,97.86023045861864,78.10875276919937,0.0,0.0,0.0
251,251,0.0,0.0,0.0,0.0,0.0,0.0,0.0,0.0,0.0,86.21768220808971,0.0,97.88558243256351,78.41903657757938,0.0,0.0,0.0
252,252,0.0,0.0,0.0,0.0,0.0,0.0,0.0,0.0,0.0,85.82549102909056,0.0,97.89582927056371,78.72513940611903,0.0,0.0,0.0
253,253,0.0,0.0,0.0,0.0,0.0,0.0,0.0,0.0,0.0,85.42857428543608,0.0,97.89092881471773,79.02684901273912,67.29801895280458,0.0,0.0
254,254,0.0,0.0,0.0,0.0,0.0,0.0,0.0,0.0,0.0,85.02721885532686,0.0,97.8708964985241,79.32397226329141,67.59630014723703,0.0,0.0
255,255,0.0,0.0,0.0,0.0,0.0,0.0,0.0,0.0,0.0,84.62171497060069,0.0,97.83576177258834,79.61629289531345,67.89357558584055,0.0,0.0
256,256,0.0,0.0,0.0,0.0,0.0,0.0,0.0,0.0,0.0,84.21233950013279,0.0,97.78556802803068,79.90359268344594,68.1897360809251,0.0,0.0
257,257,0.0,0.0,0.0,0.0,0.0,0.0,0.0,0.0,0.0,83.79938009408575,0.0,97.72039419074466,80.18567357195921,68.48466472709795,0.0,0.0
258,258,0.0,0.0,0.0,0.0,0.0,0.0,0.0,0.0,0.0,83.38310262271126,0.0,97.64032190238852,80.46232187196323,68.77825281666485,0.0,0.0
259,259,0.0,0.0,0.0,0.0,0.0,0.0,0.0,0.0,0.0,82.96378310325653,0.0,97.54546782695523,80.73331538240299,69.0703677918596,0.0,0.0
260,260,0.0,0.0,0.0,0.0,0.0,0.0,0.0,0.0,0.0,82.54166806581048,0.0,97.43595080990312,80.99846066107261,69.360901559304,0.0,0.0
261,261,0.0,0.0,0.0,0.0,0.0,0.0,0.0,0.0,0.0,82.11702927089503,0.0,97.31193473377002,81.2575267092567,69.64972205012057,0.0,0.0
262,262,0.0,0.0,0.0,0.0,0.0,0.0,0.0,0.0,0.0,81.69010135977815,0.0,97.17357408822478,81.51031953064135,69.93671124999553,0.0,0.0
263,263,0.0,0.0,0.0,0.0,0.0,0.0,0.0,0.0,0.0,81.26113589216648,0.0,97.02106735301722,81.75663039304592,70.22172669799725,0.0,0.0
264,264,0.0,0.0,0.0,0.0,0.0,0.0,0.0,0.0,0.0,80.83035554609677,0.0,96.85460275084682,81.99624326757265,70.50465146426143,0.0,0.0
265,265,0.0,0.0,0.0,0.0,0.0,0.0,0.0,0.0,0.0,80.39799198706103,0.0,96.67442185949295,82.2289656203498,70.78534408755762,0.0,0.0
266,266,0.0,0.0,0.0,0.0,0.0,0.0,0.0,0.0,0.0,79.96427051004028,0.0,96.48073367458277,82.45458298500958,71.06367216196121,0.0,0.0
267,267,0.0,0.0,0.0,0.0,0.0,0.0,0.0,0.0,0.0,79.52940283359648,0.0,96.27380971656554,82.67291298102835,71.3394954984373,0.0,0.0
268,268,0.0,0.0,0.0,0.0,0.0,0.0,0.0,0.0,0.0,79.09359459625372,0.0,96.05389846207886,82.88375177069832,71.61267762487115,67.34176788976153,0.0
269,269,0.0,0.0,0.0,0.0,0.0,0.0,0.0,0.0,0.0,78.6570523913174,0.0,95.82129850490463,83.08691297089626,71.88307433779964,67.74550354616918,0.0
270,270,0.0,0.0,0.0,0.0,0.0,0.0,0.0,0.0,0.0,78.2199555817316,0.0,95.57628426559128,83.28220468437794,72.1505394769627,68.15148619417396,0.0
271,271,0.0,0.0,0.0,0.0,0.0,0.0,0.0,0.0,0.0,77.7824987433265,0.0,95.31915778591794,83.46944544038669,72.41493693029297,68.55965589908705,0.0
272,272,0.0,0.0,0.0,0.0,0.0,0.0,0.0,0.0,0.0,77.34486334305242,0.0,95.05023729075715,83.64847261691204,72.67611714960636,68.96994947951201,0.0
273,273,0.0,0.0,0.0,0.0,0.0,0.0,0.0,0.0,0.0,76.90721144938631,0.0,94.76984604423123,83.81910313559645,72.93392890516641,69.3823058878219,0.0
274,274,0.0,0.0,0.0,0.0,0.0,0.0,0.0,0.0,0.0,76.4697264173881,0.0,94.47831169833675,83.98117332960253,73.18822547828506,69.7966609118791,0.0
275,275,0.0,0.0,0.0,0.0,0.0,0.0,0.0,0.0,0.0,76.03255230045991,0.0,94.1759656514569,84.13453149829546,73.43885272489021,70.21294148980053,0.0
276,276,0.0,0.0,0.0,0.0,0.0,0.0,0.0,0.0,0.0,75.59584126660144,0.0,93.8631624419355,84.2790221756304,73.68567366289808,70.63107096127122,0.0
277,277,0.0,0.0,0.0,0.0,0.0,0.0,0.0,0.0,0.0,75.15975290889595,0.0,93.54024861509942,84.41450244989112,73.92852573330167,71.05096324113825,0.0
278,278,0.0,0.0,0.0,0.0,0.0,0.0,0.0,0.0,0.0,74.72441550647105,0.0,93.20757231027572,84.5408423534249,74.16725761676665,71.47253980350412,0.0
279,279,0.0,0.0,0.0,0.0,0.0,0.0,0.0,0.0,0.0,74.2899652154122,0.0,92.86550225990311,84.65790893425698,74.4017234821055,71.89571265440524,0.0
280,280,0.0,0.0,0.0,0.0,0.0,0.0,0.0,0.0,0.0,73.85653921182148,0.0,92.51438756421602,84.76558270751289,74.63176433052847,72.32037795944437,0.0
281,281,0.0,0.0,0.0,0.0,0.0,0.0,0.0,0.0,0.0,73.42424478575222,0.0,92.15459645659293,84.86376617100763,74.85723958825116,72.74643930979501,0.0
282,282,0.0,0.0,0.0,0.0,0.0,0.0,0.0,0.0,0.0,72.99320325446833,0.0,91.78649584921648,84.95233498250272,75.07798939438084,73.17379616424623,67.2325302764128
283,283,0.0,0.0,0.0,0.0,0.0,0.0,0.0,0.0,0.0,72.56353102057967,0.0,91.41045079063808,85.03121176917003,75.29386639907682,73.60232529818978,67.42496769539545
284,284,0.0,0.0,0.0,0.0,0.0,0.0,0.0,0.0,0.0,72.13532784235939,0.0,91.0268145342101,85.1003173178082,75.50471685688278,74.03192323831784,67.6141353496688
285,285,0.0,0.0,0.0,0.0,0.0,0.0,0.0,0.0,0.0,71.70868931672538,0.0,90.63595645807453,85.15957064867013,75.7104001483924,74.46245721370285,67.79993748537582
286,286,0.0,0.0,0.0,0.0,0.0,0.0,0.0,0.0,0.0,71.28371851517635,0.0,90.23824229029582,85.20892211004015,75.91076310243494,74.89379549159777,67.98225724887857
287,287,0.0,0.0,0.0,0.0,0.0,0.0,0.0,0.0,0.0,70.86049685930979,0.0,89.834015323233,85.24830409155048,76.10566614467982,75.32582055283845,68.16100900600568
288,288,0.0,0.0,0.0,0.0,0.0,0.0,0.0,0.0,0.0,70.43911343090592,0.0,89.4236331826308,85.27768060213795,76.2949639601664,75.75837795114394,68.3360808838278
289,289,0.0,0.0,0.0,0.0,0.0,0.0,0.0,0.0,0.0,70.0196476722724,0.0,89.00744860856577,85.29702264926738,76.47851214530917,76.19132056182094,68.50738217644995
290,290,0.0,0.0,0.0,0.0,0.0,0.0,0.0,0.0,0.0,69.60217532107761,0.0,88.58580909697741,85.30630829486552,76.65617406247756,76.62450258289878,68.67480645215414
291,291,0.0,0.0,0.0,0.0,0.0,0.0,0.0,0.0,0.0,69.18676306269673,0.0,88.15905656986334,85.30552269892715,76.82782116997598,77.05775960693538,68.83825817616633
292,292,0.0,0.0,0.0,0.0,0.0,0.0,0.0,0.0,0.0,68.7734796958024,0.0,87.727518328073,85.29468295239403,76.99330639442533,77.49092827791911,68.99763683093855
293,293,0.0,0.0,0.0,0.0,0.0,0.0,0.0,0.0,0.0,68.362385275488,0.0,87.29152452862081,85.27378019249007,77.15251122656711,77.92383971845409,69.15285318778544
294,294,0.0,0.0,0.0,0.0,0.0,0.0,0.0,0.0,0.0,67.95354201660167,0.0,86.85140750601447,85.24285398499687,77.30529891806842,78.35629855530574,69.30380781109042
295,295,0.0,0.0,0.0,0.0,0.0,0.0,0.0,0.0,0.0,67.5469985107422,0.0,86.40746717620888,85.20191789517182,77.45156196917075,78.7881381592978,69.45040735820753
296,296,0.0,0.0,0.0,0.0,0.0,0.0,0.0,0.0,0.0,67.1428109276756,0.0,85.96003092998203,85.15104198265686,77.59116807948722,79.21915122980981,69.59255929009262
297,297,0.0,0.0,0.0,0.0,0.0,0.0,0.0,0.0,0.0,0.0,0.0,85.50938523804841,85.09025368498816,77.7240078773282,79.64914551401078,69.73017196807467
298,298,0.0,0.0,0.0,0.0,0.0,0.0,0.0,0.0,0.0,0.0,0.0,85.05582658508781,85.01962842364624,77.84997478280079,80.07791581208515,69.86316584459685
299,299,0.0,0.0,0.0,0.0,0.0,0.0,0.0,0.0,0.0,0.0,0.0,84.5996523338833,84.93923996947207,77.96895825409074,80.50524359011304,69.99144593180685
