,time,601,646,1004,982,579,1049,624,1027,960,1005,602,669,647,1050,983,580
0,0,97.24424184245127,70.48536059109024,96.72412959274745,0.0,0.0,0.0,0.0,0.0,0.0,0.0,0.0,0.0,0.0,0.0,0.0,0.0
1,1,97.0367512360332,70.81625226551652,96.45261529622297,0.0,0.0,0.0,0.0,0.0,0.0,0.0,0.0,0.0,0.0,0.0,0.0,0.0
2,2,96.81591169508708,71.14608336364454,96.16900916523441,0.0,0.0,0.0,0.0,0.0,0.0,0.0,0.0,0.0,0.0,0.0,0.0,0.0
3,3,96.5819854841666,71.47472832293322,95.87365247130137,67.54192818696589,0.0,0.0,0.0,0.0,0.0,0.0,0.0,0.0,0.0,0.0,0.0,0.0
4,4,96.3352958730616,71.80204111988664,95.5669012291098,67.92965914672475,0.0,0.0,0.0,0.0,0.0,0.0,0.0,0.0,0.0,0.0,0.0,0.0
5,5,96.07614121533261,72.12788404983644,95.249114859717,68.31902437948858,0.0,0.0,0.0,0.0,0.0,0.0,0.0,0.0,0.0,0.0,0.0,0.0
6,6,95.80484726802136,72.45211635513492,94.92065550047401,68.70996034420254,0.0,0.0,0.0,0.0,0.0,0.0,0.0,0.0,0.0,0.0,0.0,0.0
7,7,95.52174519965239,72.77458823848531,94.58190766333786,69.10238979621548,0.0,0.0,0.0,0.0,0.0,0.0,0.0,0.0,0.0,0.0,0.0,0.0
8,8,95.22716060417739,73.0951527780062,94.233236469419,69.49623208013989,0.0,0.0,0.0,0.0,0.0,0.0,0.0,0.0,0.0,0.0,0.0,0.0
9,9,94.92145411469942,73.41365398860137,93.87503781670557,69.89140860653924,0.0,0.0,0.0,0.0,0.0,0.0,0.0,0.0,0.0,0.0,0.0,0.0
10,10,94.60497906004794,73.72993278595003,93.50767698028008,70.28783748046217,0.0,0.0,0.0,0.0,0.0,0.0,0.0,0.0,0.0,0.0,0.0,0.0
11,11,94.27810132903197,74.04383950627567,93.13155816822501,70.6854164017637,67.27367911188958,0.0,0.0,0.0,0.0,0.0,0.0,0.0,0.0,0.0,0.0,0.0
12,12,93.94117830419947,74.35520308560574,92.74704413589423,71.0840503465711,67.62654867678283,0.0,0.0,0.0,0.0,0.0,0.0,0.0,0.0,0.0,0.0,0.0
13,13,93.59457849149788,74.66386202050423,92.35454447852584,71.48364632881113,67.9799517852192,67.49507151754769,0.0,0.0,0.0,0.0,0.0,0.0,0.0,0.0,0.0,0.0
14,14,93.23868053281244,74.96965219959681,91.95441694159817,71.88409604401397,68.3337885036632,67.73689941424517,0.0,0.0,0.0,0.0,0.0,0.0,0.0,0.0,0.0,0.0
15,15,92.87386241391621,75.27239411462259,91.5470547179867,72.28528109035118,68.6879661805432,67.97624971631502,0.0,0.0,0.0,0.0,0.0,0.0,0.0,0.0,0.0,0.0
16,16,92.50049114607373,75.57191840259514,91.1328465251408,72.68710259049399,69.0423891240035,68.21301964852776,0.0,0.0,0.0,0.0,0.0,0.0,0.0,0.0,0.0,0.0
17,17,92.11895152721706,75.86805338524547,90.71214808840641,73.0894217513787,69.39694214992042,68.44707357259267,0.0,0.0,0.0,0.0,0.0,0.0,0.0,0.0,0.0,0.0
18,18,91.72960655399699,76.16061859039158,90.28533860490273,73.4921253187721,69.75152841055052,68.67830628682778,0.0,0.0,0.0,0.0,0.0,0.0,0.0,0.0,0.0,0.0
19,19,91.33283563857064,76.44943126401229,89.85278234245794,73.89508376007744,70.1060313891789,68.9065956218785,0.0,0.0,0.0,0.0,0.0,0.0,0.0,0.0,0.0,0.0
20,20,90.92902390379378,76.73431988671922,89.41484688825156,74.29815681470293,70.4603365954334,69.13181827287507,0.0,0.0,0.0,0.0,0.0,0.0,0.0,0.0,0.0,0.0
21,21,90.5185240502061,77.01509784724423,88.97188437901417,74.70119944659993,70.81432042594814,69.35385534929439,0.0,0.0,0.0,0.0,0.0,0.0,0.0,0.0,0.0,0.0
22,22,90.10171254686826,77.2915766761425,88.52423164739268,75.10406820814922,71.16785561465453,69.5725871357124,0.0,0.0,0.0,0.0,0.0,0.0,0.0,0.0,0.0,0.0
23,23,89.67894225318139,77.56357988004262,88.07224566311746,75.50661506590355,71.52082284056489,69.78788764594194,0.0,0.0,0.0,0.0,0.0,0.0,0.0,0.0,0.0,0.0
24,24,89.25057006266101,77.83092293323523,87.61625831184577,75.90867427398096,71.87308780833146,69.99964125183858,0.0,0.0,0.0,0.0,0.0,0.0,0.0,0.0,0.0,0.0
25,25,88.81695612583667,78.09341321106271,87.15658571998767,76.31008812427721,72.224506595821,70.207720711134,0.0,0.0,0.0,0.0,0.0,0.0,0.0,0.0,0.0,0.0
26,26,88.37844534079382,78.35086389395424,86.69356268772111,76.71068755963601,72.57494331938162,70.41200383841436,0.0,0.0,0.0,0.0,0.0,0.0,0.0,0.0,0.0,0.0
27,27,87.93536750488391,78.60309438945404,86.22749046059394,77.11029857107607,72.92425258441894,70.61236810933619,0.0,0.0,0.0,0.0,0.0,0.0,0.0,0.0,0.0,0.0
28,28,87.48807229378018,78.84992368581818,85.75867139547778,77.50873536659299,73.27228530762453,70.80869646661385,0.0,0.0,0.0,0.0,0.0,0.0,0.0,0.0,0.0,0.0
29,29,87.03687604079538,79.09115633247836,85.28740838993558,77.90581381873848,73.61889489171037,71.00086612988399,0.0,0.0,0.0,0.0,0.0,0.0,0.0,0.0,0.0,0.0
30,30,86.58209694754818,79.32661797454625,84.81398798552031,78.30134486118952,73.96391267080831,71.18876007138938,0.0,0.0,0.0,0.0,0.0,0.0,0.0,0.0,0.0,0.0
31,31,86.12404602938787,79.55612024328985,84.33868075710451,78.69513451234145,74.30718471947054,71.37225570635378,0.0,0.0,0.0,0.0,0.0,0.0,0.0,0.0,0.0,0.0
32,32,85.66303530027669,79.77948949104675,83.86175770432251,79.08696969378335,74.64854109605776,71.55123068116772,0.0,0.0,0.0,0.0,0.0,0.0,0.0,0.0,0.0,0.0
33,33,85.19935244619442,79.996538331614,83.38348976581368,79.47665346210238,74.98782087011607,71.7255805370681,0.0,0.0,0.0,0.0,0.0,0.0,0.0,0.0,0.0,0.0
34,34,84.73328609452633,80.20710202899359,82.90410830366606,79.86396263019982,75.32484696216603,71.89517813746065,0.0,0.0,0.0,0.0,0.0,0.0,0.0,0.0,0.0,0.0
35,35,84.26511720990537,80.41099521673367,82.42387639865356,80.24869069245592,75.6594451445809,72.05991454349225,0.0,0.0,0.0,0.0,0.0,0.0,0.0,0.0,0.0,0.0
36,36,83.79511902953826,80.60804849380197,81.94301031243472,80.63059724091259,75.99143127529251,72.21967584034364,0.0,0.0,0.0,0.0,0.0,0.0,0.0,0.0,0.0,0.0
37,37,83.3235491287008,80.79810903043739,81.46174963545867,81.00946632436485,76.32062433045998,72.37435503552388,0.0,0.0,0.0,0.0,0.0,0.0,0.0,0.0,0.0,0.0
38,38,82.85066544148107,80.98099642883008,80.98030338166384,81.38506278903836,76.64684010336872,72.52384633515577,0.0,0.0,0.0,0.0,0.0,0.0,0.0,0.0,0.0,0.0
39,39,82.37671809282921,81.15656216744831,80.49887347315133,81.75714689854729,76.96989130276964,72.66803926683563,0.0,0.0,0.0,0.0,0.0,0.0,0.0,0.0,0.0,0.0
40,40,81.90192653806699,81.32465291238832,80.01767663220149,82.12548213724102,77.28957408438423,72.80683073685974,0.0,0.0,0.0,0.0,0.0,0.0,0.0,0.0,0.0,0.0
41,41,81.4265411846655,81.48511058686965,79.53688563743707,82.489804775691,77.6057086759302,72.94013132041779,0.0,0.0,0.0,0.0,0.0,0.0,0.0,0.0,0.0,0.0
42,42,80.95076675554387,81.63780275564693,79.05669550918441,82.84988542237436,77.91808542513878,73.06782919797098,0.0,0.0,0.0,0.0,0.0,0.0,0.0,0.0,0.0,0.0
43,43,80.47481604645884,81.78257767160913,78.57727275608981,83.20545222636044,78.22650555799322,73.18984464291091,0.0,0.0,0.0,0.0,0.0,0.0,0.0,0.0,0.0,0.0
44,44,79.99889456072971,81.91930985215612,78.09879142120275,83.55626080415685,78.5307748720796,73.30607569085562,0.0,0.0,0.0,0.0,0.0,0.0,0.0,0.0,0.0,0.0
45,45,79.52319339118887,82.04787008391072,77.6214049491937,83.90204779155985,78.83068298007932,73.41644686922653,0.0,0.0,0.0,0.0,0.0,0.0,0.0,0.0,0.0,0.0
46,46,79.04791102870168,82.16814085337404,77.1452606685759,84.24255460951805,79.12602428863232,73.5208605416215,0.0,0.0,0.0,0.0,0.0,0.0,0.0,0.0,0.0,0.0
47,47,78.57321049959526,82.28000896852097,76.67051326116722,84.57750365269095,79.41659128106903,73.61925210369104,0.0,0.0,0.0,0.0,0.0,0.0,0.0,0.0,0.0,0.0
48,48,78.09926967420446,82.38336574993953,76.19729106507967,84.90663887903939,79.70217471006524,73.71154110813073,0.0,0.0,0.0,0.0,0.0,0.0,0.0,0.0,0.0,0.0
49,49,77.62625270467949,82.47811494768685,75.7257300110964,85.22969402539844,79.98257107064941,73.79765588454961,0.0,0.0,0.0,0.0,0.0,0.0,0.0,0.0,0.0,0.0
50,50,77.15431054995769,82.56416525705555,75.25594718674455,85.54639258639408,80.2575684255052,73.87752751392213,0.0,0.0,0.0,0.0,0.0,0.0,0.0,0.0,0.0,0.0
51,51,76.68359486070032,82.64143047808443,74.78806083396846,85.85646457713496,80.52696111288992,73.95109614012254,0.0,0.0,0.0,0.0,0.0,0.0,0.0,0.0,0.0,0.0
52,52,76.21424447693558,82.70982966850464,74.32217751818317,86.15965560419116,80.7905353887792,74.01830489502396,0.0,0.0,0.0,0.0,0.0,0.0,0.0,0.0,0.0,0.0
53,53,75.74639247046429,82.76931064450957,73.85839884559323,86.45567682710809,81.0480843548462,74.079093743305,0.0,0.0,0.0,0.0,0.0,0.0,0.0,0.0,0.0,0.0
54,54,75.28016625966902,82.81980349495807,73.39682770570107,86.7442811121918,81.29940093427793,74.1334307401684,0.0,0.0,0.0,0.0,0.0,0.0,0.0,0.0,0.0,0.0
55,55,74.81568772748113,82.8612673574346,72.93755592051961,87.02518736374502,81.54427812603464,74.18125599825001,0.0,0.0,0.0,0.0,0.0,0.0,0.0,0.0,0.0,0.0
56,56,74.35306705979161,82.893651589693,72.48066475312221,87.29814041072585,81.78251686810879,74.22253789292505,0.0,0.0,0.0,0.0,0.0,0.0,0.0,0.0,0.0,0.0
57,57,73.89241566566234,82.91692703838075,72.0262371938578,87.56287735993148,82.0139035934019,74.25724193751995,0.0,0.0,0.0,0.0,0.0,0.0,0.0,0.0,0.0,0.0
58,58,73.43383365417522,82.93107833679085,71.5743460626139,87.81914525226749,82.23825619011093,74.28534334136994,0.0,0.0,0.0,0.0,0.0,0.0,0.0,0.0,0.0,0.0
59,59,72.97741034020244,82.93608050303749,71.12505449553181,88.06669290653812,82.45537103042977,74.30681452596896,0.0,0.0,0.0,0.0,0.0,0.0,0.0,0.0,0.0,0.0
60,60,72.52324266911576,82.93193804117212,70.67844480113857,88.3052624618042,82.66505369611893,74.32164397449517,0.0,0.0,0.0,0.0,0.0,0.0,0.0,0.0,0.0,0.0
61,61,72.07140507217255,82.91864587820834,70.2345554811087,88.53461628040925,82.86711166305629,74.32981744850231,0.0,0.0,0.0,0.0,0.0,0.0,0.0,0.0,0.0,0.0
62,62,71.62199149993461,82.89622062000156,69.79346132026546,88.75452887633641,83.0613702709764,74.3313305544678,0.0,0.0,0.0,0.0,0.0,0.0,0.0,0.0,0.0,0.0
63,63,71.17506226402536,82.86468488867365,69.35519997704974,88.96475155885452,83.24764974383847,74.32617620118069,0.0,0.0,0.0,0.0,0.0,0.0,0.0,0.0,0.0,0.0
64,64,70.73068576052246,82.82407507625932,68.91982814840851,89.16507545847821,83.42577319812416,74.31436343794122,0.0,0.0,0.0,0.0,0.0,0.0,0.0,0.0,0.0,0.0
65,65,70.28893785507395,82.77442567482086,68.4873776595575,89.35527831275303,83.59556692708586,74.29589861311509,0.0,0.0,0.0,0.0,0.0,0.0,0.0,0.0,0.0,0.0
66,66,69.84986248308323,82.71578480360641,68.05789902017507,89.53515180583244,83.75687662992785,74.27079791228164,0.0,0.0,0.0,0.0,0.0,0.0,0.0,0.0,0.0,0.0
67,67,69.41352277966452,82.64820631321471,67.63141860589512,89.7045113010355,83.90953598503359,74.23908105515669,0.0,0.0,0.0,0.0,0.0,0.0,0.0,0.0,0.0,0.0
68,68,68.97997276231712,82.57176518541677,67.20797599819883,89.86315067558708,84.05340677054012,74.20077752296557,0.0,0.0,0.0,0.0,0.0,0.0,0.0,0.0,0.0,0.0
69,69,68.5492524431382,82.48653407331254,0.0,90.01090666247434,84.18834731864419,74.15591398891488,0.0,0.0,0.0,0.0,0.0,0.0,0.0,0.0,0.0,0.0
70,70,68.12140441874135,82.39259095861158,0.0,90.14761364412816,84.31422070473658,74.10452679291271,0.0,0.0,0.0,0.0,0.0,0.0,0.0,0.0,0.0,0.0
71,71,67.69646842140529,82.2900344056504,0.0,90.27309457604369,84.43089499147295,74.046655619691,0.0,0.0,0.0,0.0,0.0,0.0,0.0,0.0,0.0,0.0
72,72,0.0,82.1789525134526,0.0,90.38723535028339,84.53825158948725,73.98234966092964,0.0,0.0,0.0,0.0,0.0,0.0,0.0,0.0,0.0,0.0
73,73,0.0,82.0594535660987,0.0,90.48988343669062,84.63619372570737,73.91165507849502,0.0,0.0,0.0,0.0,0.0,0.0,0.0,0.0,0.0,0.0
74,74,0.0,81.93165038275116,0.0,90.58092221672104,84.72460603780277,73.83463357801124,0.0,0.0,0.0,0.0,0.0,0.0,0.0,0.0,0.0,0.0
75,75,0.0,81.79566012676283,0.0,90.66024352577688,84.80341171834743,73.75134365729225,0.0,0.0,0.0,0.0,0.0,0.0,0.0,0.0,0.0,0.0
76,76,0.0,81.6516192629531,0.0,90.72775723973996,84.87251569466417,73.66184675439625,67.31933269711465,67.43167389858598,0.0,0.0,0.0,0.0,0.0,0.0,0.0,0.0
77,77,0.0,81.49964533762292,0.0,90.78339154990255,84.93185376896683,73.56620716210499,67.73187352673554,67.83082345155141,0.0,0.0,0.0,0.0,0.0,0.0,0.0,0.0
78,78,0.0,81.33988982142198,0.0,90.82707443619351,84.981368317845,73.4645103385854,68.14700548118755,68.23201241326393,0.0,0.0,0.0,0.0,0.0,0.0,0.0,0.0
79,79,0.0,81.17248488900401,0.0,90.858743151006,85.02099197276236,73.35683197184164,68.56469320338455,68.6351862025805,0.0,0.0,0.0,0.0,0.0,0.0,0.0,0.0
80,80,0.0,80.99759584408699,0.0,90.87837251705828,85.0506969807969,73.2432441430374,68.98488274686515,69.04027119018524,0.0,0.0,0.0,0.0,0.0,0.0,0.0,0.0
81,81,0.0,80.81535344778501,0.0,90.8859375287246,85.07044606301709,73.12383962645683,69.40752787737583,69.44721202983547,0.0,0.0,0.0,0.0,0.0,0.0,0.0,0.0
82,82,0.0,80.62593578767232,0.0,90.88143215917965,85.0802253349768,72.99870120379006,69.83256848154635,69.85592295272731,0.0,0.0,0.0,0.0,0.0,0.0,0.0,0.0
83,83,0.0,80.42949349526471,0.0,90.8648506156042,85.08001146646518,72.86793192445947,70.25994102316677,70.26633095330091,0.0,0.0,0.0,0.0,0.0,0.0,0.0,0.0
84,84,0.0,80.22620142155358,0.0,90.83622486713912,85.06982105563141,72.73161258051927,70.68958412273383,70.67835397502692,0.0,0.0,0.0,0.0,0.0,0.0,0.0,0.0
85,85,0.0,80.01622874603022,0.0,90.79557767757706,85.04964483075025,72.58985593058297,71.12142731006234,71.09190624302461,0.0,0.0,0.0,0.0,0.0,0.0,0.0,0.0
86,86,0.0,79.79973892789958,0.0,90.7429600477308,85.01952164152601,72.44275232078178,71.5553963990072,71.50689818108391,0.0,0.0,0.0,0.0,0.0,0.0,0.0,0.0
87,87,0.0,79.57691846160093,0.0,90.67845101833447,84.97947262898099,72.29040567486257,71.9914074982814,71.92322457315814,0.0,0.0,0.0,0.0,0.0,0.0,0.0,0.0
88,88,0.0,79.34794026723124,0.0,90.60210141278533,84.92955045534302,72.13293312670527,72.42939039803572,72.34079353247,0.0,0.0,0.0,0.0,0.0,0.0,0.0,0.0
89,89,0.0,79.11298520982741,0.0,90.5140271027797,84.86979815647368,71.97043519949673,72.86924128049144,72.75949736747044,0.0,0.0,0.0,0.0,0.0,0.0,0.0,0.0
90,90,0.0,78.87223459829161,0.0,90.41430609126317,84.80027367361049,71.80302537151742,73.31087576838962,73.179217900435,0.0,0.0,0.0,0.0,0.0,0.0,0.0,0.0
91,91,0.0,78.62587699124501,0.0,90.30307147426538,84.72106599896198,71.63081218921995,73.75418701681579,73.59984450360125,0.0,0.0,0.0,0.0,0.0,0.0,0.0,0.0
92,92,0.0,78.37409379954043,0.0,90.18045518994668,84.63224596284952,71.45391668960501,74.19907578305741,74.02124981852177,0.0,0.0,0.0,0.0,0.0,0.0,0.0,0.0
93,93,0.0,78.11706623546046,0.0,90.04658785339066,84.53390693431639,71.27245467031386,74.6454257452752,74.4433078680824,0.0,0.0,0.0,0.0,0.0,0.0,0.0,0.0
94,94,0.0,77.85498200222841,0.0,89.90161698274237,84.42614827476605,71.08653671078395,75.09312187110214,74.8658816014799,0.0,0.0,0.0,0.0,0.0,0.0,0.0,0.0
95,95,0.0,77.58803486700485,0.0,89.74572486551145,84.30908323069342,70.8962910524772,75.5420377275822,75.28884179153563,0.0,0.0,0.0,0.0,0.0,0.0,0.0,0.0
96,96,0.0,77.31639705941141,0.0,89.57908214422191,84.18282251419843,70.70182893580008,75.99204812300073,75.7120220968978,0.0,0.0,0.0,0.0,0.0,0.0,0.0,0.0
97,97,0.0,77.0402670215655,0.0,89.40186595917281,84.04750632481363,70.50327319457541,76.44300947789078,76.13528964113631,0.0,0.0,0.0,0.0,0.0,0.0,0.0,0.0
98,98,0.0,76.7598147018073,0.0,89.21427769079386,83.90325573235624,70.30074659392884,76.89478582573946,76.55848054383665,0.0,0.0,0.0,0.0,0.0,0.0,0.0,0.0
99,99,0.0,76.4752421831874,0.0,89.01651519360182,83.75022067707295,70.09437171666612,77.3472291146221,76.98142534433224,0.0,0.0,0.0,0.0,0.0,0.0,0.0,0.0
100,100,0.0,76.18671632655358,0.0,88.80879949879544,83.58854753310248,69.8842653035423,77.80017872822877,77.40395576434295,0.0,0.0,0.0,0.0,0.0,0.0,0.0,0.0
101,101,0.0,75.89442223430592,0.0,88.591347242846,83.41839481774598,69.67055486421604,78.25346796249667,77.82589815950594,0.0,0.0,0.0,0.0,0.0,0.0,0.0,0.0
102,102,0.0,75.59853637797275,0.0,88.36438822773471,83.23991702115363,69.45335630976639,78.70693802553092,78.24705957775575,0.0,0.0,0.0,0.0,0.0,0.0,0.0,0.0
103,103,0.0,75.29924604918547,0.0,88.12815596440343,83.05329586622983,69.2328014313567,79.16039605385426,78.66726215400261,0.0,0.0,0.0,0.0,0.0,0.0,0.0,0.0
104,104,0.0,74.99672315453944,0.0,87.88288726443143,82.85870049310343,69.00900481251547,79.61366383980862,79.08630868608523,0.0,0.0,0.0,0.0,0.0,0.0,0.0,0.0
105,105,0.0,74.69113095443214,0.0,87.62883928831043,82.65631083281399,68.78208576829081,80.06654986048859,79.50398906747874,0.0,0.0,0.0,0.0,0.0,0.0,0.0,0.0
106,106,0.0,74.3826556552161,0.0,87.36625393061273,82.4463016931285,68.55216808306092,80.5188561893884,79.92009443648978,0.0,0.0,0.0,0.0,0.0,0.0,0.0,0.0
107,107,0.0,74.07144915150734,0.0,87.09540103621754,82.22887341677882,68.31936913894536,80.97037100900032,80.33441757410324,0.0,0.0,0.0,0.0,0.0,0.0,0.0,0.0
108,108,0.0,73.75769206817323,0.0,86.81651723702488,82.00421278005835,68.08381055184559,81.42088323523659,80.74673108787685,0.0,0.0,0.0,0.0,0.0,0.0,0.0,0.0
109,109,0.0,73.44153719813859,0.0,86.52988324267197,81.77252352144824,67.84561268250373,81.87016768312822,81.15680915773434,0.0,0.0,0.0,0.0,0.0,0.0,0.0,0.0
110,110,0.0,73.12314694104687,0.0,86.23576289202606,81.53399541408336,67.6048841763163,82.31799234648466,81.5644128534763,0.0,0.0,0.0,0.0,0.0,0.0,0.0,0.0
111,111,0.0,72.80268066088618,0.0,85.93441173207837,81.28883447053026,67.36174804960947,82.76411840648599,81.96930510335304,0.0,0.0,0.0,0.0,0.0,0.0,0.0,0.0
112,112,0.0,72.48028865604414,0.0,85.62611028117571,81.03723983477612,0.0,83.20830812263429,82.3712511603348,0.0,0.0,0.0,0.0,0.0,0.0,0.0,0.0
113,113,0.0,72.15612420594441,0.0,85.31111314909882,80.77942599425016,0.0,83.65030143576236,82.76998015589726,0.0,0.0,0.0,0.0,0.0,0.0,0.0,0.0
114,114,0.0,71.83033153289519,0.0,84.98970707041929,80.51559257646237,0.0,84.0898392909392,83.1652466043299,0.0,0.0,0.0,0.0,0.0,0.0,0.0,0.0
115,115,0.0,71.50305183963134,0.0,84.66214416885634,80.2459538485458,0.0,84.52666412830534,83.55678443109224,0.0,0.0,0.0,0.0,0.0,0.0,0.0,0.0
116,116,0.0,71.17443479006373,0.0,84.32869947129738,79.97071617774873,0.0,84.96048758051455,83.94433040946326,0.0,0.0,0.0,0.0,0.0,0.0,0.0,0.0
117,117,0.0,70.8446094336682,0.0,83.98964560378153,79.69007804194233,0.0,85.3910307590137,84.3276166236564,0.0,0.0,0.0,0.0,0.0,0.0,0.0,0.0
118,118,0.0,70.51370758430214,0.0,83.64523659863109,79.40426588590617,0.0,85.81800847998949,84.70635435305473,0.0,0.0,0.0,0.0,0.0,0.0,0.0,0.0
119,119,0.0,70.18186353902254,0.0,83.29574770475254,79.11348307717645,0.0,86.2411294138308,85.08026646365998,0.0,0.0,0.0,0.0,0.0,0.0,0.0,0.0
120,120,0.0,69.84920271500677,0.0,82.9414272353445,78.8179316526723,0.0,86.66008772167379,85.44908006782714,0.0,0.0,0.0,0.0,0.0,0.0,0.0,0.0
121,121,0.0,69.51585289276397,0.0,82.58254383326585,78.5178261340517,0.0,87.07458007046905,85.81249365548254,0.0,0.0,0.0,0.0,0.0,0.0,0.0,0.0
122,122,0.0,69.18192219769584,0.0,82.21934682895396,78.21336499315545,0.0,87.48429756272724,86.17022693320946,0.0,0.0,0.0,0.0,0.0,0.0,0.0,0.0
123,123,0.0,68.84753221106118,0.0,81.85208194025896,77.90475859971154,0.0,87.88891719755402,86.52197963075959,0.0,0.0,0.0,0.0,0.0,0.0,0.0,0.0
124,124,0.0,68.51279585460215,0.0,81.48100617561212,77.59220797885965,0.0,88.28811059129256,86.86745684464229,0.0,0.0,0.0,0.0,0.0,0.0,0.0,0.0
125,125,0.0,68.17782294730713,0.0,81.10636454545873,77.27590492499539,0.0,88.68156214587209,87.20636971180079,0.0,0.0,0.0,0.0,0.0,0.0,0.0,0.0
126,126,0.0,67.84271499144373,0.0,80.72838284261331,76.95605905223192,0.0,89.06893409182278,87.53840996425846,0.0,0.0,0.0,0.0,0.0,0.0,0.0,0.0
127,127,0.0,67.50757580755554,0.0,80.34730487748315,76.63285677275528,0.0,89.4499024132059,87.8632935016408,67.23899274766337,0.0,0.0,0.0,0.0,0.0,0.0,0.0
128,128,0.0,0.0,0.0,79.96336224130035,76.30650171282083,0.0,89.8241213082924,88.18070872639301,67.51033617769212,0.0,0.0,0.0,0.0,0.0,0.0,0.0
129,129,0.0,0.0,0.0,79.57677454172594,75.9771678250163,0.0,90.19125979049186,88.49036938192997,67.78002025236196,0.0,0.0,0.0,0.0,0.0,0.0,0.0
130,130,0.0,0.0,0.0,79.18776390672113,75.6450524396432,0.0,90.55096558198959,88.79198006620047,68.04792089243611,0.0,0.0,0.0,0.0,0.0,0.0,0.0
131,131,0.0,0.0,0.0,78.79654749345495,75.31032990716974,0.0,90.9029117648821,89.08523634920603,68.31392764949553,0.0,0.0,0.0,0.0,0.0,0.0,0.0
132,132,0.0,0.0,0.0,78.4033304309252,74.97319069456611,0.0,91.24675101944914,89.3698612329791,68.57792833403873,0.0,0.0,0.0,0.0,0.0,0.0,0.0
133,133,0.0,0.0,0.0,78.00831302679435,74.63380246332257,0.0,91.5821439796188,89.64556080785727,68.8397929048703,0.0,0.0,0.0,0.0,0.0,0.0,0.0
134,134,0.0,0.0,0.0,77.61170440947372,74.29234222395984,0.0,91.90875048591529,89.91204252267443,69.09941088826115,0.0,0.0,0.0,0.0,0.0,0.0,0.0
135,135,0.0,0.0,0.0,77.21369469108468,73.94897705455678,0.0,92.22623976956854,90.16905262860207,69.35665398280585,0.0,0.0,0.0,0.0,0.0,0.0,0.0
136,136,0.0,0.0,0.0,76.8144623476455,73.60387049298618,0.0,92.5342621249589,90.41629408475028,69.61139753740188,0.0,0.0,0.0,0.0,0.0,0.0,0.0
137,137,0.0,0.0,0.0,76.41420109300095,73.25718249213276,0.0,92.83250758114563,90.65351915931222,69.86352081817805,0.0,0.0,0.0,0.0,0.0,0.0,0.0
138,138,0.0,0.0,0.0,76.01307943237234,72.9090754234443,0.0,93.12063873985765,90.88045605465221,70.11288493168934,0.0,0.0,0.0,0.0,0.0,0.0,0.0
139,139,0.0,0.0,0.0,75.61126769421806,72.55969580996616,0.0,93.39833008031195,91.09685583342856,70.35937730991634,0.0,0.0,0.0,0.0,0.0,0.0,0.0
140,140,0.0,0.0,0.0,75.20893126570307,72.2091926569159,0.0,93.66527882397283,91.30248388407406,70.60285612622187,0.0,0.0,0.0,0.0,0.0,0.0,0.0
141,141,0.0,0.0,0.0,74.80623697000738,71.85771714728456,0.0,93.92117601265973,91.49709205605612,70.84319502809578,0.0,0.0,0.0,0.0,0.0,0.0,0.0
142,142,0.0,0.0,0.0,74.40332758736726,71.505404914794,0.0,94.16572697118293,91.68046648688266,71.0802665833089,0.0,0.0,0.0,0.0,0.0,0.0,0.0
143,143,0.0,0.0,0.0,74.00035402442096,71.15239387377889,0.0,94.39863190637287,91.8523998735777,71.31393081171056,0.0,0.0,0.0,0.0,0.0,0.0,0.0
144,144,0.0,0.0,0.0,73.59746235949785,70.79881254300726,0.0,94.61962694921807,92.01267265446106,71.5440581724737,0.0,0.0,0.0,0.0,0.0,0.0,0.0
145,145,0.0,0.0,0.0,73.19478779916082,70.4447972554707,0.0,94.82842413047184,92.16111102732829,71.77051248142224,0.0,0.0,0.0,0.0,0.0,0.0,0.0
146,146,0.0,0.0,0.0,72.79246710462915,70.0904636906309,0.0,95.02478311133169,92.29752021735227,71.99316850279244,0.0,0.0,0.0,0.0,0.0,0.0,0.0
147,147,0.0,0.0,0.0,72.39061449102158,69.73593537127095,0.0,95.20845078864514,92.42175238364102,72.2118827935495,0.0,0.0,0.0,0.0,0.0,0.0,0.0
148,148,0.0,0.0,0.0,71.98936389870835,69.38132670972934,0.0,95.37920278160439,92.53364912544134,72.4265290474825,0.0,0.0,0.0,0.0,0.0,0.0,0.0
149,149,0.0,0.0,0.0,71.58882696907305,69.02675414238965,0.0,95.53681321109109,92.63307082735122,72.63696876684631,0.0,0.0,0.0,0.0,0.0,0.0,0.0
150,150,0.0,0.0,0.0,71.18911712551288,68.67231980324756,0.0,95.68108624127726,92.719906858639,72.84307515650501,0.0,0.0,0.0,0.0,0.0,0.0,0.0
151,151,0.0,0.0,0.0,70.79033222868239,68.31813332501093,0.0,95.81183600628395,92.79402710155009,73.04470933850048,0.0,0.0,0.0,0.0,0.0,0.0,0.0
152,152,0.0,0.0,0.0,70.39258906822289,67.9642955751768,0.0,95.92888704395354,92.85536036585012,73.24173843594099,0.0,0.0,0.0,0.0,0.0,0.0,0.0
153,153,0.0,0.0,0.0,69.99597204997204,67.6108937745272,0.0,96.03209567241183,92.90381646766599,73.43404200243617,0.0,0.0,0.0,0.0,0.0,0.0,0.0
154,154,0.0,0.0,0.0,69.60057888699657,0.0,0.0,96.1213085867568,92.93934514303736,73.62148167749558,0.0,0.0,0.0,0.0,0.0,0.0,0.0
155,155,0.0,0.0,0.0,69.20649251272259,0.0,0.0,96.19642610600474,92.9618970311773,73.80393180382512,0.0,0.0,0.0,0.0,0.0,0.0,0.0
156,156,0.0,0.0,0.0,68.81380867931365,0.0,0.0,96.25733962214619,92.97144339856266,73.98126743866679,0.0,0.0,0.0,0.0,0.0,0.0,0.0
157,157,0.0,0.0,0.0,68.4225978691959,0.0,0.0,96.3039633239488,92.9679762297788,74.15336449403769,0.0,0.0,0.0,0.0,0.0,0.0,0.0
158,158,0.0,0.0,0.0,68.03293288736715,0.0,0.0,96.33624502335715,92.95148861809022,74.32010615613709,0.0,0.0,0.0,0.0,0.0,0.0,0.0
159,159,0.0,0.0,0.0,67.64489382518961,0.0,0.0,96.35412418097626,92.92201403819327,74.48135795088919,0.0,0.0,0.0,0.0,0.0,0.0,0.0
160,160,0.0,0.0,0.0,67.25854183481302,0.0,0.0,96.35759529985171,92.8795771952774,74.63701812899244,0.0,0.0,0.0,0.0,0.0,0.0,0.0
161,161,0.0,0.0,0.0,0.0,0.0,0.0,96.34664471714925,92.82425278322445,74.78696126723787,0.0,0.0,0.0,0.0,0.0,0.0,0.0
162,162,0.0,0.0,0.0,0.0,0.0,0.0,96.32129280687909,92.756086907394,74.93108256255788,0.0,0.0,0.0,0.0,0.0,0.0,0.0
163,163,0.0,0.0,0.0,0.0,0.0,0.0,96.28156229964135,92.67517530088627,75.0692727305919,0.0,0.0,0.0,0.0,0.0,0.0,0.0
164,164,0.0,0.0,0.0,0.0,0.0,0.0,96.2275098266877,92.5816141120471,75.20142445170897,0.0,0.0,0.0,0.0,0.0,0.0,0.0
165,165,0.0,0.0,0.0,0.0,0.0,0.0,96.15921518345266,92.47551920800603,75.32743251325442,0.0,0.0,0.0,0.0,0.0,0.0,0.0
166,166,0.0,0.0,0.0,0.0,0.0,0.0,96.07677058024473,92.3570355070821,75.44720688867294,0.0,0.0,0.0,0.0,0.0,0.0,0.0
167,167,0.0,0.0,0.0,0.0,0.0,0.0,95.98028041511472,92.22628809731718,75.56065360995746,0.0,0.0,0.0,0.0,0.0,0.0,0.0
168,168,0.0,0.0,0.0,0.0,0.0,0.0,95.86986102138442,92.08344015361193,75.66768130148412,67.37608064916854,0.0,0.0,0.0,0.0,0.0,0.0
169,169,0.0,0.0,0.0,0.0,0.0,0.0,95.74568206014244,91.92867296050755,75.76820130853406,67.79889799054853,0.0,0.0,0.0,0.0,0.0,0.0
170,170,0.0,0.0,0.0,0.0,0.0,0.0,95.60788252224893,91.76216622945817,75.86214090375431,68.22466475136258,0.0,0.0,0.0,0.0,0.0,0.0
171,171,0.0,0.0,0.0,0.0,0.0,0.0,95.45665378435736,91.58410740984117,75.94941734282506,68.65334895717123,0.0,0.0,0.0,0.0,0.0,0.0
172,172,0.0,0.0,0.0,0.0,0.0,0.0,95.29218696110509,91.39471977392269,76.02996410003331,69.08491611717335,0.0,0.0,0.0,0.0,0.0,0.0
173,173,0.0,0.0,0.0,0.0,0.0,0.0,95.11470346856304,91.19421414163186,76.10371137044797,69.5193126625557,0.0,0.0,0.0,0.0,0.0,0.0
174,174,0.0,0.0,0.0,0.0,0.0,0.0,94.92440296056269,90.98282647455504,76.17060588436972,69.95649818757023,67.46578871186956,0.0,0.0,0.0,0.0,0.0
175,175,0.0,0.0,0.0,0.0,0.0,0.0,94.72154502895413,90.7607795443355,76.23059130163908,70.39642386166783,67.88312716276222,0.0,0.0,0.0,0.0,0.0
176,176,0.0,0.0,0.0,0.0,0.0,0.0,94.50636639989382,90.52833881629877,76.28360823894177,70.83903198462792,68.30316920495731,0.0,0.0,0.0,0.0,0.0
177,177,0.0,0.0,0.0,0.0,0.0,0.0,94.27914168269412,90.28575544194825,76.32962079357652,71.28426130185636,68.72587614363177,0.0,0.0,0.0,0.0,0.0
178,178,0.0,0.0,0.0,0.0,0.0,0.0,94.04013183999028,90.03328469148714,76.36859022367493,71.73205274229599,69.1511957891951,0.0,0.0,0.0,0.0,0.0
179,179,0.0,0.0,0.0,0.0,0.0,0.0,93.78963411384782,89.77119464751493,76.40048160085402,72.18233191421228,69.57908370513998,0.0,0.0,0.0,0.0,0.0
180,180,0.0,0.0,0.0,0.0,0.0,0.0,93.5279408877906,89.4997745724428,76.42527713933241,72.63502624394292,70.00947594168115,0.0,0.0,0.0,0.0,0.0
181,181,0.0,0.0,0.0,0.0,0.0,0.0,93.2553492539996,89.2193067335433,76.44294307415643,73.09006523288322,70.44231610813247,0.0,0.0,0.0,0.0,0.0
182,182,0.0,0.0,0.0,0.0,0.0,0.0,92.97216043740865,88.93005721739671,76.45346950622961,73.54734999286674,70.87754454412047,0.0,0.0,0.0,0.0,0.0
183,183,0.0,0.0,0.0,0.0,0.0,0.0,92.678718270177,88.63232962927414,76.45684389102432,74.00680139324531,71.31509244543018,0.0,0.0,0.0,0.0,0.0
184,184,0.0,0.0,0.0,0.0,0.0,0.0,92.3753200857327,88.32641024907545,76.45307761863954,74.46832367149146,71.75488726206426,0.0,0.0,0.0,0.0,0.0
185,185,0.0,0.0,0.0,0.0,0.0,0.0,92.06230441991123,88.01259460228759,76.44215951880356,74.93180354379747,72.19684074829073,0.0,0.0,0.0,0.0,0.0
186,186,0.0,0.0,0.0,0.0,0.0,0.0,91.74000133023003,87.69117797851307,76.42410235549505,75.39714805146781,72.64088410559674,67.18329603387993,0.0,0.0,0.0,0.0
187,187,0.0,0.0,0.0,0.0,0.0,0.0,91.4087416672622,87.36246368501224,76.39892287936776,75.86423371218609,73.08692077992382,67.38837058978532,0.0,0.0,0.0,0.0
188,188,0.0,0.0,0.0,0.0,0.0,0.0,91.0688753904578,87.02674509886138,76.36664180122527,76.33294452685415,73.53486174986398,67.59040735432788,0.0,0.0,0.0,0.0
189,189,0.0,0.0,0.0,0.0,0.0,0.0,90.72074227711332,86.68431414828869,76.32729038032414,76.80315255994945,73.98460750240912,67.78930375686011,0.0,0.0,0.0,0.0
190,190,0.0,0.0,0.0,0.0,0.0,0.0,90.36467176727318,86.3354863572272,76.28089051005044,77.27471741601775,74.43604755076221,67.98495678319905,0.0,0.0,0.0,0.0
191,191,0.0,0.0,0.0,0.0,0.0,0.0,90.00101046589023,85.98053224880617,76.22749437367463,77.74750631499703,74.88907268861047,68.17725248926382,0.0,0.0,0.0,0.0
192,192,0.0,0.0,0.0,0.0,0.0,0.0,89.63010267739377,85.61976205295173,76.16713805181251,78.22136700194301,75.34356881423521,68.3660976561538,0.0,0.0,0.0,0.0
193,193,0.0,0.0,0.0,0.0,0.0,0.0,89.25227185065499,85.25346581980266,76.09987451303647,78.69614087539262,75.79941029781502,68.55137773857885,0.0,0.0,0.0,0.0
194,194,0.0,0.0,0.0,0.0,0.0,0.0,88.86788375272916,84.88192201222627,76.02575372407404,79.17167000132343,76.25646609338558,68.73298858532513,0.0,0.0,0.0,0.0
195,195,0.0,0.0,0.0,0.0,0.0,0.0,88.47724626636075,84.5054300500541,75.94484885076457,79.64777581323321,76.71459963391445,68.91083142014416,0.0,0.0,0.0,0.0
196,196,0.0,0.0,0.0,0.0,0.0,0.0,88.08070835306391,84.12426875218377,75.85721018041689,80.12428733771304,77.17367549802452,69.08480222277211,0.0,0.0,0.0,0.0
197,197,0.0,0.0,0.0,0.0,0.0,0.0,87.67858783272281,83.7387127589917,75.76291751286527,80.60101244030831,77.63353232219185,69.25479713420502,0.0,0.0,0.0,0.0
198,198,0.0,0.0,0.0,0.0,0.0,0.0,87.27121553332432,83.34904020738756,75.66204721208571,81.07775181344672,78.09401614363053,69.42071255312656,0.0,0.0,0.0,0.0
199,199,0.0,0.0,0.0,0.0,0.0,0.0,86.85890846186396,82.95550869826216,75.55468515031906,81.55431401469183,78.55496709751984,69.58245073661327,0.0,0.0,0.0,0.0
200,200,0.0,0.0,0.0,0.0,0.0,0.0,86.44197842506449,82.55840232979811,75.44090062718821,82.0304704046647,79.01620514618178,69.73990897198381,0.0,0.0,0.0,0.0
201,201,0.0,0.0,0.0,0.0,0.0,0.0,86.02074859556465,82.15796100372381,75.32079812656633,82.50601520417098,79.4775578858536,69.89299065435407,0.0,0.0,0.0,0.0
202,202,0.0,0.0,0.0,0.0,0.0,0.0,85.59550250104222,81.75445050789952,75.19446527720397,82.98071245353788,79.93883225898874,70.04160550960005,0.0,0.0,0.0,0.0
203,203,0.0,0.0,0.0,0.0,0.0,0.0,85.16655966004606,81.34812328492966,75.06199865195474,83.45431838638041,80.39983569197214,70.18564741793384,0.0,0.0,0.0,0.0
204,204,0.0,0.0,0.0,0.0,0.0,0.0,84.73419172921109,80.93920380473122,74.92350352859903,83.92659741641508,80.86036902834688,70.32503351427378,0.0,0.0,0.0,0.0
205,205,0.0,0.0,0.0,0.0,0.0,0.0,84.29869710615984,80.52794855142574,74.77908092600636,84.39729065515795,81.32021896947508,70.45967088608,0.0,0.0,0.0,0.0
206,206,0.0,0.0,0.0,0.0,0.0,0.0,83.86034317748937,80.11457841341817,74.6288465764059,84.86613139283065,81.77916521500904,70.58946777867538,0.0,0.0,0.0,0.0
207,207,0.0,0.0,0.0,0.0,0.0,0.0,83.41940699418643,79.69931621609383,74.47290531836406,85.33285340067904,82.23698043750449,70.71433938141828,0.0,0.0,0.0,0.0
208,208,0.0,0.0,0.0,0.0,0.0,0.0,82.97615086271152,79.28237914887843,74.31137632015638,85.7971663340889,82.69343804076692,70.83420232679086,0.0,0.0,0.0,0.0
209,209,0.0,0.0,0.0,0.0,0.0,0.0,82.53083816349752,78.86399286065782,74.14437392490657,86.25879717204454,83.14828902080701,70.94898050749322,0.0,0.0,0.0,0.0
210,210,0.0,0.0,0.0,0.0,0.0,0.0,82.08370224360877,78.44434872649165,73.97202008340345,86.71743183960587,83.6012849517497,71.05858231022434,0.0,0.0,0.0,0.0
211,211,0.0,0.0,0.0,0.0,0.0,0.0,81.63500063545426,78.0236468394394,73.79443169021366,87.17277396149241,84.05217041806786,71.16294073412823,0.0,0.0,0.0,0.0
212,212,0.0,0.0,0.0,0.0,0.0,0.0,81.184960928815,77.60208841329391,73.61173906478795,87.62452016862542,84.50067494914116,71.26198497019953,0.0,0.0,0.0,0.0
213,213,0.0,0.0,0.0,0.0,0.0,0.0,80.73380422547888,77.17985511060881,73.42407325052544,88.07232499328448,84.94652085596361,71.35564618983959,0.0,0.0,0.0,0.0
214,214,0.0,0.0,0.0,0.0,0.0,0.0,80.2817597834728,76.7571231918682,73.2315475848194,88.51588830019116,85.38943988796905,71.44384603006844,0.0,0.0,0.0,0.0
215,215,0.0,0.0,0.0,0.0,0.0,0.0,79.82902799359083,76.33407015951133,73.03430047622514,88.95485025815607,85.82914070985382,71.52653723939753,0.0,0.0,0.0,0.0
216,216,0.0,0.0,0.0,0.0,0.0,0.0,79.3758174356199,75.9108678742878,72.83246447513781,89.38889787856783,86.26532508401557,71.603651656046,0.0,0.0,0.0,0.0
217,217,0.0,0.0,0.0,0.0,0.0,0.0,78.92232993426218,75.48766964674259,72.62616629989077,89.81765790658719,86.69768801896079,71.67514089459372,0.0,0.0,0.0,0.0
218,218,0.0,0.0,0.0,0.0,0.0,0.0,78.46873961459544,75.06463022011594,72.415544753753,90.24078703092223,87.12592656690286,71.74094150365916,0.0,0.0,0.0,0.0
219,219,0.0,0.0,0.0,0.0,0.0,0.0,78.01524258263433,74.64190545856255,72.20072062882889,90.6579272424805,87.54971430936408,71.80101588646433,0.0,0.0,0.0,0.0
220,220,0.0,0.0,0.0,0.0,0.0,0.0,77.56200751981291,74.21963326898435,71.98183832780954,91.06872459906995,87.96874470500632,71.85531735880757,0.0,0.0,0.0,0.0
221,221,0.0,0.0,0.0,0.0,0.0,0.0,77.10920398240998,73.79795294541886,71.75902991576876,91.47279198972761,88.38268820164431,71.90380773967684,0.0,0.0,0.0,0.0
222,222,0.0,0.0,0.0,0.0,0.0,0.0,76.65698872184053,73.37699264395648,71.53242699038775,91.86977542850987,88.79120063057897,71.94644568206866,0.0,0.0,0.0,0.0
223,223,0.0,0.0,0.0,0.0,0.0,0.0,76.20551275875127,72.95687585392707,71.30216056890049,92.25929811222798,89.19395925802384,71.98319846708506,0.0,0.0,0.0,0.0
224,224,0.0,0.0,0.0,0.0,0.0,0.0,75.75492146581986,72.53773342828083,71.06836671891,92.64098932154687,89.59061872197557,72.01404797674077,0.0,0.0,0.0,0.0
225,225,0.0,0.0,0.0,0.0,0.0,0.0,75.30536109990327,72.1196675086638,70.83118056179913,93.01445582051169,89.9808289708821,72.03896718715093,0.0,0.0,0.0,0.0
226,226,0.0,0.0,0.0,0.0,0.0,0.0,74.85695940898388,71.70278803254394,70.59073050657031,93.37934105170181,90.36424492201719,72.05793785739816,0.0,0.0,0.0,0.0
227,227,0.0,0.0,0.0,0.0,0.0,0.0,74.40984536957679,71.28720635240296,70.34714959345344,93.73524735027499,90.74052725608276,72.07094467236425,0.0,0.0,0.0,0.0
228,228,0.0,0.0,0.0,0.0,0.0,0.0,73.96414268792587,70.8730178608864,70.10056962289,94.081825529531,91.10930549032959,72.0779752641494,0.0,0.0,0.0,0.0
229,229,0.0,0.0,0.0,0.0,0.0,0.0,73.51995761908624,70.46031402880867,69.85111552231488,94.41867601411559,91.4702343384249,72.07902613372526,0.0,0.0,0.0,0.0
230,230,0.0,0.0,0.0,0.0,0.0,0.0,73.07739801613134,70.04918806224921,69.59892197597034,94.74544966136577,91.82296657257943,72.0741026610414,0.0,0.0,0.0,0.0
231,231,0.0,0.0,0.0,0.0,0.0,0.0,72.63657905484622,69.63971812691,69.34411108926597,95.06175773511042,92.16714385856282,72.06320139298168,0.0,0.0,0.0,0.0
232,232,0.0,0.0,0.0,0.0,0.0,0.0,72.19758115131185,69.23198986821296,69.08681441248298,95.36726421121247,92.50241636283653,72.04632775364544,0.0,0.0,0.0,0.0
233,233,0.0,0.0,0.0,0.0,0.0,0.0,71.7605103868446,68.82607432027213,68.82715093450064,95.6615945005019,92.82842406344824,72.02350192343673,0.0,0.0,0.0,0.0
234,234,0.0,0.0,0.0,0.0,0.0,0.0,71.32544479317363,68.42204458753636,68.56524345219457,95.94440806552306,93.14483641014719,71.99473522136255,0.0,0.0,0.0,0.0
235,235,0.0,0.0,0.0,0.0,0.0,0.0,70.89247014017214,68.01996509648245,68.3012130062585,96.21535796103913,93.45129435352412,71.96005366584548,0.0,0.0,0.0,0.0
236,236,0.0,0.0,0.0,0.0,0.0,0.0,70.46166241000824,67.61990238145002,68.03517882621534,96.47412295429636,93.7474698836253,71.91948613527155,0.0,0.0,0.0,0.0
237,237,0.0,0.0,0.0,0.0,0.0,0.0,70.03308824670492,67.22190945361574,67.76726349860357,96.72037688413766,94.03301734321462,71.87304671723534,0.0,0.0,0.0,0.0
238,238,0.0,0.0,0.0,0.0,0.0,0.0,69.60681640569383,0.0,67.49757200495249,96.953810433486,94.30762396763961,71.82078754758128,0.0,0.0,0.0,0.0
239,239,0.0,0.0,0.0,0.0,0.0,0.0,69.18291751124202,0.0,67.2262282518377,97.17412133889597,94.57095040473679,71.7627399862232,0.0,0.0,0.0,0.0
240,240,0.0,0.0,0.0,0.0,0.0,0.0,68.76144233376336,0.0,0.0,97.38103661449514,94.8227122377438,71.6989439560316,0.0,0.0,0.0,0.0
241,241,0.0,0.0,0.0,0.0,0.0,0.0,68.34244410597677,0.0,0.0,97.57428119355521,95.06257926382675,71.62944784277336,0.0,0.0,0.0,0.0
242,242,0.0,0.0,0.0,0.0,0.0,0.0,67.92597828267535,0.0,0.0,97.75358919520691,95.29027800938609,71.5542967420109,0.0,0.0,0.0,0.0
243,243,0.0,0.0,0.0,0.0,0.0,0.0,67.51209195269674,0.0,0.0,97.91872634442133,95.50552103308321,71.47355567781865,0.0,0.0,0.0,0.0
244,244,0.0,0.0,0.0,0.0,0.0,0.0,0.0,0.0,0.0,98.06947999772657,95.70803827886496,71.38728037662631,0.0,0.0,0.0,0.0
245,245,0.0,0.0,0.0,0.0,0.0,0.0,0.0,0.0,0.0,98.20563791871452,95.89757789961855,71.29552310294969,0.0,0.0,0.0,0.0
246,246,0.0,0.0,0.0,0.0,0.0,0.0,0.0,0.0,0.0,98.32699962199973,96.0738965476282,71.19835570633785,0.0,0.0,0.0,0.0
247,247,0.0,0.0,0.0,0.0,0.0,0.0,0.0,0.0,0.0,98.43342092043527,96.23675992701317,71.09584633020611,0.0,0.0,0.0,0.0
248,248,0.0,0.0,0.0,0.0,0.0,0.0,0.0,0.0,0.0,98.52474863313705,96.38596445110385,70.98806513154976,0.0,0.0,0.0,0.0
249,249,0.0,0.0,0.0,0.0,0.0,0.0,0.0,0.0,0.0,98.60084283552271,96.52130631058495,70.87508990263535,0.0,0.0,0.0,0.0
250,250,0.0,0.0,0.0,0.0,0.0,0.0,0.0,0.0,0.0,98.6616104086205,96.642603024584,70.75698882055659,0.0,0.0,0.0,0.0
251,251,0.0,0.0,0.0,0.0,0.0,0.0,0.0,0.0,0.0,98.70696124114133,96.74971530296844,70.63384889621769,0.0,0.0,0.0,0.0
252,252,0.0,0.0,0.0,0.0,0.0,0.0,0.0,0.0,0.0,98.73683055447125,96.84247317188373,70.50575863795693,0.0,0.0,0.0,0.0
253,253,0.0,0.0,0.0,0.0,0.0,0.0,0.0,0.0,0.0,98.75116804115949,96.92075065561932,70.372791064063,0.0,0.0,0.0,0.0
254,254,0.0,0.0,0.0,0.0,0.0,0.0,0.0,0.0,0.0,98.74997124468166,96.98446639477218,70.23504316821341,0.0,0.0,0.0,0.0
255,255,0.0,0.0,0.0,0.0,0.0,0.0,0.0,0.0,0.0,98.73323021694607,97.03350919921775,70.09260188517239,0.0,0.0,0.0,0.0
256,256,0.0,0.0,0.0,0.0,0.0,0.0,0.0,0.0,0.0,98.70097183444393,97.06782371512536,69.94556089305539,0.0,0.0,0.0,0.0
257,257,0.0,0.0,0.0,0.0,0.0,0.0,0.0,0.0,0.0,98.65323756943982,97.08736792946073,69.79400932638312,0.0,0.0,0.0,0.0
258,258,0.0,0.0,0.0,0.0,0.0,0.0,0.0,0.0,0.0,98.59009442914432,97.09210256147723,69.63804833038822,67.2169340232948,0.0,0.0,0.0
259,259,0.0,0.0,0.0,0.0,0.0,0.0,0.0,0.0,0.0,98.51163472781403,97.08202327762149,69.47776877198517,67.57461869677587,0.0,0.0,0.0
260,260,0.0,0.0,0.0,0.0,0.0,0.0,0.0,0.0,0.0,98.41797577486261,97.05715000722965,69.3132786913653,67.93305197727639,0.0,0.0,0.0
261,261,0.0,0.0,0.0,0.0,0.0,0.0,0.0,0.0,0.0,98.30923751578813,97.01750548589894,69.14467564782667,68.29215445760741,0.0,0.0,0.0
262,262,0.0,0.0,0.0,0.0,0.0,0.0,0.0,0.0,0.0,98.18557520010889,96.96315796664733,68.97205228928038,68.65183324188857,0.0,0.0,0.0
263,263,0.0,0.0,0.0,0.0,0.0,0.0,0.0,0.0,0.0,98.04715689428055,96.8941782344185,68.79551790946681,69.01199757893365,0.0,0.0,0.0
264,264,0.0,0.0,0.0,0.0,0.0,0.0,0.0,0.0,0.0,97.894184840685,96.81065013962187,68.6151765386622,69.37254269446424,0.0,0.0,0.0
265,265,0.0,0.0,0.0,0.0,0.0,0.0,0.0,0.0,0.0,97.72684037686578,96.7127022792876,68.43113230817276,69.73336575934842,0.0,0.0,0.0
266,266,0.0,0.0,0.0,0.0,0.0,0.0,0.0,0.0,0.0,97.54538132595654,96.60045437340993,68.24348406561177,70.09436613346094,0.0,0.0,0.0
267,267,0.0,0.0,0.0,0.0,0.0,0.0,0.0,0.0,0.0,97.35002178206737,96.47405949577175,68.05234122093479,70.45542869486283,0.0,0.0,0.0
268,268,0.0,0.0,0.0,0.0,0.0,0.0,0.0,0.0,0.0,97.14102912530905,96.33368236048173,67.85780766537218,70.81644032632538,0.0,0.0,0.0
269,269,0.0,0.0,0.0,0.0,0.0,0.0,0.0,0.0,0.0,96.91869050514022,96.17951994834284,67.65998703696158,71.17728441674461,0.0,0.0,0.0
270,270,0.0,0.0,0.0,0.0,0.0,0.0,0.0,0.0,0.0,96.68326945462395,96.01176929724731,67.45899298135173,71.53783501960746,0.0,0.0,0.0
271,271,0.0,0.0,0.0,0.0,0.0,0.0,0.0,0.0,0.0,96.43509058159017,95.8306480787153,67.25491792034038,71.89797416019489,0.0,0.0,0.0
272,272,0.0,0.0,0.0,0.0,0.0,0.0,0.0,0.0,0.0,96.17444295325484,95.6363835145045,0.0,72.25755680614046,0.0,0.0,0.0
273,273,0.0,0.0,0.0,0.0,0.0,0.0,0.0,0.0,0.0,95.90165372593728,95.42923255485852,0.0,72.61645162019681,67.54299610599277,0.0,0.0
274,274,0.0,0.0,0.0,0.0,0.0,0.0,0.0,0.0,0.0,95.6170658208323,95.20946027163475,0.0,72.9745236816012,67.83861471081902,0.0,0.0
275,275,0.0,0.0,0.0,0.0,0.0,0.0,0.0,0.0,0.0,95.32101626934774,94.9773187687054,0.0,73.33162837297365,68.13302880966411,0.0,0.0
276,276,0.0,0.0,0.0,0.0,0.0,0.0,0.0,0.0,0.0,95.01385636733738,94.73310830631736,0.0,73.68761108616711,68.42611460892104,0.0,0.0
277,277,0.0,0.0,0.0,0.0,0.0,0.0,0.0,0.0,0.0,94.69594048187966,94.47712494084443,0.0,74.04232562232995,68.7177670723826,0.0,0.0
278,278,0.0,0.0,0.0,0.0,0.0,0.0,0.0,0.0,0.0,94.36762538454808,94.20967025866014,0.0,74.39561593398538,69.0078521525588,67.34463325260651,0.0
279,279,0.0,0.0,0.0,0.0,0.0,0.0,0.0,0.0,0.0,94.0292796491682,93.93106079228929,0.0,74.7473158493699,69.29625479728917,67.71423147694512,0.0
280,280,0.0,0.0,0.0,0.0,0.0,0.0,0.0,0.0,0.0,93.68128265005613,93.64161714390725,0.0,75.09726162102389,69.58284137737337,68.08492201375083,0.0
281,281,0.0,0.0,0.0,0.0,0.0,0.0,0.0,0.0,0.0,93.32400376095735,93.34167327041327,0.0,75.44528579274392,69.86749233105027,68.45662592071245,0.0
282,282,0.0,0.0,0.0,0.0,0.0,0.0,0.0,0.0,0.0,92.95782176161622,93.03155588088408,0.0,75.7912107172217,70.15006933298046,68.8292558126111,0.0
283,283,0.0,0.0,0.0,0.0,0.0,0.0,0.0,0.0,0.0,92.58310438303145,92.71162323513416,0.0,76.1348614868948,70.43044285461949,69.2027263986854,0.0
284,284,0.0,0.0,0.0,0.0,0.0,0.0,0.0,0.0,0.0,92.20023712224621,92.38219564134502,0.0,76.47605964750272,70.7084756240967,69.57694371889397,0.0
285,285,0.0,0.0,0.0,0.0,0.0,0.0,0.0,0.0,0.0,91.80958358511415,92.04364291166675,0.0,76.81461656456578,70.98402819033883,69.95181035682657,0.0
286,286,0.0,0.0,0.0,0.0,0.0,0.0,0.0,0.0,0.0,91.41154276403367,91.69631514189588,0.0,77.15035350204303,71.25696476100171,70.32721976680773,0.0
287,287,0.0,0.0,0.0,0.0,0.0,0.0,0.0,0.0,0.0,91.00646218273002,91.34054287006101,0.0,77.48306136632046,71.52714768185797,70.70307296444648,0.0
288,288,0.0,0.0,0.0,0.0,0.0,0.0,0.0,0.0,0.0,90.59472347504888,90.97670314074323,0.0,77.81256156476817,71.79442579919638,71.07925611681424,0.0
289,289,0.0,0.0,0.0,0.0,0.0,0.0,0.0,0.0,0.0,90.17669405886221,90.60514248019017,0.0,78.1386520656308,72.05865771261419,71.4556572986676,67.49302156670477
290,290,0.0,0.0,0.0,0.0,0.0,0.0,0.0,0.0,0.0,89.75273631105034,90.22621454994086,0.0,78.46112064235406,72.31970041235378,71.83216089097999,67.81286853982249
291,291,0.0,0.0,0.0,0.0,0.0,0.0,0.0,0.0,0.0,89.32319812778577,89.84026095328888,0.0,78.77977998776943,72.57739740257041,72.20863569331942,68.13218480018959
292,292,0.0,0.0,0.0,0.0,0.0,0.0,0.0,0.0,0.0,88.8884489359598,89.44764756244489,0.0,79.0944121235915,72.83160852083473,72.58495821910826,68.45085905050257
293,293,0.0,0.0,0.0,0.0,0.0,0.0,0.0,0.0,0.0,88.44881582614661,89.04870883419859,0.0,79.40481041560118,73.08218639977052,72.9609951349111,68.76878784774246
294,294,0.0,0.0,0.0,0.0,0.0,0.0,0.0,0.0,0.0,88.0046554462731,88.64379327743603,0.0,79.71076586285001,73.32897025960288,73.33660903520358,69.08584898068933
295,295,0.0,0.0,0.0,0.0,0.0,0.0,0.0,0.0,0.0,87.55629098417948,88.2332357353428,0.0,80.012074549432,73.57181637611652,73.71165224584746,69.40192262253461
296,296,0.0,0.0,0.0,0.0,0.0,0.0,0.0,0.0,0.0,87.10404776469237,87.81737498697709,0.0,80.30850878689161,73.81056786160384,74.08599144188935,69.71688606359447
297,297,0.0,0.0,0.0,0.0,0.0,0.0,0.0,0.0,0.0,86.64825260013681,87.39654434063677,0.0,80.59986818257921,74.04507931742553,74.45946447907016,70.03061372362879
298,298,0.0,0.0,0.0,0.0,0.0,0.0,0.0,0.0,0.0,86.18920783792903,86.97106275080773,0.0,80.88592143771048,74.2751922883444,74.83192367279844,70.34298279186822
299,299,0.0,0.0,0.0,0.0,0.0,0.0,0.0,0.0,0.0,85.72722551530586,86.54125200212695,0.0,81.1664654107263,74.50076024639434,75.20319176019139,70.65385648017903
