,time,949,971,1016,1397,1419,1464,994,1442,972,1420,1039,1017,1465,950,1398,995
0,0,76.36333501245895,75.78961148350413,80.54517366912371,74.81899542065237,81.73164084442159,74.2508636303576,0.0,0.0,0.0,0.0,0.0,0.0,0.0,0.0,0.0,0.0
1,1,76.57560174282588,75.3293798534484,80.60715507580049,75.13080016180442,81.26162364417752,74.42000179622822,0.0,0.0,0.0,0.0,0.0,0.0,0.0,0.0,0.0,0.0
2,2,76.78230488961933,74.87064606986537,80.66086177331438,75.43965243580493,80.79112134954958,74.5835652062922,0.0,0.0,0.0,0.0,0.0,0.0,0.0,0.0,0.0,0.0
3,3,76.98329751131371,74.41353886691012,80.70624568210121,75.74536885928852,80.32035408132819,74.74144344242781,0.0,0.0,0.0,0.0,0.0,0.0,0.0,0.0,0.0,0.0
4,4,77.17841333811371,73.95817513917794,80.74326376383623,76.04777632413222,79.84951995013034,74.89351503861782,0.0,0.0,0.0,0.0,0.0,0.0,0.0,0.0,0.0,0.0
5,5,77.36751406660095,73.50465430635788,80.77187809577728,76.34669276104084,79.37880313542664,75.03966016584447,0.0,0.0,0.0,0.0,0.0,0.0,0.0,0.0,0.0,0.0
6,6,77.55044237680474,73.0530773774875,80.79206335493267,76.64194035097131,78.90840975343812,75.17977363370159,0.0,0.0,0.0,0.0,0.0,0.0,0.0,0.0,0.0,0.0
7,7,77.72706283208446,72.60354668325547,80.8038068877165,76.93333245909092,78.43850332204889,75.31374593969046,0.0,0.0,0.0,0.0,0.0,0.0,0.0,0.0,0.0,0.0
8,8,77.89722116711813,72.15614787188971,80.80708648764102,77.22068707106321,77.9692553050104,75.44146329691368,0.0,0.0,0.0,0.0,0.0,0.0,0.0,0.0,0.0,0.0
9,9,78.06079250332535,71.71096244668024,80.80190751266753,77.50381353991622,77.5008375374602,75.5628401186474,0.0,0.0,0.0,0.0,0.0,0.0,0.0,0.0,0.0,0.0
10,10,78.2176334543929,71.26807941596456,80.78826579816833,77.78252624386856,77.03340168296974,75.67776750585858,0.0,0.0,0.0,0.0,0.0,0.0,0.0,0.0,0.0,0.0
11,11,78.36761679090309,70.82756618534239,80.7661847403491,78.05663807398794,76.56708681985478,75.78615867434162,0.0,0.0,0.0,0.0,0.0,0.0,0.0,0.0,0.0,0.0
12,12,78.51061088749465,70.3894866262775,80.73567817877925,78.32595363406168,76.10204627160077,75.8879231959026,0.0,0.0,0.0,0.0,0.0,0.0,0.0,0.0,0.0,0.0
13,13,78.64650086971412,69.95391785661197,80.69678001507562,78.59028322241238,75.63841399998282,75.9829867185193,0.0,0.0,0.0,0.0,0.0,0.0,0.0,0.0,0.0,0.0
14,14,78.77517493459871,69.52091635519848,80.64952192246466,78.84944326020943,75.1763119441064,76.07125836816259,0.0,0.0,0.0,0.0,0.0,0.0,0.0,0.0,0.0,0.0
15,15,78.89650329800833,69.09052994948854,80.59394809053705,79.10323538525029,74.7158632135938,76.15267677091535,0.0,0.0,0.0,0.0,0.0,0.0,0.0,0.0,0.0,0.0
16,16,79.0104018989791,68.66281967614245,80.53011510590305,79.3514819790981,74.25717927691396,76.22717082855469,0.0,0.0,0.0,0.0,0.0,0.0,0.0,0.0,0.0,0.0
17,17,79.11675493279482,68.23782712768453,80.45807709035799,79.59398385255143,73.80037284283817,76.29467952983404,0.0,0.0,0.0,0.0,0.0,0.0,0.0,0.0,0.0,0.0
18,18,79.21547870453887,67.81560167273346,80.37790035204607,79.83054877424274,73.34553925349077,76.35513885702603,0.0,0.0,0.0,0.0,0.0,0.0,0.0,0.0,0.0,0.0
19,19,79.30647211106799,67.3961792493291,80.28965588218442,80.06100648694304,72.89278754858657,76.40850173086963,0.0,0.0,0.0,0.0,0.0,0.0,0.0,0.0,0.0,0.0
20,20,79.38966667707152,0.0,80.19344116070529,80.28516560959386,72.44219771188025,76.45473154441424,0.0,0.0,0.0,0.0,0.0,0.0,0.0,0.0,0.0,0.0
21,21,79.46498393543109,0.0,80.08932143594329,80.50284271089298,71.99385761496622,76.49377566670411,0.0,0.0,0.0,0.0,0.0,0.0,0.0,0.0,0.0,0.0
22,22,79.53234978327434,0.0,79.97740274838709,80.71385534958134,71.54785075541116,76.52561199184167,0.0,0.0,0.0,0.0,0.0,0.0,0.0,0.0,0.0,0.0
23,23,79.59170900402916,0.0,79.85778055263398,80.9180297599962,71.10424488301938,76.55020249268337,0.0,0.0,0.0,0.0,0.0,0.0,0.0,0.0,0.0,0.0
24,24,79.64299664739185,0.0,79.73056866378452,81.1151938067812,70.66311552391561,76.56753983535022,67.25751887471445,0.0,0.0,0.0,0.0,0.0,0.0,0.0,0.0,0.0
25,25,79.68618132952771,0.0,79.59587005974213,81.30518473923857,70.22452296202249,76.57759416172422,67.67162620223834,0.0,0.0,0.0,0.0,0.0,0.0,0.0,0.0,0.0
26,26,79.72121491145464,0.0,79.45381282144372,81.48782696874822,69.78853518702256,76.5803663952821,68.08840412696198,0.0,0.0,0.0,0.0,0.0,0.0,0.0,0.0,0.0
27,27,79.74806137447052,0.0,79.30450668586558,81.66295471417966,69.35519997704974,76.57585495419241,68.50781950587334,0.0,0.0,0.0,0.0,0.0,0.0,0.0,0.0,0.0
28,28,79.76670414493175,0.0,79.14808597892556,81.8304276402355,68.92457841850832,76.56406241258755,68.92981527044495,0.0,0.0,0.0,0.0,0.0,0.0,0.0,0.0,0.0
29,29,79.77711723936362,0.0,78.98468774121744,81.99008572156633,68.49670667055956,76.54498883878382,69.35435274616836,0.0,0.0,0.0,0.0,0.0,0.0,0.0,0.0,0.0
30,30,79.77930144155758,0.0,78.81444446653637,82.14177969873383,68.07163952168224,76.51866507623781,69.78136309487324,0.0,0.0,0.0,0.0,0.0,0.0,0.0,0.0,0.0
31,31,79.77324093658136,0.0,78.63749811225324,82.28537915980644,67.64940756031329,76.48510609005704,70.21080715061964,0.0,0.0,0.0,0.0,0.0,0.0,0.0,0.0,0.0
32,32,79.75895393956664,0.0,78.45399275102938,82.42074215382632,67.23005965980215,76.44434421741536,70.64260365517676,0.0,0.0,0.0,0.0,0.0,0.0,0.0,0.0,0.0
33,33,79.73644206390894,0.0,78.26407437079241,82.54774613228633,0.0,76.39640916041562,71.07670137228918,0.0,0.0,0.0,0.0,0.0,0.0,0.0,0.0,0.0
34,34,79.70574089656277,0.0,78.06789760224211,82.66626510902131,0.0,76.34134122193859,71.513017156948,0.0,0.0,0.0,0.0,0.0,0.0,0.0,0.0,0.0
35,35,79.66686936453088,0.0,77.86562534370373,82.77619311535352,0.0,76.27919781328343,71.95148703691757,0.0,0.0,0.0,0.0,0.0,0.0,0.0,0.0,0.0
36,36,79.61985860417883,0.0,77.6574009621046,82.87741338085976,0.0,76.21002026666925,72.39201394336,0.0,0.0,0.0,0.0,0.0,0.0,0.0,0.0,0.0
37,37,79.5647662622245,0.0,77.4433895422735,82.96984526972412,0.0,76.13386687024402,72.83452608146442,0.0,0.0,0.0,0.0,0.0,0.0,0.0,0.0,0.0
38,38,79.5016331713337,0.0,77.22375002391303,83.05338208944377,0.0,76.0508060866917,73.27892373246198,67.57467577593773,0.0,0.0,0.0,0.0,0.0,0.0,0.0,0.0
39,39,79.4305121119797,0.0,76.99864867371578,83.12795375818645,0.0,75.96090326836462,73.72511473680427,67.98869657015568,0.0,0.0,0.0,0.0,0.0,0.0,0.0,0.0
40,40,79.3514819790981,0.0,76.7682520008598,83.19348005133794,0.0,75.86422717197989,74.17299012479353,68.40525887192888,0.0,0.0,0.0,0.0,0.0,0.0,0.0,0.0
41,41,79.26460461599227,0.0,76.53272656796206,83.2499021104134,0.0,75.76086942485016,74.62244224159372,68.82430874584904,0.0,0.0,0.0,0.0,0.0,0.0,0.0,0.0
42,42,79.1699605418716,0.0,76.29222557946547,83.29715113330981,0.0,75.65091161927509,75.07336501941201,69.24579447863937,0.0,0.0,0.0,0.0,0.0,0.0,0.0,0.0
43,43,79.06763445451239,0.0,76.04693513135942,83.33519574869287,0.0,75.53443185575395,75.52562833460668,69.66966130094158,0.0,0.0,0.0,0.0,0.0,0.0,0.0,0.0
44,44,78.95771509292874,0.0,75.79700768917576,83.36398696604064,0.0,75.41153703966184,75.97910954383093,70.0958457139457,0.0,0.0,0.0,0.0,0.0,0.0,0.0,0.0
45,45,78.84030922244372,0.0,75.54262136158192,83.38349766673075,0.0,75.28231080421783,76.43367424489176,70.52429201224238,0.0,0.0,0.0,0.0,0.0,0.0,0.0,0.0
46,46,78.71550606019947,0.0,75.28393378401604,83.3937148052463,0.0,75.1468651545865,76.88918250460047,70.9549185506071,0.0,0.0,0.0,0.0,0.0,0.0,0.0,0.0
47,47,78.58342657673626,0.0,75.02111460745499,83.39461574035465,0.0,75.00530151108407,77.34548196474752,71.38765100719053,0.0,0.0,0.0,0.0,0.0,0.0,0.0,0.0
48,48,78.44417391109013,0.0,74.75433855492388,83.38621567105578,0.0,74.85772990701564,77.80242798390657,71.82242297677662,0.0,0.0,0.0,0.0,0.0,0.0,0.0,0.0
49,49,78.29787536935689,0.0,74.48375983185629,83.3685123192135,0.0,74.70425603729237,78.2598565176676,72.25914098661646,0.0,0.0,0.0,0.0,0.0,0.0,0.0,0.0
50,50,78.14464716270994,0.0,74.20954397138952,83.34152542645764,0.0,74.54500650532246,78.71759730993345,72.69771900167197,0.0,0.0,0.0,0.0,0.0,0.0,0.0,0.0
51,51,77.98462214146481,0.0,73.93186103632978,83.30528879718996,0.0,74.38009683274333,79.1754738134768,73.13805472721167,0.0,0.0,0.0,0.0,0.0,0.0,0.0,0.0
52,52,77.8179286848204,0.0,73.65086677026889,83.25982657545805,0.0,74.2096440998231,79.63330311792434,73.5800595363018,0.0,0.0,0.0,0.0,0.0,0.0,0.0,0.0
53,53,77.64471121284922,0.0,73.36672130542074,83.20519260914747,0.0,74.0337792578551,80.0908958858399,74.02362211546559,0.0,0.0,0.0,0.0,0.0,0.0,0.0,0.0
54,54,77.46510241150625,0.0,73.07958275212228,83.14144665361347,0.0,73.85262188976607,80.54805629759943,74.46863245803354,0.0,0.0,0.0,0.0,0.0,0.0,0.0,0.0
55,55,77.2792505036763,0.0,72.7896131207248,83.06863073633734,0.0,73.66630503207833,81.00458200577101,74.91496938148583,0.0,0.0,0.0,0.0,0.0,0.0,0.0,0.0
56,56,77.08729847474895,0.0,72.49696007065158,82.9868397017717,0.0,73.47495631162398,81.46024901842713,75.36251295614339,0.0,0.0,0.0,0.0,0.0,0.0,0.0,0.0
57,57,76.88939748507013,0.0,72.20177508064036,82.89614253162748,0.0,73.27870405945701,81.91484133095234,75.81113825858198,0.0,0.0,0.0,0.0,0.0,0.0,0.0,0.0
58,58,76.68569982498232,0.0,71.90420725407229,82.79663706404631,0.0,73.07768930671612,82.36813633573927,76.26070206295599,0.0,0.0,0.0,0.0,0.0,0.0,0.0,0.0
59,59,76.47635872417966,0.0,71.6044090740362,82.68840294209097,0.0,72.87204720187486,82.81988923404495,76.7110620315286,0.0,0.0,0.0,0.0,0.0,0.0,0.0,0.0
60,60,76.26152816489892,0.0,71.30251876147524,82.57156374215077,0.0,72.66190703652127,83.26984795966636,77.1620634819311,0.0,0.0,0.0,0.0,0.0,0.0,0.0,0.0
61,61,76.04136269924025,0.0,70.99868361986144,82.44621672580777,0.0,72.44740421362336,83.71778506333916,77.61356628692465,0.0,0.0,0.0,0.0,0.0,0.0,0.0,0.0
62,62,75.81603033468298,0.0,70.69303677604407,82.31248701006064,0.0,72.22868586882696,84.1634189629173,78.06539058731875,0.0,0.0,0.0,0.0,0.0,0.0,0.0,0.0
63,63,75.58568599507181,0.0,70.38571451538196,82.17050398251486,0.0,72.00587502480316,84.60648466401707,78.51737776941053,0.0,0.0,0.0,0.0,0.0,0.0,0.0,0.0
64,64,75.35049109682572,0.0,70.07685599548515,82.02039343877863,0.0,71.7791238901153,85.0467186753123,78.96934239626188,0.0,0.0,0.0,0.0,0.0,0.0,0.0,0.0
65,65,75.1106067699409,0.0,69.76658637166817,81.86230035482656,0.0,71.54855463789114,85.48382631435027,79.4210996049793,0.0,0.0,0.0,0.0,0.0,0.0,0.0,0.0
66,66,74.86619369381633,0.0,69.45503918803271,81.69636561648772,0.0,71.31431801874562,85.91753088637603,79.87246545606634,0.0,0.0,0.0,0.0,0.0,0.0,0.0,0.0
67,67,74.61741826615744,0.0,69.14232869791637,81.52274104653337,0.0,71.07654637122731,86.34752425457802,80.3232353030842,0.0,0.0,0.0,0.0,0.0,0.0,0.0,0.0
68,68,74.36443966859488,0.0,68.82858288361415,81.34158149294153,0.0,70.8353711918341,86.77351707757049,80.77319776408774,0.0,0.0,0.0,0.0,0.0,0.0,0.0,0.0
69,69,74.10741617335408,0.0,68.51392136703959,81.15304459018589,0.0,70.59093435925492,87.19518841096678,81.22214218969727,0.0,0.0,0.0,0.0,0.0,0.0,0.0,0.0
70,70,73.84650500435946,0.0,68.19845564597189,80.95729796922298,0.0,70.34336514985056,87.61222827764315,81.66984390201438,0.0,0.0,0.0,0.0,0.0,0.0,0.0,0.0
71,71,73.5818806625647,0.0,67.88229980603404,80.75451142419391,0.0,70.09280287100121,88.02432111992545,82.11607910279226,0.0,0.0,0.0,0.0,0.0,0.0,0.0,0.0
72,72,73.3136913735195,0.0,67.5655598992874,80.54485666630879,0.0,69.83937420111295,88.4311371661398,82.56060206193227,0.0,0.0,0.0,0.0,0.0,0.0,0.0,0.0
73,73,73.04209623511986,0.0,0.0,80.32850708100355,0.0,69.58321551629797,88.83235023849973,83.00317562604201,0.0,0.0,0.0,0.0,0.0,0.0,0.0,0.0
74,74,72.76724660232775,0.0,0.0,80.10564478080319,0.0,69.32445602162859,89.2276113220916,83.44354044114893,0.0,0.0,0.0,0.0,0.0,0.0,0.0,0.0
75,75,72.48931009205236,0.0,0.0,79.8764456615517,0.0,69.06322329992243,89.6166028606638,83.88144615807249,0.0,0.0,0.0,0.0,0.0,0.0,0.0,0.0
76,76,72.20842831545204,0.0,0.0,79.64110099840076,0.0,68.79964324257723,89.99897626164503,84.31662002264859,0.0,0.0,0.0,0.0,0.0,0.0,0.0,0.0
77,77,71.9247588558994,0.0,0.0,79.39979529289141,0.0,68.53383998532131,90.3743882270106,84.74878245854292,0.0,0.0,0.0,0.0,0.0,0.0,0.0,0.0
78,78,71.63844532525361,0.0,0.0,79.15271337750114,0.0,68.26594114451883,90.74248283600782,85.17766366767083,0.0,0.0,0.0,0.0,0.0,0.0,0.0,0.0
79,79,71.3496408883387,0.0,0.0,78.90004726830104,0.0,67.99606179173023,91.10292933187182,85.6029712791331,0.0,0.0,0.0,0.0,0.0,0.0,0.0,0.0
80,80,71.05849050448622,0.0,0.0,78.64198166354959,0.0,67.72433088168691,91.45536666327173,86.02441490200938,0.0,0.0,0.0,0.0,0.0,0.0,0.0,0.0
81,81,70.7651254022354,0.0,0.0,78.37870792521852,0.0,67.45085438770873,91.79946032349088,86.44168972678828,0.0,0.0,0.0,0.0,0.0,0.0,0.0,0.0
82,82,70.46970299262406,0.0,0.0,78.1104167075341,0.0,0.0,92.13484604790717,86.8544934566983,0.0,0.0,0.0,0.0,0.0,0.0,0.0,0.0
83,83,70.17234407445987,0.0,0.0,77.83729087309116,0.0,0.0,92.46119729265209,87.26251827926643,0.0,0.0,0.0,0.0,0.0,0.0,0.0,0.0
84,84,69.87320078493013,0.0,0.0,77.5595328906623,0.0,0.0,92.77814889037333,87.66543363905988,0.0,0.0,0.0,0.0,0.0,0.0,0.0,0.0
85,85,69.57238912216722,0.0,0.0,77.2773299839465,0.0,0.0,93.08538489643088,88.06292976961338,0.0,0.0,0.0,0.0,0.0,0.0,0.0,0.0
86,86,69.27004486179996,0.0,0.0,76.99086118477737,0.0,0.0,93.38256150700778,88.45468361016131,0.0,0.0,0.0,0.0,0.0,0.0,0.0,0.0
87,87,68.96630094934464,0.0,0.0,76.70032416346093,0.0,0.0,93.66934656796046,88.84036769009089,0.0,0.0,0.0,0.0,0.0,0.0,0.0,0.0
88,88,68.66127139920202,0.0,0.0,76.40589450638146,0.0,0.0,93.94542048635758,89.21963237456025,0.0,0.0,0.0,0.0,0.0,0.0,0.0,0.0
89,89,68.35507853377113,0.0,0.0,76.10775924659545,0.0,0.0,94.210456953904,89.59216019729823,0.0,0.0,0.0,0.0,0.0,0.0,0.0,0.0
90,90,68.04784722515959,0.0,0.0,75.80610967955293,0.0,0.0,94.46415369833066,89.95761258629669,0.0,0.0,0.0,0.0,0.0,0.0,0.0,0.0
91,91,67.73968899939011,0.0,0.0,75.501115057093,0.0,0.0,94.70621325493094,90.31563878917108,0.0,0.0,0.0,0.0,0.0,0.0,0.0,0.0
92,92,67.43071800228529,0.0,0.0,75.19295537708241,0.0,0.0,94.9363435634076,90.66591331535058,0.0,0.0,0.0,0.0,0.0,0.0,0.0,0.0
93,93,0.0,0.0,0.0,74.88180800083187,0.0,0.0,95.15425856937087,91.0080904124011,0.0,0.0,0.0,0.0,0.0,0.0,0.0,0.0
94,94,0.0,0.0,0.0,74.56784122879667,0.0,0.0,95.35968916208958,91.34183227563643,0.0,0.0,0.0,0.0,0.0,0.0,0.0,0.0
95,95,0.0,0.0,0.0,74.25123326657753,0.0,0.0,95.55239436384201,91.66680034741717,0.0,0.0,0.0,0.0,0.0,0.0,0.0,0.0
96,96,0.0,0.0,0.0,73.93214675598342,0.0,0.0,95.73211022508143,91.98265583403652,0.0,0.0,0.0,0.0,0.0,0.0,0.0,0.0
97,97,0.0,0.0,0.0,73.61074770451576,0.0,0.0,95.8986229502623,92.28907960100915,0.0,0.0,0.0,0.0,0.0,0.0,0.0,0.0
98,98,0.0,0.0,0.0,73.28719293811271,0.0,0.0,96.05170725360664,92.58572464900278,0.0,0.0,0.0,0.0,0.0,0.0,0.0,0.0
99,99,0.0,0.0,0.0,72.96164845568795,0.0,0.0,96.19116857950456,92.87228435636024,0.0,0.0,0.0,0.0,0.0,0.0,0.0,0.0
100,100,0.0,0.0,0.0,72.63425885611773,0.0,0.0,96.3168228057222,93.14843510099777,0.0,0.0,0.0,0.0,0.0,0.0,0.0,0.0
101,101,0.0,0.0,0.0,72.30518374760233,0.0,0.0,96.42850724725977,93.41385607727194,0.0,0.0,0.0,0.0,0.0,0.0,0.0,0.0
102,102,0.0,0.0,0.0,71.97456745943109,0.0,0.0,96.52607059478048,93.66825980765222,0.0,0.0,0.0,0.0,0.0,0.0,0.0,0.0
103,103,0.0,0.0,0.0,71.64255121404409,0.0,0.0,96.60938388902393,93.91133340113448,0.0,0.0,0.0,0.0,0.0,0.0,0.0,0.0
104,104,0.0,0.0,0.0,71.30927887681403,0.0,0.0,96.67834094254131,94.1427987926614,0.0,0.0,0.0,0.0,0.0,0.0,0.0,0.0
105,105,0.0,0.0,0.0,70.97489093861148,0.0,0.0,96.7328267904202,94.36237360401323,0.0,0.0,0.0,0.0,0.0,0.0,0.0,0.0
106,106,0.0,0.0,0.0,70.63951882928484,0.0,0.0,96.77279232943658,94.5697918078273,0.0,0.0,0.0,0.0,0.0,0.0,0.0,0.0
107,107,0.0,0.0,0.0,70.3032907931849,0.0,0.0,96.79818019421235,94.7648147288644,0.0,0.0,0.0,0.0,0.0,0.0,0.0,0.0
108,108,0.0,0.0,0.0,69.96633188306909,0.0,0.0,96.8089354647434,94.94717053116037,0.0,0.0,0.0,0.0,0.0,0.0,0.0,0.0
109,109,0.0,0.0,0.0,69.6287639588858,0.0,0.0,96.8050696814992,95.11665679651206,0.0,0.0,0.0,0.0,0.0,0.0,0.0,0.0
110,110,0.0,0.0,0.0,69.29071114710379,0.0,0.0,96.78656505690445,95.2730389966623,0.0,0.0,0.0,0.0,0.0,0.0,0.0,0.0
111,111,0.0,0.0,0.0,68.95228337445266,0.0,0.0,96.7534702886035,95.41613306820659,0.0,0.0,0.0,0.0,0.0,0.0,0.0,0.0
112,112,0.0,0.0,0.0,68.61359831073321,0.0,0.0,96.70580467801143,95.54574426226091,0.0,0.0,0.0,0.0,0.0,0.0,0.0,0.0
113,113,0.0,0.0,0.0,68.2747596670271,0.0,0.0,96.64365376268887,95.66170888989696,0.0,0.0,0.0,0.0,0.0,0.0,0.0,0.0
114,114,0.0,0.0,0.0,67.93587347622923,0.0,0.0,96.56708405594044,95.76386372366902,0.0,0.0,0.0,0.0,0.0,0.0,0.0,0.0
115,115,0.0,0.0,0.0,67.59704266010955,0.0,0.0,96.47621713244398,95.85208802881488,0.0,0.0,0.0,0.0,0.0,0.0,0.0,0.0
116,116,0.0,0.0,0.0,67.25836191495256,0.0,0.0,96.3711656596245,95.92626235418527,0.0,0.0,0.0,0.0,0.0,0.0,0.0,0.0
117,117,0.0,0.0,0.0,0.0,0.0,0.0,96.25206490757996,95.98627919768995,0.0,0.0,0.0,0.0,0.0,0.0,0.0,0.0
118,118,0.0,0.0,0.0,0.0,0.0,0.0,96.11907230677363,96.03206423322871,0.0,0.0,0.0,0.0,0.0,0.0,0.0,0.0
119,119,0.0,0.0,0.0,0.0,0.0,0.0,95.97236693813032,96.06356613501669,0.0,0.0,0.0,0.0,0.0,0.0,0.0,0.0
120,120,0.0,0.0,0.0,0.0,0.0,0.0,95.81214895871248,96.08072527845668,0.0,0.0,0.0,0.0,0.0,0.0,0.0,0.0
121,121,0.0,0.0,0.0,0.0,0.0,0.0,95.63860778443927,96.0835262828843,0.0,0.0,0.0,0.0,0.0,0.0,0.0,0.0
122,122,0.0,0.0,0.0,0.0,0.0,0.0,95.45197377326859,96.07196663682613,0.0,0.0,0.0,0.0,0.0,0.0,0.0,0.0
123,123,0.0,0.0,0.0,0.0,0.0,0.0,95.25249650840068,96.04605670362729,67.25256900992449,0.0,0.0,0.0,0.0,0.0,0.0,0.0
124,124,0.0,0.0,0.0,0.0,0.0,0.0,95.04040297130861,96.00584064623277,67.66069973619247,0.0,0.0,0.0,0.0,0.0,0.0,0.0
125,125,0.0,0.0,0.0,0.0,0.0,0.0,94.81596920722104,95.9513648700028,68.07126566451323,0.0,0.0,0.0,0.0,0.0,0.0,0.0
126,126,0.0,0.0,0.0,0.0,0.0,0.0,94.57946797974495,95.88270929670034,68.48421170430977,0.0,0.0,0.0,0.0,0.0,0.0,0.0
127,127,0.0,0.0,0.0,0.0,0.0,0.0,94.33118865658881,95.7999557578386,68.89949036299697,0.0,0.0,0.0,0.0,0.0,0.0,0.0
128,128,0.0,0.0,0.0,0.0,0.0,0.0,94.0714262959996,95.70321909740336,69.31704046799716,0.0,0.0,0.0,0.0,0.0,0.0,0.0
129,129,0.0,0.0,0.0,0.0,0.0,0.0,93.80048104723974,95.59262594138369,69.73679747704946,0.0,0.0,0.0,0.0,0.0,0.0,0.0
130,130,0.0,0.0,0.0,0.0,0.0,0.0,93.51866749501535,95.46832474895898,70.15869897708617,0.0,0.0,0.0,0.0,0.0,0.0,0.0
131,131,0.0,0.0,0.0,0.0,0.0,0.0,93.22630388639273,95.33047500792435,70.58267926717213,0.0,0.0,0.0,0.0,0.0,0.0,0.0
132,132,0.0,0.0,0.0,0.0,0.0,0.0,92.92373115812958,95.17925715185591,71.00865781129531,0.0,0.0,0.0,0.0,0.0,0.0,0.0
133,133,0.0,0.0,0.0,0.0,0.0,0.0,92.611262960841,95.01486172800288,71.43656165437986,0.0,0.0,0.0,0.0,0.0,0.0,0.0
134,134,0.0,0.0,0.0,0.0,0.0,0.0,92.28925381831057,94.83750939888215,71.86629667501596,0.0,0.0,0.0,0.0,0.0,0.0,0.0
135,135,0.0,0.0,0.0,0.0,0.0,0.0,91.95802993714564,94.64740936058577,72.29778207657469,67.36220696961543,0.0,0.0,0.0,0.0,0.0,0.0
136,136,0.0,0.0,0.0,0.0,0.0,0.0,91.61794691468756,94.44480994108896,72.73091528385636,67.7739492342314,0.0,0.0,0.0,0.0,0.0,0.0
137,137,0.0,0.0,0.0,0.0,0.0,0.0,91.26934080303745,94.22994698387608,73.16560727578754,68.188235483732,0.0,0.0,0.0,0.0,0.0,0.0
138,138,0.0,0.0,0.0,0.0,0.0,0.0,90.91256587286911,94.00310402522359,73.60174663635836,68.6050236496329,0.0,0.0,0.0,0.0,0.0,0.0
139,139,0.0,0.0,0.0,0.0,0.0,0.0,90.54797473505714,93.76454082918329,74.03921705883754,69.02425818335526,0.0,0.0,0.0,0.0,0.0,0.0
140,140,0.0,0.0,0.0,0.0,0.0,0.0,90.17589936369632,93.51453332741075,74.477916155301,69.44589123384515,0.0,0.0,0.0,0.0,0.0,0.0
141,141,0.0,0.0,0.0,0.0,0.0,0.0,89.79669721625136,93.25339256901863,74.91770545457084,69.86986103202231,0.0,0.0,0.0,0.0,0.0,0.0
142,142,0.0,0.0,0.0,0.0,0.0,0.0,89.4107132932699,92.98141417757358,75.35847297700822,70.29610797609996,0.0,0.0,0.0,0.0,0.0,0.0
143,143,0.0,0.0,0.0,0.0,0.0,0.0,89.01828911096929,92.69889786277423,75.80006973606416,70.7245578248405,0.0,0.0,0.0,0.0,0.0,0.0
144,144,0.0,0.0,0.0,0.0,0.0,0.0,88.61976230769889,92.40616626347476,76.24236060210671,71.15514968011313,0.0,0.0,0.0,0.0,0.0,0.0
145,145,0.0,0.0,0.0,0.0,0.0,0.0,88.21546627638006,92.10353483947034,76.68519195000684,71.58779616806797,0.0,0.0,0.0,0.0,0.0,0.0
146,146,0.0,0.0,0.0,0.0,0.0,0.0,87.80574734514833,91.79134991697056,77.12842461161019,72.02242319933916,0.0,0.0,0.0,0.0,0.0,0.0
147,147,0.0,0.0,0.0,0.0,0.0,0.0,87.39091156367465,91.4699110766944,77.57188026392423,72.45894706610429,0.0,0.0,0.0,0.0,0.0,0.0
148,148,0.0,0.0,0.0,0.0,0.0,0.0,86.97130342311144,91.13958555723416,78.01540165874928,72.89726795122147,0.0,0.0,0.0,0.0,0.0,0.0
149,149,0.0,0.0,0.0,0.0,0.0,0.0,86.54721839207069,90.80068352278172,78.458805159772,73.33729965895655,0.0,0.0,0.0,0.0,0.0,0.0
150,150,0.0,0.0,0.0,0.0,0.0,0.0,86.11898904135865,90.45356191222531,78.90192195219136,73.77892731308465,0.0,0.0,0.0,0.0,0.0,0.0
151,151,0.0,0.0,0.0,0.0,0.0,0.0,85.68690763447951,90.09854835880887,79.34455626015925,74.22205585985661,0.0,0.0,0.0,0.0,0.0,0.0
152,152,0.0,0.0,0.0,0.0,0.0,0.0,85.25126891185572,89.73598754709228,79.78650581707095,74.66656711124385,0.0,0.0,0.0,0.0,0.0,0.0
153,153,0.0,0.0,0.0,0.0,0.0,0.0,84.8123858466247,89.36621278785823,80.22757646075499,75.11233775628351,0.0,0.0,0.0,0.0,0.0,0.0
154,154,0.0,0.0,0.0,0.0,0.0,0.0,84.37052350855205,88.98956395113665,80.66755333752377,75.55925223472929,0.0,0.0,0.0,0.0,0.0,0.0
155,155,0.0,0.0,0.0,0.0,0.0,0.0,83.9259650913763,88.60638666779975,81.10622251547447,76.00716402069607,0.0,0.0,0.0,0.0,0.0,0.0
156,156,0.0,0.0,0.0,0.0,0.0,0.0,83.47898677379803,88.21699616717201,81.54335627821295,76.45594712584717,0.0,0.0,0.0,0.0,0.0,0.0
157,157,0.0,0.0,0.0,0.0,0.0,0.0,83.02984979711468,87.82173943329829,81.97872801060358,76.90545051649876,0.0,0.0,0.0,0.0,0.0,0.0
158,158,0.0,0.0,0.0,0.0,0.0,0.0,82.57880856984109,87.42094116987896,82.41208947892615,77.35552405466714,0.0,0.0,0.0,0.0,0.0,0.0
159,159,0.0,0.0,0.0,0.0,0.0,0.0,82.12611061565839,87.01491287285766,82.84320126087351,77.80600504978656,67.16935807160436,0.0,0.0,0.0,0.0,0.0
160,160,0.0,0.0,0.0,0.0,0.0,0.0,81.67199653784981,86.60397850804178,83.27180997524367,78.25673866108767,67.25673239891313,0.0,0.0,0.0,0.0,0.0
161,161,0.0,0.0,0.0,0.0,0.0,0.0,81.21670749498233,86.18845654495551,83.69765591399077,78.7075434293467,67.3395881097571,0.0,0.0,0.0,0.0,0.0
162,162,0.0,0.0,0.0,0.0,0.0,0.0,80.76045512921581,85.76865134351232,84.1204650944042,79.15823848812082,67.41785995640363,0.0,0.0,0.0,0.0,0.0
163,163,0.0,0.0,0.0,0.0,0.0,0.0,80.3034594730341,85.3448616137918,84.53998145500225,79.60864390655539,67.49149971404312,0.0,0.0,0.0,0.0,0.0
164,164,0.0,0.0,0.0,0.0,0.0,0.0,79.84594088642059,84.9173884081782,84.95591077853017,80.05855919702721,67.56046604130754,0.0,0.0,0.0,0.0,0.0
165,165,0.0,0.0,0.0,0.0,0.0,0.0,79.3880910285503,84.48651830386018,85.3679689291636,80.50778455384963,67.62470899281833,0.0,0.0,0.0,0.0,0.0
166,166,0.0,0.0,0.0,0.0,0.0,0.0,78.93010246113926,84.05253168613295,85.77587446310882,80.95611378271398,67.6841907958884,0.0,0.0,0.0,0.0,0.0
167,167,0.0,0.0,0.0,0.0,0.0,0.0,78.47216828499165,83.61571055585634,86.17932389578334,81.40332675045597,67.73887556391652,0.0,0.0,0.0,0.0,0.0
168,168,0.0,0.0,0.0,0.0,0.0,0.0,78.01446104418811,83.17632227195368,86.57801668063229,81.84920418855862,67.78871889412565,0.0,0.0,0.0,0.0,0.0
169,169,0.0,0.0,0.0,0.0,0.0,0.0,77.55716094961693,82.73463542606834,86.97164724299878,82.29350502252223,67.83369921134846,0.0,0.0,0.0,0.0,0.0
170,170,0.0,0.0,0.0,0.0,0.0,0.0,77.10042812641142,82.29088856579324,87.35991391077575,82.73599667401294,67.87378129926152,0.0,0.0,0.0,0.0,0.0
171,171,0.0,0.0,0.0,0.0,0.0,0.0,76.64441685051891,81.84535227681214,87.74248458200029,83.1764323359723,67.90893196150088,0.0,0.0,0.0,0.0,0.0
172,172,0.0,0.0,0.0,0.0,0.0,0.0,76.1892756321935,81.39824423987174,88.11904883497606,83.61456649362886,67.9391410438957,0.0,0.0,0.0,0.0,0.0
173,173,0.0,0.0,0.0,0.0,0.0,0.0,75.73516034080133,80.94981359925592,88.48928379689819,84.0501232910246,67.96438480878606,0.0,0.0,0.0,0.0,0.0
174,174,0.0,0.0,0.0,0.0,0.0,0.0,75.28219487976706,80.50027260319587,88.8528810344737,84.48283591983616,67.98463639923699,0.0,0.0,0.0,0.0,0.0
175,175,0.0,0.0,0.0,0.0,0.0,0.0,74.83051738159857,80.04984922428967,89.20949339043823,84.91244754726536,67.99989738197304,0.0,0.0,0.0,0.0,0.0
176,176,0.0,0.0,0.0,0.0,0.0,0.0,74.38024771665317,79.59874993781347,89.55880685686651,85.33865432773166,68.01014525885049,0.0,0.0,0.0,0.0,0.0
177,177,0.0,0.0,0.0,0.0,0.0,0.0,73.931500784262,79.14718191961776,89.90049649592383,85.76117870164008,68.01538075087434,0.0,0.0,0.0,0.0,0.0
178,178,0.0,0.0,0.0,0.0,0.0,0.0,73.48439275002981,78.69532452297443,90.2342265188753,86.17972900000763,68.01559628539003,0.0,0.0,0.0,0.0,0.0
179,179,0.0,0.0,0.0,0.0,0.0,0.0,73.03902865395794,78.24338618881534,90.55967836495324,86.59400773402572,68.01079702316741,0.0,0.0,0.0,0.0,0.0
180,180,0.0,0.0,0.0,0.0,0.0,0.0,72.59550887884322,77.7915337175469,90.87652369207771,87.00369459211728,68.00097983230032,0.0,0.0,0.0,0.0,0.0
181,181,0.0,0.0,0.0,0.0,0.0,0.0,72.15392334088408,77.33994191418817,91.18444343658003,87.40848927140256,67.98615431064667,0.0,0.0,0.0,0.0,0.0
182,182,0.0,0.0,0.0,0.0,0.0,0.0,71.71436948970826,76.88878613751105,91.48310961901235,87.80807788416857,67.96632701009639,0.0,0.0,0.0,0.0,0.0
183,183,0.0,0.0,0.0,0.0,0.0,0.0,71.27691705950643,76.43820878523444,91.77222384329976,88.20213282780146,67.94151717731408,0.0,0.0,0.0,0.0,0.0
184,184,0.0,0.0,0.0,0.0,0.0,0.0,70.84166091816105,75.98837999509183,92.05146095082883,88.59033052649636,67.91173573444536,0.0,0.0,0.0,0.0,0.0
185,185,0.0,0.0,0.0,0.0,0.0,0.0,70.4086630819056,75.53943093914826,92.32051711239467,88.97235214488582,67.87700624761563,0.0,0.0,0.0,0.0,0.0
186,186,0.0,0.0,0.0,0.0,0.0,0.0,69.9779935114496,75.09150710788047,92.57910121473249,89.34784802662078,67.83734393363781,0.0,0.0,0.0,0.0,0.0
187,187,0.0,0.0,0.0,0.0,0.0,0.0,69.54972402195305,74.6447419225907,92.82690630073175,89.71651010116148,67.79278703234918,0.0,0.0,0.0,0.0,0.0
188,188,0.0,0.0,0.0,0.0,0.0,0.0,69.12390633019453,74.19925721484488,93.06366866288236,90.07798194202601,67.74335491575036,0.0,0.0,0.0,0.0,0.0
189,189,0.0,0.0,0.0,0.0,0.0,0.0,68.70060533820879,73.75517606282466,93.28909027553463,90.43193167949774,67.6890846505078,0.0,0.0,0.0,0.0,0.0
190,190,0.0,0.0,0.0,0.0,0.0,0.0,68.27986114979872,73.3126103021546,93.50292781042707,90.77802544590578,67.6300048509158,0.0,0.0,0.0,0.0,0.0
191,191,0.0,0.0,0.0,0.0,0.0,0.0,67.86173233728762,72.87166703212912,93.70491449266828,91.11592783038688,67.56616166847265,0.0,0.0,0.0,0.0,0.0
192,192,0.0,0.0,0.0,0.0,0.0,0.0,67.44625855293286,72.43244871638589,93.89481007107196,91.44530235609861,67.49759789088415,0.0,0.0,0.0,0.0,0.0
193,193,0.0,0.0,0.0,0.0,0.0,0.0,0.0,71.99505328533881,94.07237158586777,91.76581197935936,67.42434777478582,0.0,0.0,0.0,0.0,0.0
194,194,0.0,0.0,0.0,0.0,0.0,0.0,0.0,71.55956842099015,94.23739406190903,92.07712924437637,67.34646288341278,0.0,0.0,0.0,0.0,0.0
195,195,0.0,0.0,0.0,0.0,0.0,0.0,0.0,71.12608925968571,94.38966089978017,92.37891774528676,67.26399129237058,0.0,0.0,0.0,0.0,0.0
196,196,0.0,0.0,0.0,0.0,0.0,0.0,0.0,70.69468371961685,94.52899478189207,92.67087139684068,67.17698272291976,0.0,0.0,0.0,0.0,0.0
197,197,0.0,0.0,0.0,0.0,0.0,0.0,0.0,70.26543887393885,94.65519746848977,92.95264717520074,0.0,0.0,0.0,0.0,0.0,0.0
198,198,0.0,0.0,0.0,0.0,0.0,0.0,0.0,69.8384208771166,94.76813145890584,93.22394351052768,0.0,0.0,0.0,0.0,0.0,0.0
199,199,0.0,0.0,0.0,0.0,0.0,0.0,0.0,69.41369798873022,94.86763916058526,93.48446229808818,0.0,0.0,0.0,0.0,0.0,0.0
200,200,0.0,0.0,0.0,0.0,0.0,0.0,0.0,68.99133492353134,94.95358388275132,93.73388948774429,0.0,0.0,0.0,0.0,0.0,0.0
201,201,0.0,0.0,0.0,0.0,0.0,0.0,0.0,68.5713822634821,95.02586053205627,93.9719453164436,0.0,0.0,0.0,0.0,0.0,0.0
202,202,0.0,0.0,0.0,0.0,0.0,0.0,0.0,68.1538983177914,95.08438577161573,94.1983352371031,0.0,0.0,0.0,0.0,0.0,0.0
203,203,0.0,0.0,0.0,0.0,0.0,0.0,0.0,67.73893813518245,95.12906744326578,94.412800659173,0.0,0.0,0.0,0.0,0.0,0.0
204,204,0.0,0.0,0.0,0.0,0.0,0.0,0.0,67.32654329842681,95.159856122623,94.61507951483537,0.0,0.0,0.0,0.0,0.0,0.0
205,205,0.0,0.0,0.0,0.0,0.0,0.0,0.0,0.0,95.17670420378198,94.80491679845089,0.0,0.0,0.0,0.0,0.0,0.0
206,206,0.0,0.0,0.0,0.0,0.0,0.0,0.0,0.0,95.17959686898064,94.98208562311216,0.0,0.0,0.0,0.0,0.0,0.0
207,207,0.0,0.0,0.0,0.0,0.0,0.0,0.0,0.0,95.16852128124948,95.14635726224574,0.0,0.0,0.0,0.0,0.0,0.0
208,208,0.0,0.0,0.0,0.0,0.0,0.0,0.0,0.0,95.14349747712961,95.29752211281537,0.0,0.0,0.0,0.0,0.0,0.0
209,209,0.0,0.0,0.0,0.0,0.0,0.0,0.0,0.0,95.10455773462672,95.43539034918292,0.0,67.26567771851944,0.0,0.0,0.0,0.0
210,210,0.0,0.0,0.0,0.0,0.0,0.0,0.0,0.0,95.05175676169034,95.55978214541484,0.0,67.61324180754168,0.0,0.0,0.0,0.0
211,211,0.0,0.0,0.0,0.0,0.0,0.0,0.0,0.0,94.98516126699411,95.67054889781548,0.0,67.96122503197267,0.0,0.0,0.0,0.0
212,212,0.0,0.0,0.0,0.0,0.0,0.0,0.0,0.0,94.90484979959439,95.76752172916096,0.0,68.3095316015418,0.0,0.0,0.0,0.0
213,213,0.0,0.0,0.0,0.0,0.0,0.0,0.0,0.0,94.81094320835275,95.85059506336759,0.0,68.65806791983765,0.0,0.0,0.0,0.0
214,214,0.0,0.0,0.0,0.0,0.0,0.0,0.0,0.0,94.70355312664856,95.9196437544431,0.0,69.00673199879019,0.0,0.0,0.0,0.0
215,215,0.0,0.0,0.0,0.0,0.0,0.0,0.0,0.0,94.58281241132862,95.97458592964584,0.0,69.35542408674472,0.0,0.0,0.0,0.0
216,216,0.0,0.0,0.0,0.0,0.0,0.0,0.0,0.0,94.44889499085991,96.01535198191507,0.0,69.70403035040215,0.0,0.0,0.0,0.0
217,217,0.0,0.0,0.0,0.0,0.0,0.0,0.0,0.0,94.30194432391774,96.04187425717613,0.0,70.0524390269143,0.0,0.0,0.0,0.0
218,218,0.0,0.0,0.0,0.0,0.0,0.0,0.0,0.0,94.14217436756785,96.05411863687853,0.0,70.40053504406633,0.0,0.0,0.0,0.0
219,219,0.0,0.0,0.0,0.0,0.0,0.0,0.0,0.0,93.96976779002541,96.05208467951786,0.0,70.74820000098083,0.0,0.0,0.0,0.0
220,220,0.0,0.0,0.0,0.0,0.0,0.0,0.0,0.0,93.78494621593195,96.03576371840873,0.0,71.09531215285492,0.0,0.0,0.0,0.0
221,221,0.0,0.0,0.0,0.0,0.0,0.0,0.0,0.0,93.5879293691897,96.0051807886651,0.0,71.44174060007327,0.0,0.0,0.0,0.0
222,222,0.0,0.0,0.0,0.0,0.0,0.0,0.0,0.0,93.37895461199187,95.96036313582329,0.0,71.78735671284389,0.0,0.0,0.0,0.0
223,223,0.0,0.0,0.0,0.0,0.0,0.0,0.0,0.0,93.15827622889792,95.90139244462675,0.0,72.13202258519202,0.0,0.0,0.0,0.0
224,224,0.0,0.0,0.0,0.0,0.0,0.0,0.0,0.0,92.92616467107727,95.82834182013086,0.0,72.47559672535488,0.0,0.0,0.0,0.0
225,225,0.0,0.0,0.0,0.0,0.0,0.0,0.0,0.0,92.68288624197332,95.74129657215695,0.0,72.81794611521636,0.0,0.0,0.0,0.0
226,226,0.0,0.0,0.0,0.0,0.0,0.0,0.0,0.0,92.42871251739996,95.64037480158697,0.0,73.15891638010679,0.0,0.0,0.0,0.0
227,227,0.0,0.0,0.0,0.0,0.0,0.0,0.0,0.0,92.16393912027216,95.5257165541399,0.0,73.49835551605575,0.0,0.0,0.0,0.0
228,228,0.0,0.0,0.0,0.0,0.0,0.0,0.0,0.0,91.88885583442547,95.39747302934568,0.0,73.8361141999685,0.0,0.0,0.0,0.0
229,229,0.0,0.0,0.0,0.0,0.0,0.0,0.0,0.0,91.6037749499276,95.25580622024745,0.0,74.17202735160937,0.0,0.0,0.0,0.0
230,230,0.0,0.0,0.0,0.0,0.0,0.0,0.0,0.0,91.30901117217633,95.10088853408573,0.0,74.50593884298543,0.0,0.0,0.0,0.0
231,231,0.0,0.0,0.0,0.0,0.0,0.0,0.0,0.0,91.00485283377736,94.93293311910135,0.0,74.83768301853033,0.0,0.0,0.0,0.0
232,232,0.0,0.0,0.0,0.0,0.0,0.0,0.0,0.0,90.69164644397539,94.75214185601573,0.0,75.16708447037784,67.58271452270361,0.0,0.0,0.0
233,233,0.0,0.0,0.0,0.0,0.0,0.0,0.0,0.0,90.36969214126673,94.55875607096763,0.0,75.49397725349309,67.90519046441362,0.0,0.0,0.0
234,234,0.0,0.0,0.0,0.0,0.0,0.0,0.0,0.0,90.03931853332499,94.35299471044246,0.0,75.81817939012029,68.22719314180254,0.0,0.0,0.0
235,235,0.0,0.0,0.0,0.0,0.0,0.0,0.0,0.0,89.70086291210794,94.1351249814939,0.0,76.13951874632822,68.54860099705498,0.0,0.0,0.0
236,236,0.0,0.0,0.0,0.0,0.0,0.0,0.0,0.0,89.35463412425047,93.90540076637478,0.0,76.45781374963454,68.86931070037349,0.0,0.0,0.0
237,237,0.0,0.0,0.0,0.0,0.0,0.0,0.0,0.0,89.00097617888873,93.66410243446839,0.0,76.77287321256611,69.1892000690634,0.0,0.0,0.0
238,238,0.0,0.0,0.0,0.0,0.0,0.0,0.0,0.0,88.64020387246892,93.41151594152439,0.0,77.08451642736743,69.50814927759706,0.0,0.0,0.0
239,239,0.0,0.0,0.0,0.0,0.0,0.0,0.0,0.0,88.27263887242137,93.14792239380846,0.0,77.39254660526389,69.8260355736673,0.0,0.0,0.0
240,240,0.0,0.0,0.0,0.0,0.0,0.0,0.0,0.0,87.89861773430526,92.87363697383918,0.0,77.69677790579107,70.14273887946656,0.0,0.0,0.0
241,241,0.0,0.0,0.0,0.0,0.0,0.0,0.0,0.0,87.51846465561832,92.58895878770751,0.0,77.9970084601937,70.4581251349113,0.0,0.0,0.0
242,242,0.0,0.0,0.0,0.0,0.0,0.0,0.0,0.0,87.1324828608921,92.29421928791864,0.0,78.29305481883965,70.77206288902016,0.0,0.0,0.0
243,243,0.0,0.0,0.0,0.0,0.0,0.0,0.0,0.0,86.7409977876117,91.98971345935993,0.0,78.5847037731731,71.08441783517736,0.0,0.0,0.0
244,244,0.0,0.0,0.0,0.0,0.0,0.0,0.0,0.0,86.34433019955745,91.67579604802312,0.0,78.87176803884721,71.39504704974166,0.0,0.0,0.0
245,245,0.0,0.0,0.0,0.0,0.0,0.0,0.0,0.0,85.9427707089849,91.35276524301342,0.0,79.15404474470212,71.70381630525227,0.0,0.0,0.0
246,246,0.0,0.0,0.0,0.0,0.0,0.0,0.0,0.0,85.53663057604061,91.0209771288074,0.0,79.43132944938202,72.01057704448462,0.0,0.0,0.0
247,247,0.0,0.0,0.0,0.0,0.0,0.0,0.0,0.0,85.12621557575648,90.6807590061966,0.0,79.70342356092978,72.31517781357196,0.0,0.0,0.0
248,248,0.0,0.0,0.0,0.0,0.0,0.0,0.0,0.0,84.71180946157752,90.33244701463067,0.0,79.97012752236459,72.61747630339086,0.0,0.0,0.0
249,249,0.0,0.0,0.0,0.0,0.0,0.0,0.0,0.0,84.29370686173763,89.97637608898255,0.0,80.23124102412991,72.91731574125754,67.43190641800028,0.0,0.0
250,250,0.0,0.0,0.0,0.0,0.0,0.0,0.0,0.0,83.8721803221378,89.6128886144381,0.0,80.48655586411783,73.21453664641314,67.68613784051223,0.0,0.0
251,251,0.0,0.0,0.0,0.0,0.0,0.0,0.0,0.0,83.44751260507867,89.24231550140034,0.0,80.73588557816711,73.50898918874894,67.9381864410666,0.0,0.0
252,252,0.0,0.0,0.0,0.0,0.0,0.0,0.0,0.0,83.01997224680063,88.86498510552161,0.0,80.97901419644937,73.80050900546517,68.18793431549271,0.0,0.0
253,253,0.0,0.0,0.0,0.0,0.0,0.0,0.0,0.0,82.5898138416211,88.48124951611815,0.0,81.21576305670291,74.08892927858093,68.43526195307393,0.0,0.0
254,254,0.0,0.0,0.0,0.0,0.0,0.0,0.0,0.0,82.15730902696897,88.09142127700127,0.0,81.44591676449431,74.37409969307161,68.68004829768306,0.0,0.0
255,255,0.0,0.0,0.0,0.0,0.0,0.0,0.0,0.0,81.72269206063119,87.69582702396737,0.0,81.66930576078578,74.65583659330485,68.92217621144823,0.0,0.0
256,256,0.0,0.0,0.0,0.0,0.0,0.0,0.0,0.0,81.2862139320137,87.29480636573568,0.0,81.88571638602974,74.93397933235697,69.16151642597804,67.25281571490432,0.0
257,257,0.0,0.0,0.0,0.0,0.0,0.0,0.0,0.0,80.84810396037193,86.88865929218917,0.0,82.0949818416162,75.20835920401183,69.39795460569384,67.55902931800848,0.0
258,258,0.0,0.0,0.0,0.0,0.0,0.0,0.0,0.0,80.40859260840358,86.47771547888215,0.0,82.29691436136332,75.47880580864305,69.6313589256008,67.8644589432748,0.0
259,259,0.0,0.0,0.0,0.0,0.0,0.0,0.0,0.0,79.96789652444983,86.06227348751911,0.0,82.49132809913357,75.74514718917504,69.86160178521797,68.16899776235265,0.0
260,260,0.0,0.0,0.0,0.0,0.0,0.0,0.0,0.0,79.52623330954474,85.64265175342624,0.0,82.67805494238608,76.00720997484075,70.08856566378691,68.47253111590229,0.0
261,261,0.0,0.0,0.0,0.0,0.0,0.0,0.0,0.0,79.08380690753917,85.21912937038557,0.0,82.8569217260076,76.26481953273759,70.31212109856617,68.77495241242214,0.0
262,262,0.0,0.0,0.0,0.0,0.0,0.0,0.0,0.0,78.64081504770549,84.79201290071936,0.0,83.02775816089742,76.51780012715867,70.53213772810534,69.07613650260927,0.0
263,263,0.0,0.0,0.0,0.0,0.0,0.0,0.0,0.0,78.19745621897705,84.36158602849427,0.0,83.1904206986842,76.76598178325806,70.74849008250882,69.37596633625837,0.0
264,264,0.0,0.0,0.0,0.0,0.0,0.0,0.0,0.0,77.75390870224398,83.92812624163555,0.0,83.3447379873477,77.00919393514093,70.96105213952008,69.67432242315259,0.0
265,265,0.0,0.0,0.0,0.0,0.0,0.0,0.0,0.0,77.31035177703555,83.49190470082195,0.0,83.49057391420509,77.24725203873493,71.16969743092758,69.97107173259346,0.0
266,266,0.0,0.0,0.0,0.0,0.0,0.0,0.0,0.0,76.86695866793752,83.0531939662987,0.0,83.62778867789979,77.4799914525482,71.37429336408051,70.26608969689924,0.0
267,267,0.0,0.0,0.0,0.0,0.0,0.0,0.0,0.0,76.4238899690518,82.61224422357351,0.0,83.7562468597356,77.7072339341839,71.57471863815434,70.55924374602553,0.0
268,268,0.0,0.0,0.0,0.0,0.0,0.0,0.0,0.0,75.98130065653888,82.16930705596243,0.0,83.87582565265876,77.9288150383485,71.77084612771003,70.8504045236051,0.0
269,269,0.0,0.0,0.0,0.0,0.0,0.0,0.0,0.0,75.53934664302284,81.7246349718101,0.0,83.98639916616776,78.14456389117304,71.96254872702748,71.13942891529994,0.0
270,270,0.0,0.0,0.0,0.0,0.0,0.0,0.0,0.0,75.09816524941637,81.27845842842373,0.0,84.0878626432408,78.35431715370107,72.14970539143593,71.4261828257042,0.0
271,271,0.0,0.0,0.0,0.0,0.0,0.0,0.0,0.0,74.65790137657292,80.8310163306209,0.0,84.18011675208238,78.55790538914373,72.3321954711826,71.71053001497202,0.0
272,272,0.0,0.0,0.0,0.0,0.0,0.0,0.0,0.0,74.21868806323971,80.38251114051364,0.0,84.26306776550814,78.75516014101112,72.50988688787236,71.99232038284207,0.0
273,273,0.0,0.0,0.0,0.0,0.0,0.0,0.0,0.0,73.78063457885385,79.93317586497687,0.0,84.33662773285415,78.94593540123239,72.68266599358114,72.27141332169107,0.0
274,274,0.0,0.0,0.0,0.0,0.0,0.0,0.0,0.0,73.34387651558245,79.48320741115877,0.0,84.40073083360107,79.13005852387191,72.85042004062073,72.54766030910085,0.0
275,275,0.0,0.0,0.0,0.0,0.0,0.0,0.0,0.0,72.90852573244278,79.0328108306564,0.0,84.45530121606997,79.30739410773099,73.01301913397432,72.82091078933647,0.0
276,276,0.0,0.0,0.0,0.0,0.0,0.0,0.0,0.0,72.47467751239235,78.58217749070675,0.0,84.50028547653264,79.47777322787596,73.17036463869181,73.09101833479889,0.0
277,277,0.0,0.0,0.0,0.0,0.0,0.0,0.0,0.0,72.04244675469653,78.13148552370069,0.0,84.53563662202897,79.64107216793406,73.32232887380819,73.35782873497843,0.0
278,278,0.0,0.0,0.0,0.0,0.0,0.0,0.0,0.0,71.61192003194543,77.68092085082147,0.0,84.56132228539659,79.79713392271375,73.46881595235081,73.62118603563383,0.0
279,279,0.0,0.0,0.0,0.0,0.0,0.0,0.0,0.0,71.18319740038963,77.2306425563132,0.0,84.57731669043962,79.94582580131609,73.60970711283072,73.88093885210513,0.0
280,280,0.0,0.0,0.0,0.0,0.0,0.0,0.0,0.0,70.7563630071583,76.78083103732473,0.0,84.58359257083083,80.08702547413566,73.74490982045042,74.13693445629447,0.0
281,281,0.0,0.0,0.0,0.0,0.0,0.0,0.0,0.0,70.33149150075894,76.33163353772574,0.0,84.58015372827396,80.22059935544571,73.87432114325885,74.38900631926155,0.0
282,282,0.0,0.0,0.0,0.0,0.0,0.0,0.0,0.0,69.90866512343288,75.88319196783311,0.0,84.567010658999,80.34642456584626,73.99784010395351,74.6370117986697,0.0
283,283,0.0,0.0,0.0,0.0,0.0,0.0,0.0,0.0,69.48796215811923,75.43566884735756,0.0,84.5441561638166,80.4643966075479,74.11536781309385,74.88078213657677,0.0
284,284,0.0,0.0,0.0,0.0,0.0,0.0,0.0,0.0,69.06943534637773,74.98918195835272,0.0,84.51163033690946,80.57440024948764,74.22682638480266,75.12016024496,0.0
285,285,0.0,0.0,0.0,0.0,0.0,0.0,0.0,0.0,68.6531614975907,74.54386987215472,0.0,84.46945550892991,80.67633908742043,74.33212794214798,75.35499481163734,0.0
286,286,0.0,0.0,0.0,0.0,0.0,0.0,0.0,0.0,68.23919232712318,74.09985308862082,0.0,84.41768489103788,80.77012107624718,74.43118714106511,75.58512117196791,0.0
287,287,0.0,0.0,0.0,0.0,0.0,0.0,0.0,0.0,67.82758720623718,73.65725338128644,0.0,84.35637000352666,80.85565125414006,74.52392128952806,75.81038719466075,0.0
288,288,0.0,0.0,0.0,0.0,0.0,0.0,0.0,0.0,67.41839195183753,73.21618134183795,0.0,84.28556870155016,80.932854149524,74.61026944227044,76.03063412486408,0.0
289,289,0.0,0.0,0.0,0.0,0.0,0.0,0.0,0.0,0.0,72.77674286860284,0.0,84.20535312567401,81.00165169731596,74.69015468331035,76.24570977087905,0.0
290,290,0.0,0.0,0.0,0.0,0.0,0.0,0.0,0.0,0.0,72.33903332034518,0.0,84.11580949948512,81.06198570545575,74.76351577811786,76.45545557460186,0.0
291,291,0.0,0.0,0.0,0.0,0.0,0.0,0.0,0.0,0.0,71.90315560071654,0.0,84.01702184862654,81.11379565001462,74.83029467064594,76.65971996030072,0.0
292,292,0.0,0.0,0.0,0.0,0.0,0.0,0.0,0.0,0.0,71.46919632969943,0.0,83.909087935866,81.1570336956626,74.89043656784278,76.85835197876195,0.0
293,293,0.0,0.0,0.0,0.0,0.0,0.0,0.0,0.0,0.0,71.03723812384519,0.0,83.79212696792476,81.19165733577695,74.9438900205227,77.05120148652782,0.0
294,294,0.0,0.0,0.0,0.0,0.0,0.0,0.0,0.0,0.0,70.60735969394919,0.0,83.66624735298534,81.21762946782333,74.99061339083522,77.23812610826837,0.0
295,295,0.0,0.0,0.0,0.0,0.0,0.0,0.0,0.0,0.0,70.17964153993593,0.0,83.53156259076938,81.23493345843512,75.03057495929592,77.41897796040054,67.55930420979682
296,296,0.0,0.0,0.0,0.0,0.0,0.0,0.0,0.0,0.0,69.75414912343211,0.0,83.38822268332119,81.24354321556406,75.06373380148082,77.59361736065487,67.98276142577774
297,297,0.0,0.0,0.0,0.0,0.0,0.0,0.0,0.0,0.0,69.33095002940263,0.0,83.23635037357987,81.24346070923141,75.09006541368653,77.76190629778657,68.40914076719919
298,298,0.0,0.0,0.0,0.0,0.0,0.0,0.0,0.0,0.0,68.91010293368319,0.0,83.07609638262132,81.2346784934512,75.10954898422871,77.92370861598019,68.83839279875315
299,299,0.0,0.0,0.0,0.0,0.0,0.0,0.0,0.0,0.0,68.49166868898696,0.0,82.90760747958518,81.21720220951399,75.12216742477453,78.07889020085085,69.27048652992096
