,time,257,302,324,369,391,436,481,503,548,570,414,347,526,280,459,392,325,504,571,437,258,370,303,549,482,415
0,0,69.32237535639972,76.0411721470173,85.73931992545745,91.09211265485789,75.93628359026404,97.86506253966732,69.82220727039602,94.63291569390123,71.27019771081744,70.47453951094994,0.0,0.0,0.0,0.0,0.0,0.0,0.0,0.0,0.0,0.0,0.0,0.0,0.0,0.0,0.0,0.0
1,1,69.17592916636403,76.43328919889922,85.31448762154648,91.49728232276664,75.47231302484883,97.9558942454808,70.26145565128857,94.3749424232418,71.62144355786683,70.27787953429086,0.0,0.0,0.0,0.0,0.0,0.0,0.0,0.0,0.0,0.0,0.0,0.0,0.0,0.0,0.0,0.0
2,2,69.02507029772003,76.82419934343245,84.88603230241497,91.89539046455835,75.00996226061274,98.03178903559,70.70340812120236,94.10558946564922,71.97190086132372,70.07727452915637,0.0,0.0,0.0,0.0,0.0,0.0,0.0,0.0,0.0,0.0,0.0,0.0,0.0,0.0,0.0,0.0
3,3,68.86989818837732,77.21372179088804,84.45422321980574,92.28605993895697,74.54933234295676,98.09263333241186,71.1480103378059,93.8251834255681,72.3214359092366,69.8728401650047,0.0,0.0,0.0,0.0,0.0,0.0,0.0,0.0,0.0,0.0,0.0,0.0,0.0,0.0,0.0,0.0
4,4,68.71049683232897,77.60167097561703,84.01935615012617,92.66891964467366,74.09055111414509,98.13835992065067,71.59519879342564,93.53403469687532,72.66989354025755,69.66470299285106,0.0,0.0,0.0,0.0,0.0,0.0,0.0,0.0,0.0,0.0,0.0,0.0,0.0,0.0,0.0,0.0
5,5,68.54697777543403,77.9878565817497,83.58169602647868,93.04359557670746,73.63371594137317,98.16889355736517,72.04490624501622,93.23247698243765,73.01714475748517,69.45298356600347,0.0,0.0,0.0,0.0,0.0,0.0,0.0,0.0,0.0,0.0,0.0,0.0,0.0,0.0,0.0,0.0
6,6,68.37943156023137,78.37207659908648,83.14152520482577,93.40970142544266,73.17892579989555,98.18419488848619,72.49706160347188,92.92085624457192,73.36302701851908,69.23780195156186,0.0,0.0,0.0,0.0,0.0,0.0,0.0,0.0,0.0,0.0,0.0,0.0,0.0,0.0,0.0,0.0
7,7,68.2079598689167,78.75413112401745,82.699087716291,93.76685872179362,72.72626898455204,98.1842387073063,72.95158377473878,92.59949078698203,73.70738603288589,69.0192722200096,0.0,0.0,0.0,0.0,0.0,0.0,0.0,0.0,0.0,0.0,0.0,0.0,0.0,0.0,0.0,0.0
8,8,68.03265938737827,79.13380852585854,82.25466005364126,94.11469779610115,72.27584734191198,98.16903592428937,73.40839341560078,92.2687490884529,74.05007013298972,68.79752403965301,0.0,0.0,0.0,0.0,0.0,0.0,0.0,0.0,0.0,0.0,0.0,0.0,0.0,0.0,0.0,0.0
9,9,67.8536375448364,79.51089954385138,81.80846537266126,94.45284860131432,71.82772837626237,98.13858975515649,73.86740699715729,91.92896105962335,74.39091172994205,68.57266466050064,0.0,0.0,0.0,0.0,0.0,0.0,0.0,0.0,0.0,0.0,0.0,0.0,0.0,0.0,0.0,0.0
10,10,67.6709965338608,79.88518320486646,81.36075868907479,94.78093111063434,71.38199351900168,98.09295042750134,74.32852413704795,91.5804760831863,74.72975216472136,68.34482730232948,0.0,0.0,0.0,0.0,0.0,0.0,0.0,0.0,0.0,0.0,0.0,0.0,0.0,0.0,0.0,0.0
11,11,67.4848385340882,80.25643389838423,80.91175782081098,95.09857615818179,70.93871998979772,98.03218218300736,74.79164577316713,91.22366175924832,75.06641031487544,68.11411746356958,0.0,0.0,0.0,0.0,0.0,0.0,0.0,0.0,0.0,0.0,0.0,0.0,0.0,0.0,0.0,0.0
12,12,67.29526047892355,80.62443625882459,80.4617038863003,95.40542644382562,70.49797526610583,97.9563740156915,75.25667443321248,90.8588651046307,75.40072055670409,67.88065562531236,0.0,0.0,0.0,0.0,0.0,0.0,0.0,0.0,0.0,0.0,0.0,0.0,0.0,0.0,0.0,0.0
13,13,0.0,80.98894123617286,80.01079418350622,95.70111671240564,70.05981197220281,97.86562849028589,75.72348845375993,90.48643140537253,75.73250110199395,67.6445662388276,0.0,0.0,0.0,0.0,0.0,0.0,0.0,0.0,0.0,0.0,0.0,0.0,0.0,0.0,0.0,0.0
14,14,0.0,81.34972505641788,79.5592561860486,95.98531599184082,69.62429622099891,97.76007234245354,76.1919670462816,90.10671297059511,76.06157322646452,67.40595165445993,0.0,0.0,0.0,0.0,0.0,0.0,0.0,0.0,0.0,0.0,0.0,0.0,0.0,0.0,0.0,0.0
15,15,0.0,81.70654518636566,79.1072744083023,96.25766602068292,69.19147947816101,97.63984522309262,76.66199725410665,89.72006828920652,76.38775500815048,67.16493892493662,0.0,0.0,0.0,0.0,0.0,0.0,0.0,0.0,0.0,0.0,0.0,0.0,0.0,0.0,0.0,0.0
16,16,0.0,82.05915513945348,78.655055750346,96.51783397309302,68.76141546936503,97.50511015418218,77.13343409180334,89.32683399409814,76.71086142113148,0.0,0.0,0.0,0.0,0.0,0.0,0.0,0.0,0.0,0.0,0.0,0.0,0.0,0.0,0.0,0.0,0.0
17,17,0.0,82.40732009241232,78.20277927345529,96.76550309814552,68.33414402476926,97.35605299089964,77.60615353301573,88.92737018726083,77.03069769591555,0.0,0.0,0.0,0.0,0.0,0.0,0.0,0.0,0.0,0.0,0.0,0.0,0.0,0.0,0.0,0.0,0.0
18,18,0.0,82.75077103971266,77.75062494273622,97.00036297976739,67.90970232090667,97.19288181422884,78.07999170932452,88.52199650901436,77.3470727516898,0.0,0.0,0.0,0.0,0.0,0.0,0.0,0.0,0.0,0.0,0.0,0.0,0.0,0.0,0.0,0.0,0.0
19,19,0.0,83.08927432660391,77.2987664961497,97.22211020811166,67.4881404931297,97.01579417129109,78.55481282575141,88.11107281839486,77.65978589197029,0.0,0.0,0.0,0.0,0.0,0.0,0.0,0.0,0.0,0.0,0.0,0.0,0.0,0.0,0.0,0.0,0.0
20,20,0.0,83.4225622955614,76.84736480343535,97.43047062681671,67.06949008895853,96.82504089207549,79.03044019057113,87.69491814925057,77.96865429735314,0.0,0.0,0.0,0.0,0.0,0.0,0.0,0.0,0.0,0.0,0.0,0.0,0.0,0.0,0.0,0.0,0.0
21,21,0.0,83.75038805932648,76.3965882325467,97.62514628518014,0.0,96.62087166738966,79.50671863394447,87.27385534140294,78.27345828860776,0.0,67.23041406142445,0.0,0.0,0.0,0.0,0.0,0.0,0.0,0.0,0.0,0.0,0.0,0.0,0.0,0.0,0.0
22,22,0.0,84.07248653359393,75.94657917620745,97.80590240838143,0.0,96.40353467941881,79.9834579666478,86.84822749182615,78.57401730467727,0.0,67.64900712397856,0.0,0.0,0.0,0.0,0.0,0.0,0.0,0.0,0.0,0.0,0.0,0.0,0.0,0.0,0.0
23,23,0.0,84.38859027900978,75.49748121528296,97.97248175652192,0.0,96.1733183084381,80.46048265683439,86.41833702837194,78.87010684927726,0.0,68.07045477716132,0.0,0.0,0.0,0.0,0.0,0.0,0.0,0.0,0.0,0.0,0.0,0.0,0.0,0.0,0.0
24,24,0.0,84.6984624052881,75.04943241734648,98.12468123416762,0.0,95.93050794004822,80.9375958259746,85.98449758134402,79.1615354099443,0.0,68.49471271410532,0.0,0.0,0.0,0.0,0.0,0.0,0.0,0.0,0.0,0.0,0.0,0.0,0.0,0.0,0.0
25,25,0.0,85.00181594788616,74.60256542962897,98.26226533603182,0.0,95.6754167996247,81.41460089452443,85.54700798367452,79.44809574651146,0.0,68.92174976971913,0.0,0.0,0.0,0.0,0.0,0.0,0.0,0.0,0.0,0.0,0.0,0.0,0.0,0.0,0.0
26,26,0.0,85.29841164664512,74.15700757598101,98.38506505768328,0.0,95.4083433728931,81.89128671125896,85.10617720943615,79.72957178877824,0.0,69.35151603990234,0.0,0.0,0.0,0.0,0.0,0.0,0.0,0.0,0.0,0.0,0.0,0.0,0.0,0.0,0.0
27,27,0.0,85.58797675663973,73.71287478285066,98.49291293125765,0.0,95.12961247547034,82.36743476171569,84.66229078071909,80.00576768852518,0.0,69.78396391471226,0.0,0.0,0.0,0.0,0.0,0.0,0.0,0.0,0.0,0.0,0.0,0.0,0.0,0.0,0.0
28,28,0.0,85.8702545340714,73.27027815312606,98.58564330885235,0.0,94.83955356866691,82.8428113197547,84.21562760691629,80.27646484707287,0.0,70.21904271815362,0.0,0.0,0.0,0.0,0.0,0.0,0.0,0.0,0.0,0.0,0.0,0.0,0.0,0.0,0.0
29,29,0.0,86.14499671327471,72.82933009264885,98.66313691819862,0.0,94.53852041844038,83.31719062764923,83.76646784505145,80.54146562952444,0.0,70.65669861232652,0.0,0.0,0.0,0.0,0.0,0.0,0.0,0.0,0.0,0.0,0.0,0.0,0.0,0.0,0.0
30,30,0.0,86.41193867344712,72.3901261842161,98.72528824699003,0.0,94.22684942677952,83.79033183351812,83.3150766015856,80.80056464903677,0.0,71.09686301250335,0.0,0.0,0.0,0.0,0.0,0.0,0.0,0.0,0.0,0.0,0.0,0.0,0.0,0.0,0.0
31,31,0.0,86.67084196881879,71.95276366477012,98.77199472737134,0.0,93.90488971297545,84.26197046617935,82.86171989104061,81.05354129829904,0.0,71.53946921941171,0.0,0.0,0.0,0.0,0.0,0.0,0.0,0.0,0.0,0.0,0.0,0.0,0.0,0.0,0.0
32,32,0.0,86.92143536922103,71.51732954291488,98.80320131354367,0.0,93.57300214728772,84.73185833141403,82.40664871824886,81.30020460859448,0.0,71.98445855539788,0.0,0.0,0.0,0.0,0.0,0.0,0.0,0.0,0.0,0.0,0.0,0.0,0.0,0.0,0.0
33,33,0.0,87.1635006010815,71.08391828128133,98.81886748636917,0.0,93.23154849656183,85.19971539422343,81.95010709854621,81.54034908350037,0.0,72.43174522067771,0.0,0.0,0.0,0.0,0.0,0.0,0.0,0.0,0.0,0.0,0.0,0.0,0.0,0.0,0.0
34,34,0.0,87.39678737354777,70.65259716538569,98.8189673575123,0.0,92.88089081218006,85.66527016051823,81.49232448798975,81.77376210785997,0.0,72.88125696978783,0.0,0.0,0.0,0.0,0.0,0.0,0.0,0.0,0.0,0.0,0.0,0.0,0.0,0.0,0.0
35,35,0.0,87.62105645504323,70.2234526222315,98.80350083258791,0.0,92.52139084042436,86.12822692125648,81.0335460463917,82.00026221447484,0.0,73.3328994470116,0.0,0.0,0.0,0.0,0.0,0.0,0.0,0.0,0.0,0.0,0.0,0.0,0.0,0.0,0.0
36,36,0.0,87.83608030693121,69.79655019446668,98.7724825251275,0.0,92.15341910652444,86.58830752821376,80.57397973198165,82.21964642188507,0.0,73.78659207065805,0.0,0.0,0.0,0.0,0.0,0.0,0.0,0.0,0.0,0.0,0.0,0.0,0.0,0.0,0.0
37,37,0.0,88.0416436974689,69.37195753710947,98.72596387392605,0.0,91.7773539796225,87.04519257809164,80.11384906259514,82.43172077528531,0.0,74.24222521497131,0.0,0.0,0.0,0.0,0.0,0.0,0.0,0.0,0.0,0.0,0.0,0.0,0.0,0.0,0.0
38,38,0.0,88.23753544541907,68.94973337216457,98.66401081088475,0.0,91.39354277617649,87.49858933382252,79.65334862677628,82.63629307111584,0.0,74.69970294984033,0.0,0.0,0.0,0.0,0.0,0.0,0.0,0.0,0.0,0.0,0.0,0.0,0.0,0.0,0.0
39,39,0.0,88.42353102892233,68.52993858860879,98.58671463358455,0.0,91.00236833663597,87.94816335252003,79.1926881391041,82.83318093910613,0.0,75.15891840850307,0.0,0.0,0.0,0.0,0.0,0.0,0.0,0.0,0.0,0.0,0.0,0.0,0.0,0.0,0.0
40,40,0.0,88.59944613264425,68.11262546461711,98.49416964882015,0.0,90.60418163008455,88.39359013881108,78.73204193698001,83.02221230987324,0.0,75.61975978695851,0.0,0.0,0.0,0.0,0.0,0.0,0.0,0.0,0.0,0.0,0.0,0.0,0.0,0.0,0.0
41,41,0.0,88.76508401211723,67.69784329287849,98.38651702226497,0.0,90.1993580060694,88.83454727088157,78.27161334961501,83.20321013112543,0.0,76.08209050068413,0.0,0.0,0.0,0.0,0.0,0.0,0.0,0.0,0.0,0.0,0.0,0.0,0.0,0.0,0.0
42,42,0.0,88.92026247240567,67.28563846921809,98.26390021032941,0.0,89.78824971785573,89.27068789861772,77.81156391251753,83.37599247038992,0.0,76.54580113661817,0.0,0.0,0.0,0.0,0.0,0.0,0.0,0.0,0.0,0.0,0.0,0.0,0.0,0.0,0.0
43,43,0.0,89.06481438842077,0.0,98.12649754416138,0.0,89.37120451665818,89.70166754380627,77.35205628135614,83.5404043640368,0.0,77.01075070079783,0.0,0.0,0.0,0.0,0.0,0.0,0.0,0.0,0.0,0.0,0.0,0.0,0.0,0.0,0.0
44,44,0.0,89.19857914772379,0.0,97.97447787118382,0.0,88.94858327143994,90.12713559064254,76.89326733910411,83.69629467943606,0.0,77.47679217907,0.0,0.0,0.0,0.0,0.0,0.0,0.0,0.0,0.0,0.0,0.0,0.0,0.0,0.0,0.0
45,45,0.0,89.32139390501258,0.0,97.80807654637904,0.0,88.52072315395314,90.54673559468318,76.43533397029445,83.84350038991991,0.0,77.94377932911486,0.0,0.0,0.0,0.0,0.0,0.0,0.0,0.0,0.0,0.0,0.0,0.0,0.0,0.0,0.0
46,46,0.0,89.4331392261574,0.0,97.62749651813753,0.0,88.087964641491,90.96010562122083,75.978414187173,83.98187861927303,0.0,78.41156000244146,0.0,0.0,0.0,0.0,0.0,0.0,0.0,0.0,0.0,0.0,0.0,0.0,0.0,0.0,0.0
47,47,0.0,89.53366694798552,0.0,97.43298409882627,0.0,87.65064207083407,91.36687861359898,75.52264027150389,84.111299129601,0.0,78.87996897865946,67.33468798482889,0.0,0.0,0.0,0.0,0.0,0.0,0.0,0.0,0.0,0.0,0.0,0.0,0.0,0.0
48,48,0.0,89.62288218837894,0.0,97.22479554896047,0.0,87.20909202352941,91.76668279188036,75.06815207203881,84.23163661782796,0.0,79.34883460907623,67.75574792028351,0.0,0.0,0.0,0.0,0.0,0.0,0.0,0.0,0.0,0.0,0.0,0.0,0.0,0.0
49,49,0.0,89.70066175643886,0.0,97.0032178612907,0.0,86.76361843726892,92.15915173365502,74.61506469677244,84.34276285422044,0.0,79.81797872760166,68.17970341364153,0.0,0.0,0.0,0.0,0.0,0.0,0.0,0.0,0.0,0.0,0.0,0.0,0.0,0.0
50,50,0.0,89.7669273137808,0.0,96.7685144284604,0.0,86.31454452060068,92.54390577347776,74.16350727316458,84.44456300802281,0.0,80.28721656901887,68.60652660124515,0.0,0.0,0.0,0.0,0.0,0.0,0.0,0.0,0.0,0.0,0.0,0.0,0.0,0.0
51,51,0.0,89.82160001257502,0.0,96.52098870836052,0.0,85.86218611760661,92.92056189486144,73.71359103548916,84.53693596451986,0.0,80.7563566953214,69.03616569370129,0.0,0.0,0.0,0.0,0.0,0.0,0.0,0.0,0.0,0.0,0.0,0.0,0.0,0.0
52,52,0.0,89.86460977467573,0.0,96.26097224675843,0.0,85.40682668412072,93.28875403010068,73.2654223922276,84.61978647158472,0.0,81.22518593644979,69.46858740995529,0.0,0.0,0.0,0.0,0.0,0.0,0.0,0.0,0.0,0.0,0.0,0.0,0.0,0.0
53,53,0.0,89.89592299515236,0.0,95.98877105903648,0.0,84.94875948747324,93.64809451135967,72.81910303249362,84.69304161970052,0.0,81.69350638741103,69.90373382056235,0.0,0.0,0.0,0.0,0.0,0.0,0.0,0.0,0.0,0.0,0.0,0.0,0.0,0.0
54,54,0.0,89.91547842851041,0.0,95.70470747529893,0.0,84.48827849948049,93.99821403393337,72.37473598642119,84.75661031732585,0.0,82.16109830715459,70.34156023175946,0.0,0.0,0.0,0.0,0.0,0.0,0.0,0.0,0.0,0.0,0.0,0.0,0.0,0.0
55,55,0.0,89.92326990438806,0.0,95.40915021455133,0.0,84.02564577289415,94.33873265346554,71.93239597247245,84.81042412632975,0.0,82.62772697320176,70.78200766408274,0.0,0.0,0.0,0.0,0.0,0.0,0.0,0.0,0.0,0.0,0.0,0.0,0.0,0.0
56,56,0.0,89.91928211714949,0.0,95.10243018049684,0.0,83.56114030950476,94.66928039943551,71.4921832234168,84.85444569797602,0.0,83.09315791108712,71.22501357726821,0.0,0.0,0.0,0.0,0.0,0.0,0.0,0.0,0.0,0.0,0.0,0.0,0.0,0.0
57,57,0.0,89.90351820050752,0.0,94.78491256845787,0.0,83.09501745278645,94.9894880098979,71.05417016520983,84.88861167183684,0.0,83.55715732094104,71.67051759959148,0.0,0.0,0.0,0.0,0.0,0.0,0.0,0.0,0.0,0.0,0.0,0.0,0.0,0.0
58,58,0.0,89.8760088964993,0.0,94.4569546240597,0.0,82.62751749848947,95.2989978985488,70.61843694917118,84.91288998898256,0.0,84.0194684565614,72.11844405440387,0.0,0.0,0.0,0.0,0.0,0.0,0.0,0.0,0.0,0.0,0.0,0.0,0.0,0.0
59,59,0.0,89.83677576628473,0.0,94.11891539928773,0.0,82.15889680020973,95.59744437613814,70.18504846317475,84.92725546282507,0.0,84.47983509536189,72.56871907222212,0.0,0.0,0.0,0.0,0.0,0.0,0.0,0.0,0.0,0.0,0.0,0.0,0.0,0.0
60,60,0.0,89.78585868644514,0.0,93.77118509515537,0.0,81.68938853914587,95.8844748979348,69.75407171558791,84.93169802496162,0.0,84.93797742020391,73.0212647880508,0.0,0.0,0.0,0.0,0.0,0.0,0.0,0.0,0.0,0.0,0.0,0.0,0.0,0.0
61,61,0.0,89.72333402121222,0.0,93.41413372827698,0.0,81.21921111226479,96.15975106862987,69.32557559134716,84.9262145606767,0.0,85.3936326237834,73.47599309693045,0.0,0.0,0.0,0.0,0.0,0.0,0.0,0.0,0.0,0.0,0.0,0.0,0.0,0.0
62,62,0.0,89.64925949711656,0.0,93.0481211046673,0.0,80.74858341291963,96.42293906103122,68.89960364720052,84.91080072139445,0.0,85.84651443153074,73.932811373286,0.0,0.0,0.0,0.0,0.0,0.0,0.0,0.0,0.0,0.0,0.0,0.0,0.0,0.0
63,63,0.0,89.56372896957133,0.0,92.67354543078349,0.0,80.27770979005828,96.67371029855148,68.47621817052244,84.88547550673012,0.0,86.29632923853983,74.39162235363426,0.0,0.0,0.0,0.0,0.0,0.0,0.0,0.0,0.0,0.0,0.0,0.0,0.0,0.0
64,64,0.0,89.46683560987458,0.0,92.2907734082175,0.0,79.80680947974304,96.9117528186453,68.05546737130885,84.85027301539552,0.0,86.74277622423875,74.85233038695849,0.0,0.0,0.0,0.0,0.0,0.0,0.0,0.0,0.0,0.0,0.0,0.0,0.0,0.0
65,65,0.0,89.358708092416,0.0,91.90017927845201,0.0,79.3360581663129,97.13675077347898,67.6373913334212,84.80521783376636,0.0,87.18555612743555,75.31481593058986,0.0,0.0,0.0,0.0,0.0,0.0,0.0,0.0,0.0,0.0,0.0,0.0,0.0,0.0
66,66,0.0,89.23944667486722,0.0,91.50215341999696,0.0,78.86564672474105,97.34843871357137,67.2220326934356,84.75037403325585,0.0,87.62434566768806,75.77897340158034,0.0,0.0,0.0,0.0,0.0,0.0,0.0,0.0,0.0,0.0,0.0,0.0,0.0,0.0
67,67,0.0,89.1092046466805,0.0,91.09705386951816,0.0,78.39574510656877,97.54651666377168,0.0,84.68577966973508,0.0,88.05883210572985,76.24466601413941,0.0,0.0,0.0,0.0,0.0,0.0,0.0,0.0,0.0,0.0,0.0,0.0,0.0,0.0
68,68,0.0,88.96811544502661,0.0,90.6852631913051,0.0,77.92653776731791,97.7307367165049,0.0,84.61152014691636,0.0,88.48868762628493,76.71178423764613,0.0,0.0,0.0,0.0,0.0,0.0,0.0,0.0,0.0,0.0,0.0,0.0,0.0,0.0
69,69,0.0,88.81634656784368,0.0,90.26714047341628,0.0,77.45817478613182,97.90086091569569,0.0,84.5276546630353,0.0,88.91356914020174,77.180180024524,0.0,0.0,0.0,0.0,0.0,0.0,0.0,0.0,0.0,0.0,0.0,0.0,0.0,0.0
70,70,0.0,88.65406308119412,0.0,89.84304929759581,0.0,76.99082076939378,98.05663996666074,0.0,84.43428120088959,0.0,89.33315439631802,77.64971261664884,0.0,0.0,0.0,0.0,0.0,0.0,0.0,0.0,0.0,0.0,0.0,0.0,0.0,0.0
71,71,0.0,88.48144523983902,0.0,89.41335693304057,0.0,76.52460713962411,98.19787921593904,0.0,84.33149560949151,0.0,89.74707947195674,78.12023538692198,0.0,0.0,0.0,0.0,0.0,0.0,0.0,0.0,0.0,0.0,0.0,0.0,0.0,0.0
72,72,0.0,88.29867911196412,0.0,88.97840655851745,0.0,76.05968645604298,98.32437389720275,0.0,84.21939957501743,0.0,90.15502053331817,78.59158871735579,0.0,0.0,0.0,0.0,0.0,0.0,0.0,0.0,0.0,0.0,0.0,0.0,0.0,0.0
73,73,0.0,88.10595622295372,0.0,88.53854455108643,0.0,75.59619194491648,98.43595337402094,0.0,84.09810847107823,0.0,90.55660307363517,79.06361368512088,0.0,0.0,0.0,0.0,0.0,0.0,0.0,0.0,0.0,0.0,0.0,0.0,0.0,0.0
74,74,0.0,87.90349075749735,0.0,88.09411975754895,0.0,75.13424483125489,98.5324708159138,0.0,83.96773501614852,0.0,90.95147542413619,79.5361308239202,0.0,0.0,0.0,0.0,0.0,0.0,0.0,0.0,0.0,0.0,0.0,0.0,0.0,0.0
75,75,0.0,87.69149256002457,0.0,87.6454653282009,0.0,74.67396751784241,98.61377053897917,0.0,83.82842113074443,0.0,91.33928194246269,80.00896100363241,67.31487319828491,0.0,0.0,0.0,0.0,0.0,0.0,0.0,0.0,0.0,0.0,0.0,0.0,0.0
76,76,0.0,87.47017565204045,0.0,87.19291620968826,0.0,74.21547704738785,98.67976565798378,0.0,83.68029752149418,0.0,91.71966343469504,80.48191841090647,67.71449200164885,0.0,0.0,0.0,0.0,0.0,0.0,0.0,0.0,0.0,0.0,0.0,0.0,0.0
77,77,0.0,87.23977515137588,0.0,86.73677429287599,0.0,73.7588728571371,98.73035013596741,0.0,83.5235075013601,0.0,92.09224796758687,80.95480302546497,68.1162158624554,0.0,0.0,0.0,0.0,0.0,0.0,0.0,0.0,0.0,0.0,0.0,0.0,0.0
78,78,0.0,87.00051201778606,0.0,86.27736034023869,0.0,73.30426208472824,98.76545426833991,0.0,83.3582066012311,0.0,92.45668010545525,81.42742272028663,68.51998696874429,0.0,0.0,0.0,0.0,0.0,0.0,0.0,0.0,0.0,0.0,0.0,0.0,0.0
79,79,0.0,86.75263589997579,0.0,85.81498737300723,0.0,72.85174082960086,98.78502279857295,0.0,83.18455429195906,0.0,92.8125830237559,81.89954834260442,68.92573369681215,0.0,0.0,0.0,0.0,0.0,0.0,0.0,0.0,0.0,0.0,0.0,0.0,0.0
80,80,0.0,86.49638150251292,0.0,85.34994398424983,0.0,72.40139464831928,98.78902615574181,0.0,83.00271371713222,0.0,93.15959774109147,82.37096588194593,69.333402666736,0.0,0.0,0.0,0.0,0.0,0.0,0.0,0.0,0.0,0.0,0.0,0.0,0.0
81,81,0.0,86.23200249916022,0.0,84.8825196990143,0.0,71.9533049215897,98.7774716424471,0.0,82.81285142527504,0.0,93.49736454303694,82.84145435327608,69.74291019728525,0.0,0.0,0.0,0.0,0.0,0.0,0.0,0.0,0.0,0.0,0.0,0.0,0.0
82,82,0.0,85.95974544193565,0.0,84.41299634002515,0.0,71.50756058376497,98.75037017361774,0.0,82.61514485814605,0.0,93.8255235490869,83.3107621126511,70.15419093961812,0.0,0.0,0.0,0.0,0.0,0.0,0.0,0.0,0.0,0.0,0.0,0.0,0.0
83,83,0.0,85.67985798952992,0.0,83.94164796341823,0.0,71.06423455784277,98.70775840737724,0.0,82.4097741738069,0.0,94.1437153025581,83.77865337048662,70.56715948739374,0.0,0.0,0.0,0.0,0.0,0.0,0.0,0.0,0.0,0.0,0.0,0.0,0.0
84,84,0.0,85.39260511684134,0.0,83.4687328972092,0.0,70.6233902581935,98.64969861956563,0.0,82.1969296457798,0.0,94.45158138243414,84.24486920026729,70.9817379313905,0.0,0.0,0.0,0.0,0.0,0.0,0.0,0.0,0.0,0.0,0.0,0.0,0.0
85,85,0.0,85.09824350456229,0.0,82.99450199149081,0.0,70.18509324448539,98.57626744995966,0.0,81.97679590898525,0.0,94.74877523749373,84.70914297546064,71.3978332704816,0.0,0.0,0.0,0.0,0.0,0.0,0.0,0.0,0.0,0.0,0.0,0.0,0.0
86,86,0.0,84.79702963714003,0.0,82.51921408325418,0.0,69.74939991737867,98.48757775062654,0.0,81.74956707565913,0.0,95.03496314695322,85.17120864720053,71.81534837625497,67.0405957471122,0.0,0.0,0.0,0.0,0.0,0.0,0.0,0.0,0.0,0.0,0.0,0.0
87,87,0.0,84.48922757547888,0.0,82.04309686586048,0.0,69.31637434717562,98.38374512706989,0.0,81.51543869988062,0.0,95.30980451959093,85.63079291097696,72.23418783367782,67.35438555885234,0.0,0.0,0.0,0.0,0.0,0.0,0.0,0.0,0.0,0.0,0.0,0.0
88,88,0.0,84.17509222672676,0.0,81.5663860474023,0.0,68.88606612577014,98.26490969008141,0.0,81.27460750367814,0.0,95.5729730058482,86.08759001411346,72.65425220156833,67.6676090150172,0.0,0.0,0.0,0.0,0.0,0.0,0.0,0.0,0.0,0.0,0.0,0.0
89,89,0.0,83.85488530938642,0.0,81.089294609755,0.0,68.45851647283052,98.1312465277708,0.0,81.02727856994218,0.0,95.82414700992183,86.54132008752867,73.07542579721968,67.98016184377032,0.0,0.0,0.0,0.0,0.0,0.0,0.0,0.0,0.0,0.0,0.0,0.0
90,90,0.0,83.52886681701862,0.0,80.61203588994405,0.0,68.03377443958725,97.98294317379,0.0,80.77365743396226,0.0,96.06302083486842,86.99167944356958,73.49760047038464,68.29192656724345,0.0,0.0,0.0,0.0,0.0,0.0,0.0,0.0,0.0,0.0,0.0,0.0
91,91,0.0,83.19730259218214,0.0,80.1348231975379,0.0,67.61187556495292,97.82018826384505,0.0,80.51393508655477,0.0,96.28930559544814,87.43834851216694,73.92065138878004,68.60279341219848,0.0,0.0,0.0,0.0,0.0,0.0,0.0,0.0,0.0,0.0,0.0,0.0
92,92,0.0,82.86044032602948,0.0,79.65783339745185,0.0,67.1928580100377,97.6432037445281,0.0,80.2483321113701,0.0,96.5027089297356,87.8810091136601,74.34445509485086,68.91265000541512,0.0,0.0,0.0,0.0,0.0,0.0,0.0,0.0,0.0,0.0,0.0,0.0
93,93,0.0,82.51854088465502,0.0,79.18127283716129,0.0,0.0,97.45223317883094,0.0,79.97705385618453,0.0,96.70295664894365,88.31934508796907,74.76887708107063,69.22137049346263,67.19483332817919,0.0,0.0,0.0,0.0,0.0,0.0,0.0,0.0,0.0,0.0,0.0
94,94,0.0,82.17185440305275,0.0,78.70530488959389,0.0,0.0,97.24753021663102,0.0,79.7003051163158,0.0,96.88979358510292,88.75301608971154,75.1937842083654,69.52883704565966,67.61563156611172,0.0,0.0,0.0,0.0,0.0,0.0,0.0,0.0,0.0,0.0,0.0
95,95,0.0,81.82063559199507,0.0,78.23010781709019,0.0,0.0,97.02935799643197,0.0,79.41828990581803,0.0,97.06297368523514,89.1816931063362,75.61903200420855,69.83492373113712,68.03937655209995,0.0,0.0,0.0,0.0,0.0,0.0,0.0,0.0,0.0,0.0,0.0
96,96,0.0,81.46512811131988,0.0,77.75584611305152,0.0,0.0,96.79800983291784,0.0,79.13121835369478,0.0,97.22227132437945,89.60502309467645,76.04447080652766,70.13949629958364,68.46603178426602,0.0,0.0,0.0,0.0,0.0,0.0,0.0,0.0,0.0,0.0,0.0
97,97,0.0,81.10557964913542,0.0,77.2826642425671,0.0,0.0,96.55376569012407,0.0,78.83930623202319,0.0,97.3674820271246,90.02265604276568,76.46994570373161,70.44242888376527,68.89555801370035,0.0,0.0,0.0,0.0,0.0,0.0,0.0,0.0,0.0,0.0,0.0
98,98,0.0,80.74223399631578,0.0,76.81072780521288,0.0,0.0,96.29694476057078,0.0,78.54273943330163,0.0,97.49839072258494,90.43424572238311,76.89529648073821,70.74358745555413,69.32791861280506,0.0,0.0,0.0,0.0,0.0,0.0,0.0,0.0,0.0,0.0,0.0
99,99,0.0,80.37531619238379,0.0,76.3401690171342,0.0,0.0,96.02786204768286,0.0,78.24174440680444,0.0,97.6148477507875,90.83942232733902,77.32035757150815,71.04283535830979,69.76306323268558,0.0,0.0,0.0,0.0,0.0,0.0,0.0,0.0,0.0,0.0,0.0
100,100,0.0,80.00506941212548,0.0,75.87111463375332,0.0,0.0,95.74684881344085,0.0,77.93651043879849,0.0,97.71667228537531,91.23782985845074,77.74494428161198,71.34003335146559,70.20094381978014,0.0,0.0,0.0,0.0,0.0,0.0,0.0,0.0,0.0,0.0,0.0
101,101,0.0,79.63172498966598,0.0,75.40370544090861,0.0,0.0,95.4542515974486,0.0,77.62724561066443,0.0,97.80372836703783,91.62910827697189,78.16888672226844,71.63503382964473,70.64150919162432,0.0,0.0,0.0,0.0,0.0,0.0,0.0,0.0,0.0,0.0,0.0
102,102,0.0,79.2554954904974,0.0,74.93805050194443,0.0,0.0,95.15041063349089,0.0,77.31414864734504,0.0,97.87591469491187,92.01288431324615,78.59198879706923,71.92770415677559,71.08469345412561,0.0,0.0,0.0,0.0,0.0,0.0,0.0,0.0,0.0,0.0,0.0
103,103,0.0,78.87661062901768,0.0,74.47427298934062,0.0,0.0,94.83567994165018,0.0,76.9974090371859,0.0,97.93309967386051,92.38878123029521,79.01406252777838,72.21788003100117,71.53044425120386,0.0,0.0,0.0,0.0,0.0,0.0,0.0,0.0,0.0,0.0,0.0
104,104,0.0,78.49527413850099,0.0,74.01247177433463,0.0,0.0,94.51041617554365,0.0,76.6772338931846,0.0,97.97524143381867,92.75642910093829,79.4349144612345,72.50542410605962,71.97868841906254,0.0,0.0,0.0,0.0,0.0,0.0,0.0,0.0,0.0,0.0,0.0
105,105,0.0,78.11171324195921,0.0,73.55274730794855,0.0,0.0,94.17499812185089,0.0,76.35381385564895,0.0,98.00224647876814,93.11547556983233,79.85432393469115,72.7901851037864,72.42936059113552,0.0,0.0,0.0,0.0,0.0,0.0,0.0,0.0,0.0,0.0,0.0
106,106,0.0,77.72611542716771,0.0,73.09520134986903,0.0,0.0,93.82979531030153,0.0,76.0273300972761,0.0,98.01410066493658,93.46551764974159,80.27208588383444,73.07200349151319,72.88237364639626,0.0,0.0,0.0,0.0,0.0,0.0,0.0,0.0,0.0,0.0,0.0
107,107,0.0,77.33869126412024,0.0,72.63992471862348,0.0,0.0,93.47516773747074,0.0,75.69798054131797,0.0,98.01078207703559,93.80622043971454,80.68798241442099,73.35072356737909,73.33764803162586,0.0,0.0,0.0,0.0,0.0,0.0,0.0,0.0,0.0,0.0,0.0
108,108,0.0,76.94963261796991,0.0,72.18699187125253,0.0,0.0,93.11150504801908,0.0,75.36594017897013,0.0,97.9922937969319,94.13718933524062,81.10177498607446,73.62619379016601,73.79510002213014,0.0,0.0,0.0,0.0,0.0,0.0,0.0,0.0,0.0,0.0,0.0
109,109,0.0,76.5591266134836,0.0,71.73649099976049,0.0,0.0,92.73917591546741,0.0,75.03138741987948,0.0,97.95865298837343,94.45808004077155,81.51324900602467,73.8982484939453,74.25463534561146,0.0,0.0,0.0,0.0,0.0,0.0,0.0,0.0,0.0,0.0,0.0
110,110,0.0,76.16736219874402,0.0,71.28848839160128,0.0,0.0,92.3585670232477,0.0,74.69451006385447,0.0,97.90992353791279,94.76851927634759,81.92216203012055,74.16672629502901,74.71614868140007,0.0,0.0,0.0,0.0,0.0,0.0,0.0,0.0,0.0,0.0,0.0
111,111,0.0,75.77450368776427,0.0,70.84305815313435,0.0,0.0,91.97004326667978,0.0,74.35546695613476,0.0,97.84615049338366,95.06816603568772,82.32825810807043,74.43147043768073,75.17954241629783,0.0,0.0,0.0,0.0,0.0,0.0,0.0,0.0,0.0,0.0,0.0
112,112,0.0,75.38074342373683,0.0,70.4002647049953,0.0,0.0,91.57399569081913,0.0,74.01443887130672,0.0,97.76744701754293,95.35666154594169,82.73129861345164,74.69232280052753,75.64469480546161,0.0,0.0,0.0,0.0,0.0,0.0,0.0,0.0,0.0,0.0,0.0
113,113,0.0,74.98623619113549,0.0,69.96015769019543,0.0,0.0,91.17078307932428,0.0,73.67159030090073,0.0,97.67390700400719,95.63366048376939,83.131024224286,74.94910487347187,76.11150473828712,0.0,0.0,0.0,0.0,0.0,0.0,0.0,0.0,0.0,0.0,0.0
114,114,0.0,74.59114516648955,0.0,69.52280023934803,0.0,0.0,90.7607795443355,0.0,73.32707608950703,0.0,97.56567001117348,95.89885286446061,83.52717808269627,75.20166223019588,76.57982659368493,0.0,0.0,0.0,0.0,0.0,0.0,0.0,0.0,0.0,0.0,0.0
115,115,0.0,74.19562874766969,0.0,69.08824091446452,0.0,0.0,90.34436396951781,0.0,72.98105983924428,0.0,97.4428666451185,96.15189201792883,83.91948230834268,75.44982672261386,77.04954189231749,0.0,0.0,0.0,0.0,0.0,0.0,0.0,0.0,0.0,0.0,0.0
116,116,0.0,73.79983438646256,0.0,68.65653057017845,0.0,0.0,89.92189159691162,0.0,72.6336953160098,0.0,97.30567227936106,96.39247862633707,84.30767780441346,75.69343573623004,77.52051342540773,0.0,0.0,0.0,0.0,0.0,0.0,0.0,0.0,0.0,0.0,0.0
117,117,0.0,73.40391731682658,0.0,68.22770095829684,0.0,0.0,89.49373091330081,0.0,72.2851267108986,0.0,97.1542740317997,96.62030941336539,84.69147664978996,75.93232600474215,77.99258432327784,0.0,0.0,0.0,0.0,0.0,0.0,0.0,0.0,0.0,0.0,0.0
118,118,0.0,73.00801569937822,0.0,67.80179716368133,0.0,0.0,89.06022637085448,0.0,71.93551242894426,0.0,96.98887030670305,96.83508819420717,85.07061054017132,76.16632717834398,78.4656120888402,0.0,0.0,0.0,0.0,0.0,0.0,0.0,0.0,0.0,0.0,0.0
119,119,0.0,72.61225731209558,0.0,67.37885091188853,0.0,0.0,88.62172571676598,0.0,71.58497763213488,0.0,96.80968096809681,97.03653723352582,85.44479062530827,76.39526842432501,78.93943434692464,0.0,0.0,0.0,0.0,0.0,0.0,0.0,0.0,0.0,0.0,0.0
120,120,0.0,72.21677769722689,0.0,0.0,0.0,0.0,88.17857925871475,0.0,71.23367332302172,0.0,96.61694663439808,97.22440885073567,85.81372375977227,76.61900529202245,79.4138822324614,67.06456274972024,0.0,0.0,0.0,0.0,0.0,0.0,0.0,0.0,0.0,0.0
121,121,0.0,71.82170197193012,0.0,0.0,0.0,0.0,87.73112165834152,0.0,70.8817292435542,0.0,96.41090679059266,97.39844330724384,86.1771212082189,76.8373535713609,79.888773040081,67.48364307686455,0.0,0.0,0.0,0.0,0.0,0.0,0.0,0.0,0.0,0.0
122,122,0.0,71.42715100227308,0.0,0.0,0.0,0.0,87.27968079440377,0.0,70.52927734420082,0.0,96.19183099619977,97.55841226788166,86.53469077418261,77.05016929147992,80.36393905673741,67.90564633906,0.0,0.0,0.0,0.0,0.0,0.0,0.0,0.0,0.0,0.0
123,123,0.0,71.03323572451923,0.0,0.0,0.0,0.0,86.82457755156467,0.0,70.1764347213222,0.0,95.95999689438557,97.70409803185086,86.88613709961041,77.25728220118638,80.8391693701857,68.33054653411162,0.0,0.0,0.0,0.0,0.0,0.0,0.0,0.0,0.0,0.0
124,124,0.0,70.64006886122348,0.0,0.0,0.0,0.0,86.36612563523266,0.0,69.82333189481402,0.0,95.7157000069829,97.83530493708078,87.23115333759776,77.45854295551521,81.31427523847259,68.75829934160022,0.0,0.0,0.0,0.0,0.0,0.0,0.0,0.0,0.0,0.0
125,125,0.0,70.24775905657259,0.0,0.0,0.0,0.0,85.90463979745249,0.0,69.47008456324987,0.0,95.45924248318128,97.95186000007793,87.56945601256861,77.65378957993799,81.78904616034352,69.1888627945539,0.0,0.0,0.0,0.0,0.0,0.0,0.0,0.0,0.0,0.0
126,126,0.0,69.85640539577226,0.0,0.0,0.0,0.0,85.44041036252366,0.0,69.11679961571059,0.0,95.19092216097673,98.05360256178406,87.90072492127392,77.84286797893819,82.26326432037503,69.62219751864906,0.0,0.0,0.0,0.0,0.0,0.0,0.0,0.0,0.0,0.0
127,127,0.0,69.46610874856174,0.0,0.0,0.0,0.0,84.9737286336939,0.0,68.76359692686108,0.0,94.91107317783953,98.14037374530878,88.22466410714885,78.02563230686772,82.73669676182672,70.05825582807067,0.0,0.0,0.0,0.0,0.0,0.0,0.0,0.0,0.0,0.0
128,128,0.0,69.07694983820295,0.0,0.0,0.0,0.0,84.50487823615272,0.0,68.41057133010906,0.0,94.62002372597095,98.212082519131,88.54098542092184,78.20193837722802,83.20912637698102,70.49697563968995,0.0,0.0,0.0,0.0,0.0,0.0,0.0,0.0,0.0,0.0
129,129,0.0,68.68902775520667,0.0,0.0,0.0,0.0,84.03413504762969,0.0,68.05783585826616,0.0,94.31811592703936,98.26860763544848,88.84938232515199,78.37162989745873,83.6803054787588,70.93830825838795,0.0,0.0,0.0,0.0,0.0,0.0,0.0,0.0,0.0,0.0
130,130,0.0,68.30241639978273,0.0,0.0,0.0,0.0,83.56176714905862,0.0,67.70547901203243,0.0,94.00568478013778,98.3098745119138,89.1495477585271,78.53458042677298,84.1499705475103,71.38218459660062,0.0,0.0,0.0,0.0,0.0,0.0,0.0,0.0,0.0,0.0
131,131,0.0,67.91720244721117,0.0,0.0,0.0,0.0,83.08801910420163,0.0,67.35360197113378,0.0,93.68308778605679,98.33583363364875,89.44120186208451,78.69064489844973,84.61788247018447,71.82854330816313,0.0,0.0,0.0,0.0,0.0,0.0,0.0,0.0,0.0,0.0
132,132,0.0,67.53345860789905,0.0,0.0,0.0,0.0,82.61315161944776,0.0,67.00228721444083,0.0,93.35068383088718,98.3464387413444,89.72404757413705,78.83970177449355,85.0837543206594,72.27731359680824,0.0,0.0,0.0,0.0,0.0,0.0,0.0,0.0,0.0,0.0
133,133,0.0,67.15125966224595,0.0,0.0,0.0,0.0,82.13740187263943,0.0,0.0,0.0,93.00881290209799,98.34166890729219,89.99778891795863,78.98161110639415,85.54732400193492,72.72841474370259,0.0,0.0,0.0,0.0,0.0,0.0,0.0,0.0,0.0,0.0
134,134,0.0,0.0,0.0,0.0,0.0,0.0,81.66099200102744,0.0,0.0,0.0,92.65786452051397,98.32155057554418,90.26215000338483,79.11626413719983,86.0082972595313,73.18176779375183,0.0,0.0,0.0,0.0,0.0,0.0,0.0,0.0,0.0,0.0
135,135,0.0,0.0,0.0,0.0,0.0,0.0,81.18415204167994,0.0,0.0,0.0,92.29817849544739,98.28610257964162,90.51684811694612,79.24352688444709,86.46638889339235,73.63728349383472,0.0,0.0,0.0,0.0,0.0,0.0,0.0,0.0,0.0,0.0
136,136,0.0,0.0,0.0,0.0,0.0,0.0,80.70709688685213,0.0,0.0,0.0,91.93013268129798,98.23536904181557,90.76161266471041,79.36330428395902,86.92129799969399,74.09487427657511,0.0,0.0,0.0,0.0,0.0,0.0,0.0,0.0,0.0,0.0
137,137,0.0,0.0,0.0,0.0,0.0,0.0,80.23002678041826,0.0,0.0,0.0,91.55409327947179,98.16941922190696,90.99616709667526,79.47548348413656,87.37270764545943,74.55443558225659,0.0,0.0,0.0,0.0,0.0,0.0,0.0,0.0,0.0,0.0
138,138,0.0,0.0,0.0,0.0,0.0,0.0,79.75314227380558,0.0,0.0,0.0,91.17041470313565,98.08835821600906,91.22027644304777,79.5799624888995,87.82031086194537,75.0158641503618,0.0,0.0,0.0,0.0,0.0,0.0,0.0,0.0,0.0,0.0
139,139,0.0,0.0,0.0,0.0,0.0,0.0,79.27662958292116,0.0,0.0,0.0,90.77946758254896,97.9922937969319,91.43366321490734,79.67665042258956,88.26377629545898,75.47905829239095,0.0,0.0,0.0,0.0,0.0,0.0,0.0,0.0,0.0,0.0
140,140,0.0,0.0,0.0,0.0,0.0,0.0,78.80067521433112,0.0,0.0,0.0,90.38160964306043,97.88134711873462,91.63610220840924,79.76546054038924,88.70278328166228,75.9438854082713,0.0,0.0,0.0,0.0,0.0,0.0,0.0,0.0,0.0,0.0
141,141,0.0,0.0,0.0,0.0,0.0,0.0,78.32545168641373,0.0,0.0,0.0,89.97720407085501,97.75569585225915,91.8273549725191,79.84631037004863,89.13699586444856,76.41023334469646,0.0,0.0,0.0,0.0,0.0,0.0,0.0,0.0,0.0,0.0
142,142,0.0,0.0,0.0,0.0,0.0,0.0,77.85111116537097,0.0,0.0,0.0,89.56660045184314,97.61548660820904,92.00719872687131,79.91912910671938,89.56605348864359,76.87797159568618,0.0,0.0,0.0,0.0,0.0,0.0,0.0,0.0,0.0,0.0
143,143,0.0,0.0,0.0,0.0,0.0,0.0,77.37782722533575,0.0,0.0,0.0,89.15014383565253,97.46092149301272,92.17541736086278,79.98384326366075,89.98962562781824,77.34695717949398,0.0,0.0,0.0,0.0,0.0,0.0,0.0,0.0,0.0,0.0
144,144,0.0,0.0,0.0,0.0,0.0,0.0,76.90573951903676,0.0,0.0,0.0,88.72820122023458,97.29220320184218,92.33183094755226,80.04039129200562,90.40734880244166,77.81704787587758,0.0,0.0,0.0,0.0,0.0,0.0,0.0,0.0,0.0,0.0
145,145,0.0,0.0,0.0,0.0,0.0,0.0,76.43499538045997,0.0,0.0,0.0,88.30109791377619,97.10956684829466,92.47622861763065,80.08873103319104,90.81887249195428,78.28809556556655,0.0,0.0,0.0,0.0,0.0,0.0,0.0,0.0,0.0,0.0
146,146,0.0,0.0,0.0,0.0,0.0,0.0,75.96572944235716,0.0,0.0,0.0,87.86918036427366,96.91323633272825,92.6084560781245,80.12881070542765,91.22382252073606,78.75993907918712,0.0,0.0,0.0,0.0,0.0,0.0,0.0,0.0,0.0,0.0
147,147,0.0,0.0,0.0,0.0,0.0,0.0,75.49806416100031,0.0,0.0,0.0,87.4327624669432,96.7034879849213,92.72832875733081,80.16059811465917,91.62183877325855,79.23241080996591,67.20209426162845,0.0,0.0,0.0,0.0,0.0,0.0,0.0,0.0,0.0
148,148,0.0,0.0,0.0,0.0,0.0,0.0,75.03213592276055,0.0,0.0,0.0,86.99218681651202,96.48058558452873,92.83572960285613,80.18405886238867,92.01254758381846,79.70534383572003,67.60964190322679,0.0,0.0,0.0,0.0,0.0,0.0,0.0,0.0,0.0
149,149,0.0,0.0,0.0,0.0,0.0,0.0,74.5680497429902,0.0,0.0,0.0,86.54776315339136,96.24481180311373,92.9305021351839,80.19917099575107,92.39558118133,80.17854303742745,68.019623352157,0.0,0.0,0.0,0.0,0.0,0.0,0.0,0.0,0.0
150,150,0.0,0.0,0.0,0.0,0.0,0.0,74.10591216967289,0.0,0.0,0.0,86.09980317389314,95.99645685804688,93.01252889333799,80.20591775666965,92.77055901008754,80.65183546622306,68.43198906207971,0.0,0.0,0.0,0.0,0.0,0.0,0.0,0.0,0.0
151,151,0.0,0.0,0.0,0.0,0.0,0.0,73.64583100574848,0.0,0.0,0.0,85.64860324647137,95.73583871122156,93.08173200140426,80.20430223168471,93.13711741679973,81.12500469003933,68.84668117923412,0.0,0.0,0.0,0.0,0.0,0.0,0.0,0.0,0.0
152,152,0.0,0.0,0.0,0.0,0.0,0.0,73.18790287133609,0.0,0.0,0.0,85.19446944611687,95.46328113372194,93.13799473473982,80.194310815105,93.49487122197053,81.5978566468455,69.26365493602715,0.0,0.0,0.0,0.0,0.0,0.0,0.0,0.0,0.0
153,153,0.0,0.0,0.0,0.0,0.0,0.0,72.73221370906354,0.0,0.0,0.0,84.73769206688615,95.17910273578269,93.18126010500468,80.17597168038905,93.84345354999654,82.07017540914546,69.68283540724234,0.0,0.0,0.0,0.0,0.0,0.0,0.0,0.0,0.0
154,154,0.0,0.0,0.0,0.0,0.0,0.0,72.27885708728691,0.0,0.0,0.0,84.2785378861238,94.88364731015103,93.21148191744915,80.14928898017406,94.18249699632753,82.54173774557692,70.10416602769641,0.0,0.0,0.0,0.0,0.0,0.0,0.0,0.0,0.0
155,155,0.0,0.0,0.0,0.0,0.0,0.0,71.82790425928046,0.0,0.0,0.0,83.81728289514038,94.57726220750638,93.22860512102609,80.11428667149536,94.5116240705641,83.01231308433476,70.52757592153294,0.0,0.0,0.0,0.0,0.0,0.0,0.0,0.0,0.0
156,156,0.0,0.0,0.0,0.0,0.0,0.0,71.37944012562782,0.0,0.0,0.0,83.3542034577597,94.26029766973548,93.23261526915039,80.07100842610879,94.83046790861532,83.48165557024707,70.95298485903618,0.0,0.0,0.0,0.0,0.0,0.0,0.0,0.0,0.0
157,157,0.0,0.0,0.0,0.0,0.0,0.0,70.93352223145254,0.0,0.0,0.0,82.88954459542272,93.9331061788877,93.22350897737094,80.01948838267066,95.1386732652544,83.94952763604141,71.38032597610365,0.0,0.0,0.0,0.0,0.0,0.0,0.0,0.0,0.0
158,158,0.0,0.0,0.0,0.0,0.0,0.0,70.49022184474352,0.0,0.0,0.0,82.42355215537589,93.59604182339129,93.20130380151173,79.95977296512828,95.43587679705485,84.41566040961165,71.80950570171555,0.0,0.0,0.0,0.0,0.0,0.0,0.0,0.0,0.0
159,159,0.0,0.0,0.0,0.0,0.0,0.0,70.04960068941543,0.0,0.0,0.0,81.95647235873615,93.24949920780311,93.16601845703521,79.89191350393041,95.72173864615088,84.87980152015865,72.24043784929381,0.0,0.0,0.0,0.0,0.0,0.0,0.0,0.0,0.0
160,160,0.0,0.0,0.0,0.0,0.0,0.0,69.61171691762482,0.0,0.0,0.0,81.4885287301698,92.8938132931469,93.11769250971862,79.81598062866149,95.99592279135199,85.34166681779253,72.67303221868042,0.0,0.0,0.0,0.0,0.0,0.0,0.0,0.0,0.0
161,161,0.0,0.0,0.0,0.0,0.0,0.0,69.17660890446027,0.0,0.0,0.0,81.01996027996447,92.52937781458857,93.05639608862819,79.73204235076155,96.25808718335601,85.80098091971436,73.10718235697722,0.0,0.0,0.0,0.0,0.0,0.0,0.0,0.0,0.0
162,162,0.0,0.0,0.0,0.0,0.0,0.0,68.74433933330802,0.0,0.0,0.0,80.55096125215005,92.1565555565795,92.98220996735479,79.64017843381978,96.50791589729934,86.25745281545797,73.54278932589926,0.0,0.0,0.0,0.0,0.0,0.0,0.0,0.0,0.0
163,163,0.0,0.0,0.0,0.0,0.0,0.0,68.31494057065954,0.0,0.0,0.0,80.0817561929133,91.77571725069569,92.89521556915368,79.5404658052374,96.74508845524369,86.71078406255789,73.97974989296054,0.0,0.0,0.0,0.0,0.0,0.0,0.0,0.0,0.0
164,164,0.0,0.0,0.0,0.0,0.0,0.0,67.88845833720028,0.0,0.0,0.0,79.61253303920121,91.38723116836292,92.79553400402712,79.43299285464123,96.96931229804488,87.16066890662982,74.41793127115044,0.0,0.0,0.0,0.0,0.0,0.0,0.0,0.0,0.0
165,165,0.0,0.0,0.0,0.0,0.0,0.0,67.46493011936539,0.0,0.0,0.0,79.14348047485369,90.99147203108268,92.6832767035002,79.31785920016411,97.18029174848768,87.60680314611959,74.85722685278442,0.0,0.0,0.0,0.0,0.0,0.0,0.0,0.0,0.0
166,166,0.0,0.0,0.0,0.0,0.0,0.0,67.04438048478268,0.0,0.0,0.0,78.67479460737925,90.58880147412685,92.55858432486717,79.19516830278184,97.37777153182981,88.04885831147705,75.29749999465217,0.0,0.0,0.0,0.0,0.0,0.0,0.0,0.0,0.0
167,167,0.0,0.0,0.0,0.0,0.0,0.0,0.0,0.0,0.0,0.0,78.2066365085287,90.17958649790239,92.42161649188128,79.06503440497004,97.5614623354551,88.48650766780837,75.73862806016332,0.0,0.0,0.0,0.0,0.0,0.0,0.0,0.0,0.0
168,168,0.0,0.0,0.0,0.0,0.0,0.0,0.0,0.0,0.0,0.0,77.73917517321702,89.76418947425114,92.27254163143097,78.92756100203562,97.7311491606116,88.91941788903078,76.18045730609109,67.15779877188228,0.0,0.0,0.0,0.0,0.0,0.0,0.0,0.0
169,169,0.0,0.0,0.0,0.0,0.0,0.0,0.0,0.0,0.0,0.0,77.27257999182842,89.34296775409243,92.11152696209066,78.78286913064267,97.88659504260012,89.34724930278686,76.62284130382123,67.57514797997533,0.0,0.0,0.0,0.0,0.0,0.0,0.0,0.0
170,170,0.0,0.0,0.0,0.0,0.0,0.0,0.0,0.0,0.0,0.0,76.80700032965913,88.91626432057062,91.93876710949114,78.63108288493511,98.02758473955573,89.7696561628348,77.0656416235734,67.99531048706355,0.0,0.0,0.0,0.0,0.0,0.0,0.0,0.0
171,171,0.0,0.0,0.0,0.0,0.0,0.0,0.0,0.0,0.0,0.0,76.34257306916837,88.4844256852993,91.75447378652883,78.47233622756549,98.15393637996459,90.18629619229358,77.50868075204912,68.41825165710172,0.0,0.0,0.0,0.0,0.0,0.0,0.0,0.0
172,172,0.0,0.0,0.0,0.0,0.0,0.0,0.0,0.0,0.0,0.0,75.87944928420242,88.04780115124501,91.55885611359291,78.30675871863447,98.26545832908074,90.59680335356421,77.95180912861747,68.84393432132202,0.0,0.0,0.0,0.0,0.0,0.0,0.0,0.0
173,173,0.0,0.0,0.0,0.0,0.0,0.0,0.0,0.0,0.0,0.0,75.41774790435075,87.60672465236308,91.35214883092088,78.13448240744415,98.36201536168775,91.00082500520669,78.39483720109408,69.2723023358148,0.0,0.0,0.0,0.0,0.0,0.0,0.0,0.0
174,174,0.0,0.0,0.0,0.0,0.0,0.0,0.0,0.0,0.0,0.0,74.95760210630863,87.16151494240555,91.1345736610726,77.95566236268729,98.44346341555638,91.39799464490841,78.83758990620835,69.70331260240644,0.0,0.0,0.0,0.0,0.0,0.0,0.0,0.0
175,175,0.0,0.0,0.0,0.0,0.0,0.0,0.0,0.0,0.0,0.0,74.49913301633951,86.71250144972464,90.90638625627666,77.7704347561729,98.50969385761834,91.78794148435286,79.27988637750829,70.13690804150734,0.0,0.0,0.0,0.0,0.0,0.0,0.0,0.0
176,176,0.0,0.0,0.0,0.0,0.0,0.0,0.0,0.0,0.0,0.0,74.04244398962564,86.25998937237722,90.66784699718394,77.57894451024941,98.56061186427846,92.17030055059186,79.72152546414235,70.57303378716071,0.0,0.0,0.0,0.0,0.0,0.0,0.0,0.0
177,177,0.0,0.0,0.0,0.0,0.0,0.0,0.0,0.0,0.0,0.0,73.58764610597173,85.80429386137556,90.4192019149143,77.3813517449363,98.59614771405951,92.5447038243468,80.1623068088406,71.01162597498761,0.0,0.0,0.0,0.0,0.0,0.0,0.0,0.0
178,178,0.0,0.0,0.0,0.0,0.0,0.0,0.0,0.0,0.0,0.0,73.13483928494406,85.34570587445162,90.16072891670757,77.1778041546566,98.61624597312327,92.91077092395433,80.60202384354415,71.4526228918127,0.0,0.0,0.0,0.0,0.0,0.0,0.0,0.0
179,179,0.0,0.0,0.0,0.0,0.0,0.0,0.0,0.0,0.0,0.0,72.68411278096437,84.88452569565521,89.89269978320536,76.96846409604824,98.62087669476615,93.26814878940593,81.04044885357695,71.89594760942298,0.0,0.0,0.0,0.0,0.0,0.0,0.0,0.0
180,180,0.0,0.0,0.0,0.0,0.0,0.0,0.0,0.0,0.0,0.0,72.23556345586428,84.42102954707255,89.61540733257704,76.75348125008395,98.61004657083562,93.61644364322007,81.47737743580323,72.34153094408985,0.0,0.0,0.0,0.0,0.0,0.0,0.0,0.0
181,181,0.0,0.0,0.0,0.0,0.0,0.0,0.0,0.0,0.0,0.0,71.789271729654,83.95549442917132,89.32911902912241,76.53302608802133,98.58376578558547,93.95530033879426,81.9125615053965,72.78927595597341,67.33018008757361,0.0,0.0,0.0,0.0,0.0,0.0,0.0
182,182,0.0,0.0,0.0,0.0,0.0,0.0,0.0,0.0,0.0,0.0,71.34530821092072,83.48818177350529,89.03413143663653,76.30724940547547,98.5420590385632,94.28435389717947,82.34577665354998,73.23911121675297,67.60307683112728,0.0,0.0,0.0,0.0,0.0,0.0,0.0
183,183,0.0,0.0,0.0,0.0,0.0,0.0,0.0,0.0,0.0,0.0,70.90375701282471,83.01935350942618,88.73075097271085,76.07632218702828,98.48499855238245,94.60323992445932,82.77676930170834,73.69093702799594,67.87424722253567,0.0,0.0,0.0,0.0,0.0,0.0,0.0
184,184,0.0,0.0,0.0,0.0,0.0,0.0,0.0,0.0,0.0,0.0,70.46468658228254,82.5492638528687,88.4192575937322,75.84040868327864,98.41265971507968,94.91159524173659,83.20528701521928,74.14466128949361,68.14358596948345,0.0,0.0,0.0,0.0,0.0,0.0,0.0
185,185,0.0,0.0,0.0,0.0,0.0,0.0,0.0,0.0,0.0,0.0,70.0281505207349,82.07814398931492,88.09995821258799,75.5996664336536,98.32514292341656,95.20906883691413,83.63107898157112,74.60017485263711,68.41096487835482,0.0,0.0,0.0,0.0,0.0,0.0,0.0
186,186,0.0,0.0,0.0,0.0,0.0,0.0,0.0,0.0,0.0,0.0,69.59421039436982,81.60622566476849,87.7731415383799,75.3542721162648,98.22257324390316,95.49531248236593,84.05388044768243,75.05736984476344,68.67626958619894,0.0,0.0,0.0,0.0,0.0,0.0,0.0
187,187,0.0,0.0,0.0,0.0,0.0,0.0,0.0,0.0,0.0,0.0,69.16292970712092,81.13374076608137,87.43913044169479,75.10437587964934,98.10508905656684,95.76999182254865,84.47341242540543,75.51612698380008,68.93937862744518,0.0,0.0,0.0,0.0,0.0,0.0,0.0
188,188,0.0,0.0,0.0,0.0,0.0,0.0,0.0,0.0,0.0,0.0,68.73434682648443,80.66090613362029,87.09820262961351,74.8501593372767,97.97286352079513,96.03277685976748,84.88939779654133,75.9763281935635,69.20015783926911,0.0,0.0,0.0,0.0,0.0,0.0,0.0
189,189,0.0,0.0,0.0,0.0,0.0,0.0,0.0,0.0,0.0,0.0,68.30851884077028,80.18791673797013,86.75066891666357,74.59177742627344,97.82606037335314,96.28334262066409,85.30156186190433,76.4378369725127,69.45849290698553,0.0,0.0,0.0,0.0,0.0,0.0,0.0
190,190,0.0,0.0,0.0,0.0,0.0,0.0,0.0,0.0,0.0,0.0,67.88548366902833,79.71498992375352,86.39682907928766,74.32939052518192,97.66488801888217,96.52136983128065,85.70960786198648,76.90053108555412,69.71425158146383,0.0,0.0,0.0,0.0,0.0,0.0,0.0
191,191,0.0,0.0,0.0,0.0,0.0,0.0,0.0,0.0,0.0,0.0,67.46527665708328,79.24229953949418,86.03698025842381,74.06317656290977,97.4895553235501,96.74657750736621,86.11324165274013,77.36425606091802,69.96730539130687,0.0,0.0,0.0,0.0,0.0,0.0,0.0
192,192,0.0,0.0,0.0,0.0,0.0,0.0,0.0,0.0,0.0,0.0,67.04794087773526,78.7700416049038,85.67141662749795,73.79328070251204,97.30031432424268,96.95867092579665,86.5121638068498,77.82887164586306,70.21751871237029,0.0,0.0,0.0,0.0,0.0,0.0,0.0
193,193,0.0,0.0,0.0,0.0,0.0,0.0,0.0,0.0,0.0,0.0,0.0,78.29838393025322,85.30042908054475,73.51988391210331,97.09740546905549,97.15736324190274,86.9060698458158,78.294211139558,70.4647655753356,67.21057332299308,0.0,0.0,0.0,0.0,0.0,0.0
194,194,0.0,0.0,0.0,0.0,0.0,0.0,0.0,0.0,0.0,0.0,0.0,77.82749500356326,84.92431313601556,73.24312831721666,96.88108947188798,97.34241921574753,87.29464183504447,78.7601153048088,70.70891309954932,67.62938115427369,0.0,0.0,0.0,0.0,0.0,0.0
195,195,0.0,0.0,0.0,0.0,0.0,0.0,0.0,0.0,0.0,0.0,0.0,77.35753686570116,84.54335205360125,72.96317896590945,96.65164648825579,97.51358098236955,87.67758322321329,79.22641884162692,70.94982138382467,68.05105189913473,0.0,0.0,0.0,0.0,0.0,0.0
196,196,0.0,0.0,0.0,0.0,0.0,0.0,0.0,0.0,0.0,0.0,0.0,76.888658494742,84.15783304290912,72.68019878364733,96.40936467981572,97.67061141247798,88.05456741542734,79.69292865626402,71.18736644279318,68.47555212693625,0.0,0.0,0.0,0.0,0.0,0.0
197,197,0.0,0.0,0.0,0.0,0.0,0.0,0.0,0.0,0.0,0.0,0.0,76.42100959448408,83.76803071164466,72.39433655814453,96.1545710954333,97.81331661614831,88.42527250558837,80.15946632742208,71.42140609919329,68.9028458911119,0.0,0.0,0.0,0.0,0.0,0.0
198,198,0.0,0.0,0.0,0.0,0.0,0.0,0.0,0.0,0.0,0.0,0.0,75.95472718486147,83.37422302093043,72.10574504162386,95.8875570204075,97.94150332416801,88.78937304209343,80.6258397570597,71.65179701892698,69.3328837200874,0.0,0.0,0.0,0.0,0.0,0.0
199,199,0.0,0.0,0.0,0.0,0.0,0.0,0.0,0.0,0.0,0.0,0.0,75.48994259504569,82.97667506805502,71.81457476794915,95.60866157977885,98.05497920398744,89.14655846165456,81.09183521328166,71.8784183088707,69.76561844089223,0.0,0.0,0.0,0.0,0.0,0.0
200,200,0.0,0.0,0.0,0.0,0.0,0.0,0.0,0.0,0.0,0.0,0.0,75.0267751803925,82.57565478271624,71.5209797854078,95.31820792237285,98.15360794258994,89.49649778847035,81.55725421192244,72.10112510528403,70.2010054219906,0.0,0.0,0.0,0.0,0.0,0.0
201,201,0.0,0.0,0.0,0.0,0.0,0.0,0.0,0.0,0.0,0.0,0.0,74.56535178577239,82.17142471897607,71.22510004900772,95.01656473440765,98.2372333180061,89.83885767442315,82.02186889438063,72.31977767585437,70.63898014651328,0.0,0.0,0.0,0.0,0.0,0.0
202,202,0.0,0.0,0.0,0.0,0.0,0.0,0.0,0.0,0.0,0.0,0.0,74.1057748777718,81.76422671993606,70.92708470015737,94.70406271819601,98.3057671301709,90.17331208112319,82.48545936011718,72.53424172580063,71.07948576576757,0.0,0.0,0.0,0.0,0.0,0.0
203,203,0.0,0.0,0.0,0.0,0.0,0.0,0.0,0.0,0.0,0.0,0.0,73.64815464505607,81.35432015938791,70.62706885144013,94.38106612852299,98.3590799402245,90.49955238715708,82.94778323934469,72.74438870038264,71.52245626320524,0.0,0.0,0.0,0.0,0.0,0.0
204,204,0.0,0.0,0.0,0.0,0.0,0.0,0.0,0.0,0.0,0.0,0.0,73.19259008198817,80.94194347125044,70.3251964949922,94.04793088674053,98.3971220630835,90.81723228086138,83.40860644122964,72.95007189312483,71.96782187833234,0.0,0.0,0.0,0.0,0.0,0.0
205,205,0.0,0.0,0.0,0.0,0.0,0.0,0.0,0.0,0.0,0.0,0.0,72.73917550144569,80.52732955727264,70.02160325600455,93.70503422842583,98.41982497376216,91.12604243532692,83.86766406921522,73.1511625548509,72.41550899914937,0.0,0.0,0.0,0.0,0.0,0.0
206,206,0.0,0.0,0.0,0.0,0.0,0.0,0.0,0.0,0.0,0.0,0.0,72.28799471377609,80.11070571250325,69.7164165920318,93.3527436318312,98.42717842834165,91.4256648048384,84.32470761844986,73.34751996615346,72.86544005426488,0.0,0.0,0.0,0.0,0.0,0.0
207,207,0.0,0.0,0.0,0.0,0.0,0.0,0.0,0.0,0.0,0.0,0.0,71.83913910588028,79.69230799881657,69.40977242270867,92.99142640182991,98.41914252322076,91.71578237887601,84.77945732091328,73.53902197780526,73.31752118793047,0.0,0.0,0.0,0.0,0.0,0.0
208,208,0.0,0.0,0.0,0.0,0.0,0.0,0.0,0.0,0.0,0.0,0.0,71.39267806429137,79.27233759350082,69.10179290883684,92.62145883428737,98.39574679911927,91.9960893298754,85.23165867974998,73.72553474680264,73.77167231495005,0.0,0.0,0.0,0.0,0.0,0.0
209,209,0.0,0.0,0.0,0.0,0.0,0.0,0.0,0.0,0.0,0.0,0.0,70.94868305941364,78.85101879548438,68.79260842184128,92.24321559010973,98.35702415011428,92.26626282003025,85.68100921323997,73.90691877100521,74.22779684223143,0.0,0.0,0.0,0.0,0.0,0.0
210,210,0.0,0.0,0.0,0.0,0.0,0.0,0.0,0.0,0.0,0.0,0.0,70.50722739141686,78.42854157225162,68.48233572079876,91.85706914780961,98.30302174552207,92.5260213663612,86.12722380736551,74.08305383817567,74.685780794857,0.0,0.0,0.0,0.0,0.0,0.0
211,211,0.0,0.0,0.0,0.0,0.0,0.0,0.0,0.0,0.0,0.0,0.0,70.06836921125789,78.00511837675603,68.17109426303833,91.46339879029263,98.23382284289129,92.77506779696218,86.57000207768006,74.25381455767973,75.14553042070396,0.0,0.0,0.0,0.0,0.0,0.0
212,212,0.0,0.0,0.0,0.0,0.0,0.0,0.0,0.0,0.0,0.0,0.0,69.63216334945898,77.5809347673934,67.85900071760894,91.06258027476892,98.14952455478037,93.01310892934302,87.00904528237452,74.41907665376314,75.60692167621232,0.0,0.0,0.0,0.0,0.0,0.0
213,213,0.0,0.0,0.0,0.0,0.0,0.0,0.0,0.0,0.0,0.0,0.0,69.1986722976562,77.15617084094703,67.54616377319626,90.65496668172432,98.05022667429675,93.23987589772517,87.44403085184398,74.57871711555286,76.06983798939812,0.0,0.0,0.0,0.0,0.0,0.0
214,214,0.0,0.0,0.0,0.0,0.0,0.0,0.0,0.0,0.0,0.0,0.0,68.76794413542284,76.73100794200809,67.2326946482011,90.24092583908423,97.93608601993535,93.45511526042382,87.87464681631653,74.73261434896767,76.53415762940317,0.0,0.0,0.0,0.0,0.0,0.0
215,215,0.0,0.0,0.0,0.0,0.0,0.0,0.0,0.0,0.0,0.0,0.0,68.34001861799553,76.30561508742369,0.0,89.82082989955786,97.80725036255369,93.65854987615785,88.30056629762048,74.8806610737053,76.99973338842314,0.0,0.0,0.0,0.0,0.0,0.0
216,216,0.0,0.0,0.0,0.0,0.0,0.0,0.0,0.0,0.0,0.0,0.0,67.91493808357164,75.88016245942782,0.0,89.39502727970526,97.66390166843237,93.8499388535654,88.72145626591755,75.02273913647292,77.46643898576009,0.0,0.0,0.0,0.0,0.0,0.0
217,217,0.0,0.0,0.0,0.0,0.0,0.0,0.0,0.0,0.0,0.0,0.0,67.49274721404512,75.45480814328867,0.0,88.96387914863588,97.50622294687074,94.02905861205203,89.13698683558125,75.15873867238237,77.93411538446892,67.09367214417881,0.0,0.0,0.0,0.0,0.0
218,218,0.0,0.0,0.0,0.0,0.0,0.0,0.0,0.0,0.0,0.0,0.0,67.07347235784063,75.02970494227488,0.0,88.52772260723398,97.33444102876751,94.19568339717587,89.54680463929783,75.28855837211763,78.40261094949481,67.22258214313078,0.0,0.0,0.0,0.0,0.0
219,219,0.0,0.0,0.0,0.0,0.0,0.0,0.0,0.0,0.0,0.0,0.0,0.0,74.60499410917271,0.0,88.08690654199434,97.14877186288952,94.34960581699627,89.9505690957852,75.41209280897705,78.87176803884721,67.34728238409379,67.07314517029529,0.0,0.0,0.0,0.0
220,220,0.0,0.0,0.0,0.0,0.0,0.0,0.0,0.0,0.0,0.0,0.0,0.0,74.18082452660832,0.0,87.64175555997305,96.94947379020553,94.49063748108576,90.3479350312106,75.52924543880603,79.34140860572981,67.46769734818982,67.49406205649498,0.0,0.0,0.0,0.0
221,221,0.0,0.0,0.0,0.0,0.0,0.0,0.0,0.0,0.0,0.0,0.0,0.0,73.75732732948688,0.0,87.19260519515339,96.736782512628,94.61858924113527,90.73853433551295,75.63992884001786,79.81136221760949,67.58374739898572,67.91797299427034,0.0,0.0,0.0,0.0
222,222,0.0,0.0,0.0,0.0,0.0,0.0,0.0,0.0,0.0,0.0,0.0,0.0,73.334635023105,0.0,86.739766604973,96.51099589257976,94.73331226952487,91.12201330774876,75.744045377569,80.28143752671866,67.69536439837707,68.3448432262494,0.0,0.0,0.0,0.0
223,223,0.0,0.0,0.0,0.0,0.0,0.0,0.0,0.0,0.0,0.0,0.0,0.0,72.91286308016579,0.0,86.28356957872734,96.27239837518448,94.83463748920987,91.4980338840094,75.8415133001883,80.75143615970396,67.80247628512082,68.77462991433808,0.0,0.0,0.0,0.0
224,224,0.0,0.0,0.0,0.0,0.0,0.0,0.0,0.0,0.0,0.0,0.0,0.0,72.49213460339553,0.0,85.82430243860003,96.02127133036161,94.92245752085192,91.86620772536348,75.9322539333339,81.22117513565091,67.9050123081693,69.20729803540928,0.0,0.0,0.0,0.0
225,225,0.0,0.0,0.0,0.0,0.0,0.0,0.0,0.0,0.0,0.0,0.0,0.0,72.0725620002167,0.0,85.36227166077343,95.75795522815041,94.99664543095821,92.22618177633704,76.01619179438035,81.69042744144838,68.00291361574429,69.6428044302637,0.0,0.0,0.0,0.0
226,226,0.0,0.0,0.0,0.0,0.0,0.0,0.0,0.0,0.0,0.0,0.0,0.0,71.65425324583589,0.0,84.89775946130057,95.48274393535384,95.05711636460107,92.57761107261892,76.09326786429976,82.15898117635042,68.09611767009133,70.08110294914023,0.0,0.0,0.0,0.0
227,227,0.0,0.0,0.0,0.0,0.0,0.0,0.0,0.0,0.0,0.0,0.0,0.0,71.23730620012276,0.0,84.43105700487541,95.19598852758526,95.10376631448374,92.92011056226065,76.16340026653728,82.62660978700926,68.18455824309468,70.52214435402117,0.0,0.0,0.0,0.0
228,228,0.0,0.0,0.0,0.0,0.0,0.0,0.0,0.0,0.0,0.0,0.0,0.0,70.82182042821609,0.0,83.96243139172118,94.89801321303861,95.13656475486496,93.25333327681616,76.2265435550241,83.09307945124198,68.26817601397636,70.96586477389953,0.0,0.0,0.0,0.0
229,229,0.0,0.0,0.0,0.0,0.0,0.0,0.0,0.0,0.0,0.0,0.0,0.0,70.40788568319651,0.0,83.49214234575348,94.58917663346372,95.15544182077343,93.57693252050424,76.28264279482266,83.55814113140951,68.3469240156179,71.4122080630388,0.0,0.0,0.0,0.0
230,230,0.0,0.0,0.0,0.0,0.0,0.0,0.0,0.0,0.0,0.0,0.0,0.0,69.99559345922995,0.0,83.02045784461721,94.26981972075352,95.16039121734471,93.89054240566348,76.33164677981503,84.02155420206591,68.4207412189948,71.86111467694673,0.0,0.0,0.0,0.0
231,231,0.0,0.0,0.0,0.0,0.0,0.0,0.0,0.0,0.0,0.0,0.0,0.0,69.58502024291498,0.0,82.54761449588642,93.94031587431213,95.15139830926778,94.19381812393958,76.37351474125998,84.48305490726544,68.48958440753668,72.3125096861785,0.0,0.0,0.0,0.0
232,232,0.0,0.0,0.0,0.0,0.0,0.0,0.0,0.0,0.0,0.0,0.0,0.0,69.17624456317954,0.0,82.07384949017684,93.60101948528586,95.12847100008563,94.48640678824705,76.40820981902803,84.94238010865675,68.55340703811343,72.76631395952275,0.0,0.0,0.0,0.0
233,233,0.0,0.0,0.0,0.0,0.0,0.0,0.0,0.0,0.0,0.0,0.0,0.0,68.76934137726235,0.0,81.5994077366624,93.25230555728638,95.09164998060346,94.76799878524658,76.43571239777701,85.39924291630264,68.6121592441435,73.22246232163465,0.0,0.0,0.0,0.0
234,234,0.0,0.0,0.0,0.0,0.0,0.0,0.0,0.0,0.0,0.0,0.0,0.0,68.36438215689626,0.0,81.12449614082475,92.89452913504954,95.04097778157941,95.03823723077583,76.45598698163059,85.85336537875237,68.66581463835003,73.68085522708314,0.0,0.0,0.0,0.0
235,235,0.0,0.0,0.0,0.0,0.0,0.0,0.0,0.0,0.0,0.0,0.0,0.0,67.96142972622124,0.0,80.6493297490816,92.52807412171668,94.97651921418155,95.29681003674666,76.46902205158044,86.30446252915227,68.71432223550178,74.14140670344474,0.0,0.0,0.0,0.0
236,236,0.0,0.0,0.0,0.0,0.0,0.0,0.0,0.0,0.0,0.0,0.0,0.0,67.56054384395235,0.0,80.17412361938793,92.15329365296284,94.8983611592223,95.54341020271163,76.47480355100322,86.75222539174544,68.75766003306306,74.60401376376232,0.0,0.0,0.0,0.0
237,237,0.0,0.0,0.0,0.0,0.0,0.0,0.0,0.0,0.0,0.0,0.0,0.0,67.16178128308003,0.0,79.69906358128648,91.77057772707222,94.80661228717398,95.77773644339607,76.4733348344122,87.19635479602245,68.79579219918259,75.06858752395904,0.0,0.0,0.0,0.0
238,238,0.0,0.0,0.0,0.0,0.0,0.0,0.0,0.0,0.0,0.0,0.0,0.0,0.0,0.0,79.22435039633783,91.38029415109006,94.7013721367901,95.99948334823507,76.46460344891855,87.63653622964118,68.82869593476605,75.535008888668,0.0,0.0,0.0,0.0
239,239,0.0,0.0,0.0,0.0,0.0,0.0,0.0,0.0,0.0,0.0,0.0,0.0,0.0,0.0,78.7501492225839,90.98280766120733,94.5828022455247,96.20838386095615,76.44862765157288,88.07243958155583,68.85634539782575,76.00316622281106,0.0,0.0,0.0,0.0
240,240,0.0,0.0,0.0,0.0,0.0,0.0,0.0,0.0,0.0,0.0,0.0,0.0,0.0,0.0,78.27664710521395,90.57847945906532,94.4510339543954,96.404178902055,76.42542316018603,88.5037545203544,68.8787224938105,76.47293609756348,0.0,0.0,0.0,0.0
241,241,0.0,0.0,0.0,0.0,0.0,0.0,0.0,0.0,0.0,0.0,0.0,0.0,0.0,0.0,77.80400322815882,90.1676760152445,94.3062393650961,96.58659674382434,76.3949965097036,88.93013810041991,68.89581152611268,76.94419622169022,0.0,0.0,0.0,0.0
242,242,0.0,0.0,0.0,0.0,0.0,0.0,0.0,0.0,0.0,0.0,0.0,0.0,0.0,0.0,77.33237066248884,89.75076823597925,94.14860029917858,96.7554170389368,76.35738483939743,89.35124094658704,68.90759921617605,77.4167984951582,0.0,0.0,0.0,0.0
243,243,0.0,0.0,0.0,0.0,0.0,0.0,0.0,0.0,0.0,0.0,0.0,0.0,0.0,0.0,76.8619098926868,89.32809437594378,93.97832795681182,96.91040808972846,76.31261601902405,89.76673501859497,68.91408551439235,77.89060211825262,0.0,0.0,0.0,0.0
244,244,0.0,0.0,0.0,0.0,0.0,0.0,0.0,0.0,0.0,0.0,0.0,0.0,0.0,0.0,76.39274831419435,88.90001486044567,93.79561211336222,97.05136984148534,76.26072849794096,90.17626898761254,68.91525663180128,78.36547430925955,0.0,0.0,0.0,0.0
245,245,0.0,0.0,0.0,0.0,0.0,0.0,0.0,0.0,0.0,0.0,0.0,0.0,0.0,0.0,75.9250409326563,88.46687508658192,93.60070089906665,97.17811323613387,76.20176460772673,90.57948638137422,68.91111202644558,78.84123453905472,0.0,0.0,0.0,0.0
246,246,0.0,0.0,0.0,0.0,0.0,0.0,0.0,0.0,0.0,0.0,0.0,0.0,0.0,0.0,75.45889728140459,88.02900555733115,93.39381007052718,97.29046067033127,76.1357770841347,90.97601655101856,68.90165901101378,79.31773051422495,0.0,0.0,0.0,0.0
247,247,0.0,0.0,0.0,0.0,0.0,0.0,0.0,0.0,0.0,0.0,0.0,0.0,0.0,0.0,74.99445424532954,87.58674820462095,93.17519244383071,97.38826798949447,76.06282235942726,91.36552209893183,68.88690734656166,79.79478956345811,0.0,0.0,0.0,0.0
248,248,0.0,0.0,0.0,0.0,0.0,0.0,0.0,0.0,0.0,0.0,0.0,0.0,0.0,0.0,74.53181737875325,87.14043800547024,92.94511707018403,97.47139270005725,75.98295391504328,91.747624388145,68.86685845043307,80.27222500742518,0.0,0.0,0.0,0.0
249,249,0.0,0.0,0.0,0.0,0.0,0.0,0.0,0.0,0.0,0.0,0.0,0.0,0.0,0.0,74.0711062418711,86.69037714156016,92.70383915041145,97.53973746736298,75.8962484484392,92.12196026319243,68.84152696139289,80.74985045219458,0.0,0.0,0.0,0.0
250,250,0.0,0.0,0.0,0.0,0.0,0.0,0.0,0.0,0.0,0.0,0.0,0.0,0.0,0.0,73.61241024932356,86.23687839747578,92.45164857573508,97.59319651210787,75.80276637027498,92.48816387977759,68.810940689348,81.22747264503327,66.98294796825495,0.0,0.0,0.0
251,251,0.0,0.0,0.0,0.0,0.0,0.0,0.0,0.0,0.0,0.0,0.0,0.0,0.0,0.0,73.15583897901051,85.78026410573587,92.18882996136973,97.63168822829218,75.70259101580575,92.84587700474559,68.77510828758031,81.70488381658369,67.35430307507602,0.0,0.0,0.0
252,252,0.0,0.0,0.0,0.0,0.0,0.0,0.0,0.0,0.0,0.0,0.0,0.0,0.0,0.0,72.70147872329264,85.32081547696323,91.9156719667541,97.65517712818095,75.59580230254505,93.19473017689843,68.73406228930666,82.18186117447779,67.72688487191499,0.0,0.0,0.0
253,253,0.0,0.0,0.0,0.0,0.0,0.0,0.0,0.0,0.0,0.0,0.0,0.0,0.0,0.0,72.24941746854626,84.85883154789066,91.63247629894762,97.66361985767746,75.48248317469717,93.53435282943542,68.68782678428728,82.65818969359454,68.10061804406358,0.0,0.0,0.0
254,254,0.0,0.0,0.0,0.0,0.0,0.0,0.0,0.0,0.0,0.0,0.0,0.0,0.0,0.0,71.79972706312844,84.3945791827344,91.3395568785952,97.65700861046285,75.36272593830876,93.8643838848506,68.63643886700582,83.13363940368241,68.47541891977382,0.0,0.0,0.0
255,255,0.0,0.0,0.0,0.0,0.0,0.0,0.0,0.0,0.0,0.0,0.0,0.0,0.0,0.0,71.3524929912392,83.92835036729144,91.0372295715819,97.63534949960219,75.23663203216708,94.18446262466196,68.57992713850332,83.60797285629158,68.85120589366323,0.0,0.0,0.0
256,256,0.0,0.0,0.0,0.0,0.0,0.0,0.0,0.0,0.0,0.0,0.0,0.0,0.0,0.0,70.90777911517728,83.4603970457675,90.72579294085286,97.59868419228494,75.10429255170247,94.4942495953928,68.51833309222147,84.08093707439997,69.22788332364011,0.0,0.0,0.0
257,257,0.0,0.0,0.0,0.0,0.0,0.0,0.0,0.0,0.0,0.0,0.0,0.0,0.0,0.0,70.46565143813189,82.99097982357249,90.40557481867775,97.54703568414668,74.9658138850999,94.7933768298488,68.45170032467885,84.55227122293233,69.60536840895496,67.32509590383405,0.0,0.0
258,258,0.0,0.0,0.0,0.0,0.0,0.0,0.0,0.0,0.0,0.0,0.0,0.0,0.0,0.0,70.02617785423718,82.52034384351818,90.07691237635281,97.48050556048743,74.82130461827701,95.08150916396666,68.3800638545469,85.02171483581581,69.98355306976096,67.69065187482337,0.0,0.0
259,259,0.0,0.0,0.0,0.0,0.0,0.0,0.0,0.0,0.0,0.0,0.0,0.0,0.0,0.0,69.58940589863529,82.04872687414675,89.74010551600816,97.39916557692126,74.67087538873403,95.35830449467034,68.30348729663801,85.4889916894014,70.36233644854582,68.05713055824712,0.0,0.0
260,260,0.0,0.0,0.0,0.0,0.0,0.0,0.0,0.0,0.0,0.0,0.0,0.0,0.0,0.0,69.15539106352033,81.57636688155242,89.39549950548034,97.30314385352074,74.51463242990269,95.62343491331139,68.2220096141867,85.95382619061921,70.74161977086789,68.42444929981572,0.0,0.0
261,261,0.0,0.0,0.0,0.0,0.0,0.0,0.0,0.0,0.0,0.0,0.0,0.0,0.0,0.0,68.7241747437096,81.10347919179647,89.04341068642351,97.19255977701376,74.35269640898444,95.87658765636871,68.13568757619292,86.41591844065618,71.12128360985774,68.79252237789484,0.0,0.0
262,262,0.0,0.0,0.0,0.0,0.0,0.0,0.0,0.0,0.0,0.0,0.0,0.0,0.0,0.0,68.29581151101068,80.63027956533683,88.68416284266604,97.06755604079528,74.18519575407777,96.11743453392383,68.04457445425739,86.8749691495138,71.50122177712711,69.16124464776453,0.0,0.0
263,263,0.0,0.0,0.0,0.0,0.0,0.0,0.0,0.0,0.0,0.0,0.0,0.0,0.0,0.0,67.8703368065464,80.1569765079941,88.31808642005045,96.92831952508648,74.01224145652728,96.3457059102069,67.94874101406856,87.33067153416073,71.88130697206202,69.53052907754875,0.0,0.0
264,264,0.0,0.0,0.0,0.0,0.0,0.0,0.0,0.0,0.0,0.0,0.0,0.0,0.0,0.0,67.44778353553617,79.68376411613727,87.94550896264674,96.77502720422996,73.8339583349939,96.56108662824266,67.84823860190069,87.78272021093389,72.26141948033201,69.90026899688745,0.0,0.0
265,265,0.0,0.0,0.0,0.0,0.0,0.0,0.0,0.0,0.0,0.0,0.0,0.0,0.0,0.0,67.02819236238122,79.21083683458734,87.56674601076254,96.60788845126248,73.65047843099708,96.76331122291673,67.74313067334286,88.2307852650177,72.64142976824328,70.27036523022329,0.0,0.0
266,266,0.0,0.0,0.0,0.0,0.0,0.0,0.0,0.0,0.0,0.0,0.0,0.0,0.0,0.0,0.0,78.73837501710099,87.18211839272236,96.42711249888232,73.46193457162884,96.95212272816663,67.63349256665646,88.6745294103184,73.02120419599754,70.64069828972448,67.40633889210942,0.0
267,267,0.0,0.0,0.0,0.0,0.0,0.0,0.0,0.0,0.0,0.0,0.0,0.0,0.0,0.0,0.0,78.2665454365312,86.79194294613278,96.23293970415808,73.26844801691036,97.12726254095072,67.51939053315229,89.11362625319835,73.40059886547697,71.01115609470597,67.82967844415982,0.0
268,268,0.0,0.0,0.0,0.0,0.0,0.0,0.0,0.0,0.0,0.0,0.0,0.0,0.0,0.0,0.0,77.79552242566439,86.3965322002821,96.0256196353187,73.07015291008942,97.28851384166802,67.4008921580364,89.54773408108404,73.77947165011226,71.38162294718012,68.25598133757369,0.0
269,269,0.0,0.0,0.0,0.0,0.0,0.0,0.0,0.0,0.0,0.0,0.0,0.0,0.0,0.0,0.0,77.32545996127226,85.9961856782734,95.80543136232167,72.86718374213893,97.43565952481735,67.27807143126911,89.97649568542253,74.15768249152285,71.75197364810924,68.68521588973151,0.0
270,270,0.0,0.0,0.0,0.0,0.0,0.0,0.0,0.0,0.0,0.0,0.0,0.0,0.0,0.0,0.0,76.8565127335521,85.59122332034033,95.57263047483198,72.65968120895141,97.56850417726245,67.15100857762565,90.39955679562746,74.53506845326098,72.12208498718972,69.11733704723825,0.0
271,271,0.0,0.0,0.0,0.0,0.0,0.0,0.0,0.0,0.0,0.0,0.0,0.0,0.0,0.0,0.0,76.38882257914706,85.1819263311854,95.32751120558645,72.44776804068798,97.68685302580032,0.0,90.8165668406836,74.91147464174226,72.49181810385953,69.55230210611484,0.0
272,272,0.0,0.0,0.0,0.0,0.0,0.0,0.0,0.0,0.0,0.0,0.0,0.0,0.0,0.0,0.0,75.92252554900828,84.768603866874,95.07038449488458,72.23159089668543,97.79056661076676,0.0,91.22714189925786,75.28673552094912,72.86103595476852,69.99007095402511,0.0
273,273,0.0,0.0,0.0,0.0,0.0,0.0,0.0,0.0,0.0,0.0,0.0,0.0,0.0,0.0,0.0,75.45774554893623,84.35152655175177,94.80155664156004,72.0112782754739,97.87948543864692,0.0,91.6309306037312,75.66068760948768,73.22960359983416,70.4305894135941,0.0
274,274,0.0,0.0,0.0,0.0,0.0,0.0,0.0,0.0,0.0,0.0,0.0,0.0,0.0,0.0,0.0,74.99462041430267,83.93099994344195,94.52133910529324,71.78697606418278,97.95349546492012,0.0,92.02755848900371,76.03315667720591,73.59737003143528,70.8738055649629,0.0
275,275,0.0,0.0,0.0,0.0,0.0,0.0,0.0,0.0,0.0,0.0,0.0,0.0,0.0,0.0,0.0,74.53325665442232,83.50727519177255,94.23007815528346,71.55881195132993,98.0124850085449,0.0,92.41664701062604,76.40397071435802,73.96418620483877,71.31965843718854,0.0
276,276,0.0,0.0,0.0,0.0,0.0,0.0,0.0,0.0,0.0,0.0,0.0,0.0,0.0,0.0,0.0,74.07376231581517,83.08063759480044,93.92809313482769,71.32692477124928,98.05638866343348,0.0,92.79781402094827,76.77293349291635,74.32989906675434,71.76807754279804,0.0
277,277,0.0,0.0,0.0,0.0,0.0,0.0,0.0,0.0,0.0,0.0,0.0,0.0,0.0,0.0,0.0,73.61624670410443,82.65134235641794,93.6157365499984,71.09145252924807,98.08513299117969,0.0,93.1706841406873,77.13986421630719,74.69433888210415,72.21900610562457,0.0
278,278,0.0,0.0,0.0,0.0,0.0,0.0,0.0,0.0,0.0,0.0,0.0,0.0,0.0,0.0,0.0,73.16081403709934,82.21965410378381,93.29335289101259,70.85253228963259,98.09869129657262,0.0,93.53488968303789,77.50457805450827,75.05735704110934,72.67236005058326,0.0
279,279,0.0,0.0,0.0,0.0,0.0,0.0,0.0,0.0,0.0,0.0,0.0,0.0,0.0,0.0,0.0,72.70753954050818,81.78582318964524,92.96128817302123,70.6102944032034,98.09701817392178,0.0,93.89004153140634,77.86687242397804,75.41877560703115,73.12806893783058,0.0
280,280,0.0,0.0,0.0,0.0,0.0,0.0,0.0,0.0,0.0,0.0,0.0,0.0,0.0,0.0,0.0,72.25653038920817,81.35007850744793,92.61990883885473,70.36487948135327,98.08013704470059,0.0,94.23575923663037,78.22654728110301,75.77841873690292,73.58604621253875,0.0
281,281,0.0,0.0,0.0,0.0,0.0,0.0,0.0,0.0,0.0,0.0,0.0,0.0,0.0,0.0,0.0,71.8078474226858,80.91266544341427,92.26957142461701,70.11641555959751,98.04807453079817,0.0,94.57168216478019,78.58339850695116,76.13611961538109,74.04619455991023,0.0
282,282,0.0,0.0,0.0,0.0,0.0,0.0,0.0,0.0,0.0,0.0,0.0,0.0,0.0,0.0,0.0,71.36158305940891,80.47380783311927,91.91063195034988,69.86503504287252,98.00086040300849,0.0,94.89742989721961,78.93721092049668,76.49168122543846,74.50842432039639,0.0
283,283,0.0,0.0,0.0,0.0,0.0,0.0,0.0,0.0,0.0,0.0,0.0,0.0,0.0,0.0,0.0,70.9178020767956,80.03373785840449,91.54344537488184,69.61087992740218,97.938571147475,0.0,95.21264337347051,79.28777950068522,76.84492885469444,74.97264137561166,0.0
284,284,0.0,0.0,0.0,0.0,0.0,0.0,0.0,0.0,0.0,0.0,0.0,0.0,0.0,0.0,0.0,70.47657138527867,79.59265924139513,91.16839340985123,69.35406305261594,97.86128607522865,0.0,95.51694476027147,79.63488851522831,77.19567076151688,75.4387211696568,0.0
285,285,0.0,0.0,0.0,0.0,0.0,0.0,0.0,0.0,0.0,0.0,0.0,0.0,0.0,0.0,0.0,70.03795420409187,79.15077692333914,90.78580790857869,69.0947287160362,97.76911977905957,0.0,95.80998962856863,79.97831133611676,77.54371130194305,75.9065659179519,0.0
286,286,0.0,0.0,0.0,0.0,0.0,0.0,0.0,0.0,0.0,0.0,0.0,0.0,0.0,0.0,0.0,69.60200466428343,78.70830371709803,90.39607450937531,68.83299215374288,97.66219998976767,0.0,96.09143711732678,80.3178249348878,77.88884412247242,76.37604684004087,0.0
287,287,0.0,0.0,0.0,0.0,0.0,0.0,0.0,0.0,0.0,0.0,0.0,0.0,0.0,0.0,0.0,69.16877913096188,78.2654177759085,89.99953772964712,68.56898324119507,97.54065644196734,0.0,96.36092949752593,80.65321035062975,78.23087977291709,76.84703597489198,0.0
288,288,0.0,0.0,0.0,0.0,0.0,0.0,0.0,0.0,0.0,0.0,0.0,0.0,0.0,0.0,0.0,68.73831985580576,77.82231238212242,89.5965568857703,68.30282991043016,97.4046745831578,0.0,96.61814532686577,80.98423080579401,78.56960463417813,77.3194064681198,0.0
289,289,0.0,0.0,0.0,0.0,0.0,0.0,0.0,0.0,0.0,0.0,0.0,0.0,0.0,0.0,0.0,68.31068226147792,77.37916078958752,89.18747775380527,68.03464757202124,97.25441932922742,0.0,96.86276901157488,81.31065382081533,78.90481550709166,77.79300536568414,0.0
290,290,0.0,0.0,0.0,0.0,0.0,0.0,0.0,0.0,0.0,0.0,0.0,0.0,0.0,0.0,0.0,67.88589738367752,76.93614396221315,88.77264156310868,67.76455513339607,97.09011010349474,0.0,97.09448076354218,81.63224414274734,79.23629894090782,78.26769401316179,0.0
291,291,0.0,0.0,0.0,0.0,0.0,0.0,0.0,0.0,0.0,0.0,0.0,0.0,0.0,0.0,0.0,67.46400948421311,76.49342326062431,88.35241126280395,67.49267474390365,96.91195559846602,0.0,97.31298931569727,81.9487715879139,79.56383107803025,78.74330693076217,0.0
292,292,0.0,0.0,0.0,0.0,0.0,0.0,0.0,0.0,0.0,0.0,0.0,0.0,0.0,0.0,0.0,67.04504451790956,76.05114785380204,87.92710842711392,67.21912127345402,96.72018553569409,0.0,97.51801146590182,82.25999617864926,79.8872065268574,79.21969322353844,0.0
293,293,0.0,0.0,0.0,0.0,0.0,0.0,0.0,0.0,0.0,0.0,0.0,0.0,0.0,0.0,0.0,0.0,75.60948115399314,87.4970668596905,0.0,96.51506051713648,0.0,97.70928356999522,82.56568358146666,80.20620285606998,79.69666723933553,67.28677032754358
294,294,0.0,0.0,0.0,0.0,0.0,0.0,0.0,0.0,0.0,0.0,0.0,0.0,0.0,0.0,0.0,0.0,75.16855480680273,87.06262285846972,0.0,96.29683938453188,0.0,97.88652971228812,82.86558223241386,80.52058755872741,80.17406518406598,67.70593220912762
295,295,0.0,0.0,0.0,0.0,0.0,0.0,0.0,0.0,0.0,0.0,0.0,0.0,0.0,0.0,0.0,0.0,74.7285210486891,86.62408043124617,0.0,96.06578934584547,0.0,98.04953841508492,83.15945447397866,80.83014766106486,80.65168763198122,68.12794924343913
296,296,0.0,0.0,0.0,0.0,0.0,0.0,0.0,0.0,0.0,0.0,0.0,0.0,0.0,0.0,0.0,0.0,74.28950739218587,86.18176301836738,0.0,95.82222711980272,0.0,98.19807645590645,83.447069476418,81.13466085619564,81.12933509531499,68.55278755498927
297,297,0.0,0.0,0.0,0.0,0.0,0.0,0.0,0.0,0.0,0.0,0.0,0.0,0.0,0.0,0.0,0.0,73.85163642637974,85.73597858704964,0.0,95.5664238229719,0.0,98.33194383592242,83.72817988923333,81.43388789810992,81.6068235174544,68.98039992484273
298,298,0.0,0.0,0.0,0.0,0.0,0.0,0.0,0.0,0.0,0.0,0.0,0.0,0.0,0.0,0.0,0.0,73.41502590340734,85.28701989707407,0.0,95.29870892991137,0.0,98.45096358880613,84.00254565896323,81.72760264336786,82.08391662661965,69.41074145421655
299,299,0.0,0.0,0.0,0.0,0.0,0.0,0.0,0.0,0.0,0.0,0.0,0.0,0.0,0.0,0.0,0.0,72.97980093266527,84.83518114962274,0.0,95.01940663403902,0.0,98.55494925596052,84.26994267345627,82.0155851979763,82.56040841883497,69.84376980477634
